{
"type": "FeatureCollection",
"name": "Sousa teuszii",
"features": [
{ "type": "Feature", "properties": { "ASSESSMENT": 123792572.0, "ID_NO": 20425.0, "SCI_NAME": "Sousa teuszii", "PRESENCE": 1, "ORIGIN": 1, "SEASONAL": 1, "COMPILER": "IUCN SSC Cetacean Specialist Group", "YRCOMPILED": 2017, "CITATION": "IUCN SSC Cetacean Specialist Group", "LEGEND": "Extant (resident)", "SUBSPECIES": null, "SUBPOP": null, "DIST_COMM": null, "ISLAND": null, "TAX_COMM": null }, "geometry": { "type": "MultiPolygon", "coordinates": [ [ [ [ -15.7661839, 23.9124794 ], [ -15.7668753, 23.9163837 ], [ -15.7718487, 23.9104748 ], [ -15.7823439, 23.8980083 ], [ -15.7850981, 23.8971252 ], [ -15.7905674, 23.8981056 ], [ -15.795989, 23.8848801 ], [ -15.8044157, 23.8705444 ], [ -15.8074217, 23.8694344 ], [ -15.8086519, 23.870594 ], [ -15.8090601, 23.8770161 ], [ -15.8112736, 23.8791046 ], [ -15.8202791, 23.876688 ], [ -15.8235741, 23.8728313 ], [ -15.832613, 23.8678951 ], [ -15.8467503, 23.8547688 ], [ -15.8490753, 23.8488388 ], [ -15.8526106, 23.8454418 ], [ -15.8554029, 23.8407211 ], [ -15.8623037, 23.8290539 ], [ -15.8726072, 23.8225269 ], [ -15.8827457, 23.8098106 ], [ -15.8861074, 23.8006802 ], [ -15.8914318, 23.7938671 ], [ -15.895278, 23.7856598 ], [ -15.8979759, 23.7703381 ], [ -15.9052935, 23.7633152 ], [ -15.9038591, 23.7587147 ], [ -15.9083757, 23.7376823 ], [ -15.9119301, 23.7314911 ], [ -15.9185724, 23.7199192 ], [ -15.9183569, 23.7173977 ], [ -15.9158831, 23.7162228 ], [ -15.915163, 23.7141514 ], [ -15.9212351, 23.7068863 ], [ -15.9231243, 23.6959057 ], [ -15.9296532, 23.6916237 ], [ -15.9375477, 23.6781902 ], [ -15.9445724, 23.673912 ], [ -15.9565773, 23.6694603 ], [ -15.965889, 23.661541 ], [ -15.9732332, 23.6517639 ], [ -15.9771109, 23.6405754 ], [ -15.982728, 23.6348038 ], [ -15.9841728, 23.6333179 ], [ -15.9812784, 23.6261806 ], [ -15.9830465, 23.6241379 ], [ -15.9906769, 23.6306381 ], [ -15.9973822, 23.6316261 ], [ -16.0025177, 23.6385574 ], [ -16.0046787, 23.6447697 ], [ -16.0013199, 23.6543598 ], [ -15.9884653, 23.667057 ], [ -15.9808102, 23.6816425 ], [ -15.969492, 23.6906872 ], [ -15.9596481, 23.7011223 ], [ -15.9573126, 23.7084312 ], [ -15.9571924, 23.7126026 ], [ -15.9568558, 23.7242393 ], [ -15.9248238, 23.7552834 ], [ -15.9217682, 23.7602901 ], [ -15.9241056, 23.7717762 ], [ -15.9167042, 23.7852135 ], [ -15.9133167, 23.7964039 ], [ -15.9025297, 23.8205738 ], [ -15.9014788, 23.8214703 ], [ -15.9009389, 23.8221787 ], [ -15.9550768, 23.8306181 ], [ -16.0444015, 23.8107947 ], [ -16.1572082, 23.8106582 ], [ -16.1673539, 23.8006303 ], [ -16.1771312, 23.7941772 ], [ -16.1837471, 23.7924442 ], [ -16.1887996, 23.7886768 ], [ -16.1925843, 23.7837212 ], [ -16.1942225, 23.7769941 ], [ -16.2005476, 23.7675536 ], [ -16.2171495, 23.7674167 ], [ -16.2341955, 23.7502468 ], [ -16.2342807, 23.7166507 ], [ -16.2342804, 23.6842536 ], [ -16.2504488, 23.6841171 ], [ -16.267422, 23.6672614 ], [ -16.2839539, 23.6506298 ], [ -16.2937287, 23.6441784 ], [ -16.3002603, 23.6425212 ], [ -16.3071336, 23.6407527 ], [ -16.3172736, 23.6340828 ], [ -16.3271337, 23.6274765 ], [ -16.3336623, 23.6257867 ], [ -16.3395992, 23.6228501 ], [ -16.3426269, 23.6169349 ], [ -16.3442208, 23.6103938 ], [ -16.35092, 23.6002109 ], [ -16.3509793, 23.5342536 ], [ -16.3671541, 23.5341114 ], [ -16.3676154, 23.5336168 ], [ -16.3676792, 23.5166507 ], [ -16.3676789, 23.4842536 ], [ -16.3837539, 23.4841114 ], [ -16.3842151, 23.4836168 ], [ -16.3842788, 23.4675536 ], [ -16.4004538, 23.4674114 ], [ -16.4009149, 23.4669168 ], [ -16.4009786, 23.4342536 ], [ -16.4171083, 23.4341181 ], [ -16.4175947, 23.433188 ], [ -16.4092785, 23.4245977 ], [ -16.4092784, 23.4169376 ], [ -16.4126214, 23.4125732 ], [ -16.4169244, 23.4093459 ], [ -16.422871, 23.4108776 ], [ -16.4329306, 23.4174658 ], [ -16.5004537, 23.4174114 ], [ -16.5009146, 23.4169168 ], [ -16.5009779, 23.3503053 ], [ -16.5174194, 23.3339622 ], [ -16.5258368, 23.325396 ], [ -16.5287596, 23.3167941 ], [ -16.5287777, 23.3113459 ], [ -16.5342446, 23.3001425 ], [ -16.5342772, 23.2503055 ], [ -16.5504257, 23.2342536 ], [ -16.567153, 23.2341114 ], [ -16.5676134, 23.2336168 ], [ -16.567677, 23.2170025 ], [ -16.5833022, 23.2012831 ], [ -16.599553, 23.2174174 ], [ -16.6332285, 23.2175536 ], [ -16.6480478, 23.2195439 ], [ -16.6507619, 23.2189205 ], [ -16.6562109, 23.2173197 ], [ -16.6565049, 23.2165043 ], [ -16.6539105, 23.213257 ], [ -16.6508513, 23.1995408 ], [ -16.633808, 23.1825979 ], [ -16.6331245, 23.1824943 ], [ -16.6228723, 23.1891235 ], [ -16.6166981, 23.1907138 ], [ -16.6104261, 23.1891224 ], [ -16.6009767, 23.1828859 ], [ -16.6009766, 23.1666507 ], [ -16.6009126, 23.1163845 ], [ -16.6004526, 23.1158899 ], [ -16.5842762, 23.1157477 ], [ -16.5842124, 23.0996845 ], [ -16.5837526, 23.0991899 ], [ -16.5509761, 23.0990477 ], [ -16.5509757, 23.0342537 ], [ -16.5671524, 23.0341115 ], [ -16.567612, 23.0336168 ], [ -16.5674846, 22.9994869 ], [ -16.5571308, 22.9925483 ], [ -16.5503654, 22.9908071 ], [ -16.5451522, 22.9882005 ], [ -16.5426753, 22.9831551 ], [ -16.5426354, 22.9664349 ], [ -16.5397835, 22.9607684 ], [ -16.534275, 22.9497518 ], [ -16.5341899, 22.9330544 ], [ -16.5176748, 22.9162983 ], [ -16.5176404, 22.8164572 ], [ -16.511983, 22.8051695 ], [ -16.5093753, 22.7999541 ], [ -16.5119815, 22.7948347 ], [ -16.5175591, 22.783779 ], [ -16.5240286, 22.7739766 ], [ -16.5340839, 22.7671141 ], [ -16.5342736, 22.7501141 ], [ -16.5390375, 22.738282 ], [ -16.539862, 22.7334891 ], [ -16.5409688, 22.7267187 ], [ -16.5409734, 22.7234555 ], [ -16.5426255, 22.7169441 ], [ -16.5452844, 22.7115278 ], [ -16.5509398, 22.7001437 ], [ -16.5509445, 22.6831682 ], [ -16.5461464, 22.671221 ], [ -16.545373, 22.6665812 ], [ -16.5453729, 22.6500904 ], [ -16.5466615, 22.6463166 ], [ -16.5506656, 22.6423124 ], [ -16.5555073, 22.638663 ], [ -16.5591862, 22.6337042 ], [ -16.5609103, 22.6270019 ], [ -16.5675277, 22.6171251 ], [ -16.5740274, 22.607277 ], [ -16.5840829, 22.6004141 ], [ -16.5842089, 22.5663845 ], [ -16.5837508, 22.5658898 ], [ -16.5509723, 22.5657476 ], [ -16.5509721, 22.5336088 ], [ -16.5575906, 22.5236953 ], [ -16.5592253, 22.5169452 ], [ -16.5620322, 22.5113667 ], [ -16.5620719, 22.5056542 ], [ -16.5634223, 22.5002525 ], [ -16.5647784, 22.4976369 ], [ -16.5674884, 22.4922171 ], [ -16.5720932, 22.4886769 ], [ -16.5756965, 22.4839986 ], [ -16.5805728, 22.48078 ], [ -16.5838246, 22.4785138 ], [ -16.591252, 22.4747896 ], [ -16.6006722, 22.4673014 ], [ -16.6091307, 22.4587967 ], [ -16.6120071, 22.4502805 ], [ -16.6138354, 22.4467201 ], [ -16.6174504, 22.4422258 ], [ -16.6216314, 22.4378965 ], [ -16.6231266, 22.4336217 ], [ -16.6287467, 22.4168457 ], [ -16.6295663, 22.4120213 ], [ -16.6295712, 22.404803 ], [ -16.6301458, 22.4002059 ], [ -16.6314805, 22.3976315 ], [ -16.6341421, 22.3921114 ], [ -16.6378264, 22.3875203 ], [ -16.6397547, 22.3837817 ], [ -16.6441264, 22.3771248 ], [ -16.6507746, 22.3672021 ], [ -16.659088, 22.3588712 ], [ -16.6640411, 22.35057 ], [ -16.6662942, 22.3490968 ], [ -16.6691078, 22.3485522 ], [ -16.6823358, 22.3483166 ], [ -16.6893426, 22.3452539 ], [ -16.6930644, 22.3433437 ], [ -16.7003605, 22.3396956 ], [ -16.704954, 22.3384674 ], [ -16.7088876, 22.3341072 ], [ -16.7157584, 22.3316261 ], [ -16.7200806, 22.3309537 ], [ -16.7300628, 22.3309506 ], [ -16.7333889, 22.3305506 ], [ -16.7372713, 22.3303565 ], [ -16.7487489, 22.3315463 ], [ -16.753894, 22.3305356 ], [ -16.7617445, 22.3291233 ], [ -16.7670094, 22.3275066 ], [ -16.775839, 22.3246966 ], [ -16.7837552, 22.3216457 ], [ -16.7865004, 22.319958 ], [ -16.7895581, 22.3173145 ], [ -16.795615, 22.3121588 ], [ -16.8008119, 22.3060424 ], [ -16.8035458, 22.3015934 ], [ -16.8140912, 22.283885 ], [ -16.816495, 22.2814812 ], [ -16.8244099, 22.2742654 ], [ -16.8315256, 22.2664505 ], [ -16.8340245, 22.263951 ], [ -16.840464, 22.256906 ], [ -16.8452074, 22.2504513 ], [ -16.8475576, 22.2470673 ], [ -16.8509009, 22.2391856 ], [ -16.8528641, 22.2346702 ], [ -16.8650595, 22.2172197 ], [ -16.8667894, 22.2155859 ], [ -16.8748134, 22.2080615 ], [ -16.8822727, 22.1998936 ], [ -16.8841064, 22.1971533 ], [ -16.8898639, 22.1897081 ], [ -16.8951244, 22.1839514 ], [ -16.8979585, 22.1811107 ], [ -16.9008149, 22.1771399 ], [ -16.9048059, 22.1711538 ], [ -16.9079708, 22.1670294 ], [ -16.9103459, 22.1584469 ], [ -16.9120463, 22.1501491 ], [ -16.91323, 22.1459073 ], [ -16.9175945, 22.1337064 ], [ -16.9235561, 22.1231742 ], [ -16.9270327, 22.1171148 ], [ -16.929963, 22.1130124 ], [ -16.9340423, 22.1089299 ], [ -16.9377563, 22.1043162 ], [ -16.9413483, 22.1003554 ], [ -16.9431539, 22.0918094 ], [ -16.9446366, 22.0836053 ], [ -16.9465811, 22.0793274 ], [ -16.9509065, 22.0711627 ], [ -16.9521524, 22.0667043 ], [ -16.9535636, 22.051346 ], [ -16.9541634, 22.046943 ], [ -16.9549643, 22.0374383 ], [ -16.9554548, 22.0335138 ], [ -16.9571453, 22.027246 ], [ -16.9578403, 22.0238741 ], [ -16.9601867, 22.0170301 ], [ -16.9629902, 22.0127765 ], [ -16.9675144, 22.0076323 ], [ -16.9706094, 22.001554 ], [ -16.9721552, 21.9955894 ], [ -16.972758, 21.9886075 ], [ -16.974253, 21.9834852 ], [ -16.9742683, 21.9766927 ], [ -16.9745665, 21.9736926 ], [ -16.9745682, 21.9667742 ], [ -16.9771297, 21.958203 ], [ -16.9797169, 21.9502421 ], [ -16.9809765, 21.9471415 ], [ -16.9841615, 21.9420585 ], [ -16.9872141, 21.9348452 ], [ -16.9890465, 21.928735 ], [ -16.9900472, 21.9226454 ], [ -16.991838, 21.916871 ], [ -16.9938433, 21.9081529 ], [ -16.995946, 21.900139 ], [ -16.9967413, 21.8960675 ], [ -17.0009414, 21.883313 ], [ -16.9961407, 21.8712197 ], [ -16.9953864, 21.8666944 ], [ -16.9965408, 21.8624609 ], [ -16.9990392, 21.8520683 ], [ -16.9997387, 21.849668 ], [ -17.0009458, 21.8446403 ], [ -17.0031215, 21.8347506 ], [ -17.0069584, 21.8276671 ], [ -17.0085246, 21.8249261 ], [ -17.0151425, 21.8161874 ], [ -17.0175743, 21.8104423 ], [ -17.021411, 21.8041303 ], [ -17.0221441, 21.800154 ], [ -17.024624, 21.7923171 ], [ -17.0276435, 21.7835341 ], [ -17.0282628, 21.777334 ], [ -17.0287631, 21.7723302 ], [ -17.0292652, 21.7666882 ], [ -17.0292667, 21.7500547 ], [ -17.0302461, 21.7461348 ], [ -17.0323505, 21.7354151 ], [ -17.0328518, 21.732908 ], [ -17.034252, 21.7251073 ], [ -17.0357527, 21.7175021 ], [ -17.0361545, 21.7149931 ], [ -17.0381587, 21.7039587 ], [ -17.0384571, 21.7001038 ], [ -17.040142, 21.6943492 ], [ -17.0409364, 21.6901877 ], [ -17.0435425, 21.683422 ], [ -17.0413469, 21.6746682 ], [ -17.0398759, 21.6666273 ], [ -17.0406586, 21.6604637 ], [ -17.041159, 21.6569591 ], [ -17.0419442, 21.6501884 ], [ -17.0447477, 21.6442912 ], [ -17.0508503, 21.6358731 ], [ -17.0518409, 21.6334242 ], [ -17.0509128, 21.6296613 ], [ -17.0466104, 21.620642 ], [ -17.0453838, 21.6165849 ], [ -17.0460557, 21.6118817 ], [ -17.0474537, 21.6036929 ], [ -17.0482401, 21.5990729 ], [ -17.050905, 21.5919662 ], [ -17.0539353, 21.5847494 ], [ -17.0542647, 21.5799782 ], [ -17.0542639, 21.5700135 ], [ -17.0539725, 21.5666929 ], [ -17.0546562, 21.5630693 ], [ -17.055456, 21.5546899 ], [ -17.0565098, 21.5502828 ], [ -17.0606217, 21.5436254 ], [ -17.0676042, 21.5336142 ], [ -17.0676652, 21.5166876 ], [ -17.0690605, 21.50074 ], [ -17.0693597, 21.4983452 ], [ -17.0705592, 21.4863506 ], [ -17.0709561, 21.4834729 ], [ -17.0715579, 21.4795571 ], [ -17.0723579, 21.4715625 ], [ -17.0731496, 21.4668124 ], [ -17.0749447, 21.4587341 ], [ -17.076849, 21.4501125 ], [ -17.0779481, 21.443819 ], [ -17.0791459, 21.4386276 ], [ -17.0801528, 21.4334876 ], [ -17.0805626, 21.4296962 ], [ -17.0805645, 21.4203963 ], [ -17.0809583, 21.416754 ], [ -17.0813525, 21.4138959 ], [ -17.0842507, 21.4001005 ], [ -17.0864485, 21.3845222 ], [ -17.0876238, 21.3802126 ], [ -17.0903284, 21.3729889 ], [ -17.0916511, 21.3667956 ], [ -17.0926569, 21.3584612 ], [ -17.0938518, 21.3500966 ], [ -17.0950506, 21.3442995 ], [ -17.0958537, 21.3385832 ], [ -17.0967566, 21.3334568 ], [ -17.0970598, 21.3295367 ], [ -17.0983591, 21.3193384 ], [ -17.0986625, 21.3155881 ], [ -17.0987637, 21.3022667 ], [ -17.098862, 21.2990202 ], [ -17.1009542, 21.2834774 ], [ -17.1035587, 21.2679209 ], [ -17.1035635, 21.2641507 ], [ -17.1035628, 21.2525278 ], [ -17.1033582, 21.2487629 ], [ -17.1009865, 21.233435 ], [ -17.1053235, 21.2214049 ], [ -17.1065497, 21.2167907 ], [ -17.1070617, 21.2106859 ], [ -17.1070631, 21.2060922 ], [ -17.1076596, 21.2000278 ], [ -17.1083592, 21.191732 ], [ -17.1092415, 21.183595 ], [ -17.1119712, 21.1781356 ], [ -17.1175472, 21.1670829 ], [ -17.1240169, 21.1572803 ], [ -17.1340746, 21.1504145 ], [ -17.1340745, 21.1328868 ], [ -17.1237254, 21.1258482 ], [ -17.1174024, 21.124195 ], [ -17.1150573, 21.119054 ], [ -17.1149692, 21.1159716 ], [ -17.1174051, 21.1118215 ], [ -17.1247872, 21.1080502 ], [ -17.1287294, 21.1001436 ], [ -17.1287518, 21.0943413 ], [ -17.1276624, 21.0898484 ], [ -17.1276607, 21.08331 ], [ -17.1268579, 21.0749648 ], [ -17.1259792, 21.0667639 ], [ -17.1282246, 21.0608952 ], [ -17.1295361, 21.0549616 ], [ -17.1309431, 21.0501201 ], [ -17.1312604, 21.0469929 ], [ -17.1312621, 21.03639 ], [ -17.1316602, 21.0320933 ], [ -17.1317615, 21.019316 ], [ -17.1322458, 21.0160226 ], [ -17.134195, 21.0087128 ], [ -17.1375803, 21.0036966 ], [ -17.1383892, 21.0003579 ], [ -17.1440027, 20.9939701 ], [ -17.1506203, 20.9881426 ], [ -17.1530801, 20.9863811 ], [ -17.1548912, 20.9839975 ], [ -17.1623974, 20.9789604 ], [ -17.1675063, 20.9713432 ], [ -17.1699, 20.9679153 ], [ -17.1699216, 20.9487336 ], [ -17.1675932, 20.9441115 ], [ -17.1647226, 20.9359947 ], [ -17.1639526, 20.9332036 ], [ -17.1636614, 20.9294181 ], [ -17.1636608, 20.9205289 ], [ -17.1634613, 20.9166289 ], [ -17.1634602, 20.8999218 ], [ -17.1631574, 20.8954736 ], [ -17.1623583, 20.8884779 ], [ -17.1620677, 20.8834404 ], [ -17.1632447, 20.8791065 ], [ -17.1641537, 20.8702653 ], [ -17.1649419, 20.8656346 ], [ -17.1676083, 20.8558576 ], [ -17.1699043, 20.8512476 ], [ -17.1709449, 20.8468128 ], [ -17.1723492, 20.8381904 ], [ -17.1731563, 20.8333876 ], [ -17.1727532, 20.8281432 ], [ -17.1713527, 20.8202307 ], [ -17.1709867, 20.8168455 ], [ -17.175864, 20.8087423 ], [ -17.1795347, 20.8001006 ], [ -17.1791605, 20.7948174 ], [ -17.1791592, 20.7884175 ], [ -17.1787476, 20.783214 ], [ -17.176631, 20.774929 ], [ -17.1742603, 20.7665328 ], [ -17.1742585, 20.7499084 ], [ -17.1736473, 20.7438091 ], [ -17.1723484, 20.7379049 ], [ -17.1717454, 20.7331974 ], [ -17.1709362, 20.7297504 ], [ -17.1677252, 20.7168095 ], [ -17.1741377, 20.7070898 ], [ -17.1776045, 20.7002414 ], [ -17.1787512, 20.6945513 ], [ -17.1787598, 20.6889122 ], [ -17.179524, 20.6831953 ], [ -17.1749539, 20.6752031 ], [ -17.1674261, 20.6688499 ], [ -17.165989, 20.6668739 ], [ -17.1652554, 20.6641231 ], [ -17.1647592, 20.6511225 ], [ -17.1642607, 20.6333812 ], [ -17.16455, 20.6304876 ], [ -17.1676294, 20.6168785 ], [ -17.171716, 20.6044192 ], [ -17.1731414, 20.6000947 ], [ -17.1731592, 20.5834201 ], [ -17.1742544, 20.5767197 ], [ -17.1742591, 20.5734571 ], [ -17.175948, 20.566762 ], [ -17.175959, 20.5500587 ], [ -17.1776476, 20.5434628 ], [ -17.1776589, 20.5400211 ], [ -17.1787268, 20.5336138 ], [ -17.1804299, 20.5301129 ], [ -17.1839914, 20.5255887 ], [ -17.1887797, 20.52208 ], [ -17.192484, 20.5171707 ], [ -17.1959054, 20.5125762 ], [ -17.200678, 20.5089834 ], [ -17.2045151, 20.5042211 ], [ -17.2065117, 20.5002127 ], [ -17.2076538, 20.4934208 ], [ -17.2076586, 20.4900525 ], [ -17.2092114, 20.4836472 ], [ -17.2119664, 20.4781371 ], [ -17.2175015, 20.4671656 ], [ -17.2337154, 20.4508539 ], [ -17.2504443, 20.4507117 ], [ -17.2508958, 20.4502169 ], [ -17.2509582, 20.4171956 ], [ -17.2672183, 20.4091073 ], [ -17.2719001, 20.4055314 ], [ -17.2840236, 20.400446 ], [ -17.2842579, 20.3838169 ], [ -17.2939942, 20.3772611 ], [ -17.3005278, 20.3675539 ], [ -17.350494, 20.3673509 ], [ -17.3556543, 20.3551732 ], [ -17.3591273, 20.3504022 ], [ -17.3619641, 20.3448402 ], [ -17.3676182, 20.3335672 ], [ -17.3676574, 20.3001135 ], [ -17.3723219, 20.2882823 ], [ -17.3731523, 20.2834224 ], [ -17.3731571, 20.2500213 ], [ -17.3742522, 20.2434209 ], [ -17.3742571, 20.2400589 ], [ -17.375907, 20.2336532 ], [ -17.3786662, 20.2281348 ], [ -17.3842238, 20.2168442 ], [ -17.3842567, 20.1835169 ], [ -17.3890208, 20.171683 ], [ -17.389845, 20.1667911 ], [ -17.3909517, 20.160121 ], [ -17.3909566, 20.1567574 ], [ -17.3926278, 20.1498797 ], [ -17.3897635, 20.1440621 ], [ -17.3786648, 20.1218649 ], [ -17.3758176, 20.1161861 ], [ -17.3722515, 20.1115213 ], [ -17.3674999, 20.0994723 ], [ -17.3507311, 20.0827662 ], [ -17.3434228, 20.0735815 ], [ -17.3397337, 20.066211 ], [ -17.3375066, 20.0628658 ], [ -17.3339998, 20.0577445 ], [ -17.3290848, 20.0539773 ], [ -17.3176559, 20.0493541 ], [ -17.3175717, 20.0330535 ], [ -17.2842556, 19.9995913 ], [ -17.2842554, 19.9670132 ], [ -17.2921081, 19.959254 ], [ -17.3004473, 19.9590861 ], [ -17.3037019, 19.9530315 ], [ -17.3041975, 19.9503503 ], [ -17.3103271, 19.9436459 ], [ -17.3172771, 19.939568 ], [ -17.3204498, 19.9368983 ], [ -17.322264, 19.9337339 ], [ -17.3257792, 19.9255373 ], [ -17.3341237, 19.9198392 ], [ -17.3346381, 19.9165654 ], [ -17.3341703, 19.9159189 ], [ -17.3172962, 19.9139627 ], [ -17.3141999, 19.9130691 ], [ -17.3040425, 19.9117501 ], [ -17.2998278, 19.9118681 ], [ -17.2966634, 19.9129517 ], [ -17.2918804, 19.9160831 ], [ -17.2889348, 19.9224462 ], [ -17.2830721, 19.9261104 ], [ -17.2760744, 19.9252703 ], [ -17.2722496, 19.92675 ], [ -17.2666419, 19.9241093 ], [ -17.2614071, 19.9277674 ], [ -17.2501165, 19.9323217 ], [ -17.2409552, 19.9261836 ], [ -17.2409344, 19.9231975 ], [ -17.2385324, 19.916703 ], [ -17.2425883, 19.9086786 ], [ -17.2452493, 19.8997339 ], [ -17.2381467, 19.8954712 ], [ -17.2356942, 19.8845457 ], [ -17.2344577, 19.8823113 ], [ -17.225793, 19.8744187 ], [ -17.2217431, 19.8661039 ], [ -17.2192402, 19.8641546 ], [ -17.2174544, 19.8612061 ], [ -17.2112742, 19.8556011 ], [ -17.2078229, 19.8493776 ], [ -17.2037598, 19.8463647 ], [ -17.2007001, 19.8405576 ], [ -17.1958808, 19.8373967 ], [ -17.1922743, 19.8326499 ], [ -17.1861385, 19.8302813 ], [ -17.1838719, 19.8281338 ], [ -17.1760015, 19.8239343 ], [ -17.167875, 19.8155384 ], [ -17.1656994, 19.8144312 ], [ -17.1557047, 19.8106685 ], [ -17.1504355, 19.8063622 ], [ -17.1443509, 19.8049785 ], [ -17.1372734, 19.8028853 ], [ -17.1331595, 19.8018868 ], [ -17.1275705, 19.8045439 ], [ -17.1234672, 19.8064457 ], [ -17.1164108, 19.8099737 ], [ -17.1114394, 19.8105365 ], [ -17.1062748, 19.8095548 ], [ -17.100169, 19.8099343 ], [ -17.0928633, 19.8068982 ], [ -17.0848987, 19.7988535 ], [ -17.0816408, 19.7970504 ], [ -17.0733283, 19.7933756 ], [ -17.0692503, 19.7846425 ], [ -17.0676705, 19.7821252 ], [ -17.0651686, 19.7806242 ], [ -17.0546955, 19.7782118 ], [ -17.0505339, 19.775502 ], [ -17.0446955, 19.7718405 ], [ -17.038083, 19.7659388 ], [ -17.0345481, 19.7638547 ], [ -17.0298346, 19.7619055 ], [ -17.0230064, 19.7597951 ], [ -17.0170367, 19.7578052 ], [ -17.0108889, 19.7554632 ], [ -17.0015927, 19.7483429 ], [ -16.9928945, 19.7419441 ], [ -16.9832312, 19.7344725 ], [ -16.9812066, 19.7326555 ], [ -16.9727746, 19.727029 ], [ -16.9673061, 19.7228531 ], [ -16.9634242, 19.7197675 ], [ -16.9590165, 19.7160454 ], [ -16.955515, 19.7113564 ], [ -16.9506927, 19.7070278 ], [ -16.9471572, 19.7030995 ], [ -16.9444819, 19.6994333 ], [ -16.9400945, 19.6935503 ], [ -16.9335237, 19.6835946 ], [ -16.931635, 19.6803143 ], [ -16.9273591, 19.6730552 ], [ -16.9243708, 19.6662832 ], [ -16.922055, 19.661651 ], [ -16.9175715, 19.653381 ], [ -16.9162828, 19.6502098 ], [ -16.9147841, 19.6469118 ], [ -16.9115304, 19.6388149 ], [ -16.9069835, 19.6328356 ], [ -16.9043425, 19.6290874 ], [ -16.9006548, 19.6254951 ], [ -16.8953961, 19.6211469 ], [ -16.8864555, 19.6151832 ], [ -16.8840688, 19.6124145 ], [ -16.8788214, 19.6048901 ], [ -16.8758725, 19.5995822 ], [ -16.8736233, 19.5938124 ], [ -16.8725271, 19.5880447 ], [ -16.8705916, 19.5817365 ], [ -16.8675164, 19.5754886 ], [ -16.8635039, 19.5701633 ], [ -16.8611378, 19.5662198 ], [ -16.8575484, 19.5596392 ], [ -16.8536506, 19.5523434 ], [ -16.8520082, 19.5492518 ], [ -16.8509304, 19.544256 ], [ -16.848402, 19.5341659 ], [ -16.8452623, 19.5273671 ], [ -16.843369, 19.5237786 ], [ -16.8402095, 19.5163735 ], [ -16.8390218, 19.5117231 ], [ -16.8360214, 19.5015208 ], [ -16.8354445, 19.4993093 ], [ -16.8342315, 19.4831809 ], [ -16.8298295, 19.4709368 ], [ -16.8291392, 19.4665009 ], [ -16.8279387, 19.4601979 ], [ -16.8273377, 19.4566931 ], [ -16.8259392, 19.4497996 ], [ -16.8246435, 19.441428 ], [ -16.8234659, 19.4330125 ], [ -16.8206207, 19.4294618 ], [ -16.8173625, 19.4263022 ], [ -16.811919, 19.4215507 ], [ -16.807985, 19.4162734 ], [ -16.8066218, 19.4107255 ], [ -16.8044205, 19.4033195 ], [ -16.8032498, 19.3988318 ], [ -16.8029522, 19.3844548 ], [ -16.8030497, 19.3812359 ], [ -16.8048423, 19.3706771 ], [ -16.8053336, 19.3668481 ], [ -16.8080095, 19.3591166 ], [ -16.8107352, 19.3501004 ], [ -16.8110484, 19.3435413 ], [ -16.8117458, 19.3393431 ], [ -16.812011, 19.3331546 ], [ -16.811652, 19.3326416 ], [ -16.8029527, 19.3300375 ], [ -16.800396, 19.3281424 ], [ -16.7945633, 19.3270609 ], [ -16.7867072, 19.3291548 ], [ -16.7839197, 19.3270641 ], [ -16.778152, 19.3219807 ], [ -16.7744067, 19.3159803 ], [ -16.7680451, 19.3132094 ], [ -16.7623037, 19.3112723 ], [ -16.7553869, 19.3106682 ], [ -16.7504327, 19.3080468 ], [ -16.7443188, 19.3053393 ], [ -16.7357332, 19.3011464 ], [ -16.7327633, 19.2997171 ], [ -16.7205877, 19.2956227 ], [ -16.7171095, 19.2938361 ], [ -16.7091188, 19.2906772 ], [ -16.7062067, 19.2881558 ], [ -16.6999333, 19.2837531 ], [ -16.696147, 19.2825086 ], [ -16.6873069, 19.2787974 ], [ -16.6837765, 19.277934 ], [ -16.6776903, 19.2724275 ], [ -16.6717776, 19.265943 ], [ -16.6676397, 19.2638496 ], [ -16.6625158, 19.2613385 ], [ -16.6571017, 19.2589965 ], [ -16.650259, 19.2574804 ], [ -16.6440565, 19.2555113 ], [ -16.6368304, 19.2522448 ], [ -16.6327316, 19.2501459 ], [ -16.6213191, 19.2449397 ], [ -16.616947, 19.242887 ], [ -16.6083896, 19.2422511 ], [ -16.60009, 19.2413515 ], [ -16.5917836, 19.2407507 ], [ -16.5833987, 19.2399522 ], [ -16.5766975, 19.2392623 ], [ -16.5724062, 19.2379705 ], [ -16.5668874, 19.237164 ], [ -16.5631997, 19.2362906 ], [ -16.5537052, 19.2325324 ], [ -16.5510328, 19.2311962 ], [ -16.5423956, 19.2243256 ], [ -16.5355983, 19.2156835 ], [ -16.5342389, 19.2082073 ], [ -16.5329714, 19.2001146 ], [ -16.5342206, 19.1960746 ], [ -16.5368253, 19.1847592 ], [ -16.5381934, 19.1796773 ], [ -16.5412918, 19.1740476 ], [ -16.5426338, 19.1668208 ], [ -16.5440766, 19.1602802 ], [ -16.5502478, 19.1539274 ], [ -16.5544718, 19.155598 ], [ -16.5599174, 19.1572824 ], [ -16.5661475, 19.1605921 ], [ -16.5696846, 19.1635557 ], [ -16.5723135, 19.1671583 ], [ -16.5765728, 19.1732284 ], [ -16.5829093, 19.1789448 ], [ -16.5883902, 19.179154 ], [ -16.59498, 19.1791541 ], [ -16.6004271, 19.1791897 ], [ -16.6049437, 19.1711671 ], [ -16.6073076, 19.1668751 ], [ -16.6073507, 19.1602739 ], [ -16.60755, 19.1565738 ], [ -16.6075506, 19.1500637 ], [ -16.6098007, 19.1416501 ], [ -16.6135577, 19.1331724 ], [ -16.6065958, 19.1268312 ], [ -16.5996907, 19.1186338 ], [ -16.5964981, 19.1160294 ], [ -16.5909756, 19.109021 ], [ -16.5837425, 19.10336 ], [ -16.5806173, 19.1023313 ], [ -16.5756644, 19.0992834 ], [ -16.5721477, 19.094694 ], [ -16.5671845, 19.0891986 ], [ -16.5614219, 19.0879914 ], [ -16.550075, 19.0824767 ], [ -16.5494382, 19.0826417 ], [ -16.541465, 19.0919382 ], [ -16.5390622, 19.0998748 ], [ -16.5400539, 19.1081382 ], [ -16.5407171, 19.1162866 ], [ -16.5366921, 19.1198543 ], [ -16.5329152, 19.1224981 ], [ -16.5167904, 19.1252179 ], [ -16.5101642, 19.1228514 ], [ -16.5006359, 19.1159753 ], [ -16.4925059, 19.1078454 ], [ -16.4888583, 19.0997822 ], [ -16.4890432, 19.0951774 ], [ -16.4869731, 19.0846819 ], [ -16.4884132, 19.0794017 ], [ -16.4926363, 19.0667349 ], [ -16.4917457, 19.0581637 ], [ -16.49095, 19.0499094 ], [ -16.4909414, 19.0332503 ], [ -16.4898499, 19.027667 ], [ -16.4898463, 19.0221898 ], [ -16.4890227, 19.0164484 ], [ -16.4877102, 19.0128892 ], [ -16.484154, 18.9995735 ], [ -16.4769717, 18.9899242 ], [ -16.4713753, 18.9826507 ], [ -16.4678182, 18.9811385 ], [ -16.463414, 18.9788385 ], [ -16.4569617, 18.9762362 ], [ -16.4509496, 18.9664069 ], [ -16.4509495, 18.9502141 ], [ -16.4573979, 18.9405895 ], [ -16.4674563, 18.933821 ], [ -16.4675979, 18.9330865 ], [ -16.4614329, 18.9223172 ], [ -16.4579894, 18.9163157 ], [ -16.4565164, 18.9109151 ], [ -16.4541967, 18.9030568 ], [ -16.4524158, 18.8988866 ], [ -16.4488596, 18.8966875 ], [ -16.4327856, 18.8992521 ], [ -16.4273061, 18.9112503 ], [ -16.4257859, 18.9164072 ], [ -16.4232806, 18.9249268 ], [ -16.4212598, 18.933277 ], [ -16.4217428, 18.9392925 ], [ -16.4204595, 18.9452167 ], [ -16.4211972, 18.9497101 ], [ -16.4191094, 18.9522991 ], [ -16.4163463, 18.9533124 ], [ -16.4085913, 18.9563943 ], [ -16.3999089, 18.9586381 ], [ -16.3917715, 18.9580498 ], [ -16.3835937, 18.9574657 ], [ -16.3784621, 18.954562 ], [ -16.3673213, 18.9492366 ], [ -16.3600829, 18.9402376 ], [ -16.3554313, 18.9330664 ], [ -16.3551392, 18.9290262 ], [ -16.3530405, 18.9186209 ], [ -16.352735, 18.9157018 ], [ -16.3509241, 18.9081442 ], [ -16.3490231, 18.9006402 ], [ -16.3481237, 18.8970427 ], [ -16.3459226, 18.8881387 ], [ -16.3445858, 18.8830356 ], [ -16.3409069, 18.8763513 ], [ -16.3401187, 18.8723293 ], [ -16.3380896, 18.8663379 ], [ -16.3368854, 18.8636243 ], [ -16.3341981, 18.8563589 ], [ -16.3325378, 18.8515733 ], [ -16.332369, 18.8493787 ], [ -16.3340884, 18.8467544 ], [ -16.3396175, 18.839448 ], [ -16.3456426, 18.8340155 ], [ -16.3483272, 18.8317286 ], [ -16.3504866, 18.8299447 ], [ -16.3564899, 18.8279114 ], [ -16.3598148, 18.8270019 ], [ -16.3669336, 18.8242357 ], [ -16.3729355, 18.8236211 ], [ -16.3802629, 18.8209226 ], [ -16.3832702, 18.8203758 ], [ -16.3867958, 18.8212324 ], [ -16.3946637, 18.8226277 ], [ -16.3999101, 18.8242404 ], [ -16.4062599, 18.8236399 ], [ -16.4120709, 18.8223405 ], [ -16.4170233, 18.8216875 ], [ -16.4195694, 18.8201028 ], [ -16.4337823, 18.8174029 ], [ -16.4341952, 18.8166578 ], [ -16.4287487, 18.8053482 ], [ -16.4285133, 18.7994539 ], [ -16.4201173, 18.7961359 ], [ -16.4171668, 18.7944644 ], [ -16.4093302, 18.7905454 ], [ -16.4027718, 18.7822251 ], [ -16.4007094, 18.7793576 ], [ -16.3933674, 18.7734844 ], [ -16.3897994, 18.7663485 ], [ -16.3887095, 18.7619973 ], [ -16.3842755, 18.749872 ], [ -16.3869441, 18.7347014 ], [ -16.3868183, 18.7305584 ], [ -16.3813329, 18.7177373 ], [ -16.3809573, 18.7134182 ], [ -16.3841516, 18.6996741 ], [ -16.3757627, 18.6911038 ], [ -16.3701268, 18.6819085 ], [ -16.3674912, 18.677258 ], [ -16.3622766, 18.6712282 ], [ -16.3590932, 18.6661574 ], [ -16.3556427, 18.6615215 ], [ -16.3507176, 18.6493893 ], [ -16.3405427, 18.64261 ], [ -16.3334554, 18.6379947 ], [ -16.325234, 18.639461 ], [ -16.316416, 18.6407956 ], [ -16.3107752, 18.6435929 ], [ -16.3039501, 18.6449802 ], [ -16.2987376, 18.6466496 ], [ -16.2855327, 18.6468504 ], [ -16.2822915, 18.647241 ], [ -16.2698834, 18.6459509 ], [ -16.2670527, 18.6457679 ], [ -16.2596055, 18.640255 ], [ -16.2507713, 18.6327951 ], [ -16.2452576, 18.6218662 ], [ -16.2426267, 18.6164096 ], [ -16.2417431, 18.6081634 ], [ -16.240951, 18.5999455 ], [ -16.2416431, 18.5917385 ], [ -16.242644, 18.583348 ], [ -16.2415406, 18.5748431 ], [ -16.2405408, 18.5665447 ], [ -16.2398405, 18.5610428 ], [ -16.2390406, 18.5546437 ], [ -16.2384321, 18.5497949 ], [ -16.2376347, 18.5464958 ], [ -16.2361571, 18.5344789 ], [ -16.2368284, 18.5309304 ], [ -16.2390005, 18.5217483 ], [ -16.2413445, 18.5170602 ], [ -16.2446909, 18.5111548 ], [ -16.2514711, 18.5031953 ], [ -16.2548142, 18.5006379 ], [ -16.2614055, 18.4948469 ], [ -16.2670143, 18.4908541 ], [ -16.2833486, 18.4908521 ], [ -16.2897125, 18.4901919 ], [ -16.300746, 18.4838264 ], [ -16.300855, 18.4496424 ], [ -16.291352, 18.4404901 ], [ -16.2861518, 18.4321502 ], [ -16.2841237, 18.4273123 ], [ -16.2794421, 18.4210219 ], [ -16.2776465, 18.4164857 ], [ -16.2776465, 18.4101547 ], [ -16.2787358, 18.4056609 ], [ -16.2787074, 18.3997339 ], [ -16.2747563, 18.3919292 ], [ -16.2670642, 18.3880185 ], [ -16.2626595, 18.3865666 ], [ -16.2543285, 18.3865472 ], [ -16.2493705, 18.3852376 ], [ -16.2464253, 18.3826728 ], [ -16.2395075, 18.377058 ], [ -16.233885, 18.3726408 ], [ -16.2300079, 18.3698567 ], [ -16.2256647, 18.3660071 ], [ -16.2215652, 18.3619076 ], [ -16.2175186, 18.3550977 ], [ -16.214689, 18.3505533 ], [ -16.2081572, 18.3420091 ], [ -16.2007867, 18.3328456 ], [ -16.1945367, 18.3226274 ], [ -16.1913181, 18.3162006 ], [ -16.1882797, 18.3119391 ], [ -16.1840836, 18.3061445 ], [ -16.1814252, 18.3023047 ], [ -16.1800959, 18.299646 ], [ -16.1787306, 18.2942824 ], [ -16.1780216, 18.2893569 ], [ -16.1759108, 18.2831048 ], [ -16.1742294, 18.2764782 ], [ -16.1736312, 18.2725945 ], [ -16.1723528, 18.2665932 ], [ -16.1727407, 18.2615102 ], [ -16.1713537, 18.253719 ], [ -16.1716989, 18.2497559 ], [ -16.1700458, 18.2470404 ], [ -16.167597, 18.2413593 ], [ -16.1655286, 18.2340706 ], [ -16.1650371, 18.2306308 ], [ -16.1636424, 18.2204697 ], [ -16.163436, 18.2165336 ], [ -16.1624352, 18.2114147 ], [ -16.1617317, 18.2057012 ], [ -16.1604664, 18.1999523 ], [ -16.1617314, 18.1943012 ], [ -16.162435, 18.1885867 ], [ -16.1634325, 18.183497 ], [ -16.1639291, 18.179828 ], [ -16.1676304, 18.1667847 ], [ -16.1676401, 18.1498791 ], [ -16.1650168, 18.1342421 ], [ -16.1627821, 18.1282277 ], [ -16.1605803, 18.1233209 ], [ -16.1579938, 18.1163575 ], [ -16.1561831, 18.1111316 ], [ -16.1509448, 18.0997604 ], [ -16.1508858, 18.0830882 ], [ -16.1441284, 18.0729126 ], [ -16.1409246, 18.066408 ], [ -16.1403316, 18.0605076 ], [ -16.1390329, 18.0546036 ], [ -16.1383608, 18.0496157 ], [ -16.1365351, 18.0472101 ], [ -16.1341917, 18.0413517 ], [ -16.1318077, 18.0341999 ], [ -16.1305115, 18.0294144 ], [ -16.1284174, 18.0223342 ], [ -16.1271173, 18.0164377 ], [ -16.1246105, 18.0077111 ], [ -16.1223443, 17.9998287 ], [ -16.1223442, 17.9953045 ], [ -16.1231414, 17.9889044 ], [ -16.1231441, 17.9666993 ], [ -16.1238389, 17.9605445 ], [ -16.1242386, 17.9567473 ], [ -16.1250384, 17.9500486 ], [ -16.1259372, 17.9417593 ], [ -16.1271191, 17.9335846 ], [ -16.1291747, 17.9286902 ], [ -16.1341625, 17.9170185 ], [ -16.1397505, 17.9059422 ], [ -16.142532, 17.9003793 ], [ -16.1456744, 17.8953711 ], [ -16.150745, 17.8894048 ], [ -16.1531623, 17.8862832 ], [ -16.1550355, 17.8837585 ], [ -16.1578796, 17.8756809 ], [ -16.1619818, 17.8669691 ], [ -16.1633985, 17.8627264 ], [ -16.1676039, 17.8502087 ], [ -16.1713244, 17.8372226 ], [ -16.1717376, 17.8334509 ], [ -16.1723406, 17.8286044 ], [ -16.1723433, 17.8215223 ], [ -16.1731299, 17.8168027 ], [ -16.1746303, 17.8088993 ], [ -16.1772312, 17.7913952 ], [ -16.1787348, 17.78345 ], [ -16.178743, 17.7667239 ], [ -16.1795379, 17.7620235 ], [ -16.179543, 17.7548046 ], [ -16.1801401, 17.7500044 ], [ -16.1801398, 17.6998958 ], [ -16.1795426, 17.6951956 ], [ -16.1795375, 17.6879778 ], [ -16.1787288, 17.6831966 ], [ -16.1772306, 17.6752067 ], [ -16.1746295, 17.6578024 ], [ -16.1730943, 17.6496791 ], [ -16.1712876, 17.6459377 ], [ -16.1675866, 17.6330489 ], [ -16.1623901, 17.6214483 ], [ -16.1608549, 17.6162815 ], [ -16.1570161, 17.6099991 ], [ -16.1508622, 17.5995773 ], [ -16.1464707, 17.5874089 ], [ -16.144114, 17.5828981 ], [ -16.1400626, 17.5770628 ], [ -16.1378861, 17.5700465 ], [ -16.136345, 17.5664777 ], [ -16.1366401, 17.5487656 ], [ -16.1392146, 17.5385663 ], [ -16.1404799, 17.5336999 ], [ -16.1443723, 17.527472 ], [ -16.150728, 17.5200238 ], [ -16.1525615, 17.5178804 ], [ -16.1580824, 17.5095539 ], [ -16.16589, 17.498941 ], [ -16.1674415, 17.4964227 ], [ -16.1738909, 17.4906573 ], [ -16.1840099, 17.4839182 ], [ -16.1893396, 17.4721642 ], [ -16.1925245, 17.467085 ], [ -16.1952875, 17.4614411 ], [ -16.1967182, 17.4543525 ], [ -16.1982217, 17.4489306 ], [ -16.200923, 17.4335305 ], [ -16.204214, 17.4202666 ], [ -16.2051318, 17.416698 ], [ -16.2046412, 17.4128923 ], [ -16.2046392, 17.4037052 ], [ -16.2042411, 17.3999051 ], [ -16.2042354, 17.3832742 ], [ -16.2037398, 17.3804669 ], [ -16.2035416, 17.3680831 ], [ -16.203935, 17.3637554 ], [ -16.2053238, 17.3546286 ], [ -16.2065219, 17.3501282 ], [ -16.2079294, 17.3421907 ], [ -16.2092175, 17.333571 ], [ -16.2114593, 17.3276254 ], [ -16.2175966, 17.3168778 ], [ -16.2176406, 17.3000983 ], [ -16.2219, 17.2879115 ], [ -16.2230961, 17.2836288 ], [ -16.2264724, 17.2750887 ], [ -16.2300831, 17.2669586 ], [ -16.231042, 17.2638985 ], [ -16.2340203, 17.2606314 ], [ -16.2385833, 17.2551762 ], [ -16.244008, 17.2505402 ], [ -16.2469075, 17.2465114 ], [ -16.2508302, 17.2392749 ], [ -16.2533898, 17.2347465 ], [ -16.2600449, 17.226502 ], [ -16.2674923, 17.2171341 ], [ -16.2735555, 17.2064212 ], [ -16.2758376, 17.2003813 ], [ -16.2793625, 17.1957791 ], [ -16.2841016, 17.1893205 ], [ -16.2865797, 17.1847571 ], [ -16.2876245, 17.180113 ], [ -16.2890283, 17.1715928 ], [ -16.2898226, 17.1668267 ], [ -16.2918159, 17.1587536 ], [ -16.2938252, 17.1501058 ], [ -16.2946319, 17.1438678 ], [ -16.2953309, 17.1389747 ], [ -16.2961216, 17.1335383 ], [ -16.297205, 17.1298941 ], [ -16.3008794, 17.1169839 ], [ -16.3067803, 17.1061527 ], [ -16.3080086, 17.1001907 ], [ -16.3105746, 17.0932821 ], [ -16.3127656, 17.0884019 ], [ -16.3151831, 17.0827571 ], [ -16.3176063, 17.0751865 ], [ -16.3193898, 17.0678592 ], [ -16.322228, 17.0623783 ], [ -16.3249311, 17.0578702 ], [ -16.3286557, 17.050323 ], [ -16.3303393, 17.0465604 ], [ -16.3340496, 17.0405067 ], [ -16.3374335, 17.0372107 ], [ -16.3396768, 17.0338593 ], [ -16.3444353, 17.0275145 ], [ -16.3507231, 17.0206268 ], [ -16.352791, 17.0180346 ], [ -16.3564383, 17.0115572 ], [ -16.3582086, 17.00792 ], [ -16.3639849, 17.0005773 ], [ -16.3664363, 16.9985973 ], [ -16.3726645, 16.995236 ], [ -16.3762119, 16.9932652 ], [ -16.3835054, 16.9904451 ], [ -16.3892926, 16.9901492 ], [ -16.395006, 16.989349 ], [ -16.3996974, 16.988981 ], [ -16.4060184, 16.9939812 ], [ -16.4110947, 17.0004242 ], [ -16.4125281, 17.0032911 ], [ -16.4111687, 17.012084 ], [ -16.4120415, 17.0166364 ], [ -16.4109699, 17.0214144 ], [ -16.4123175, 17.0297592 ], [ -16.410306, 17.032868 ], [ -16.4061068, 17.0391667 ], [ -16.3996046, 17.0408395 ], [ -16.3944217, 17.0444359 ], [ -16.3908528, 17.049575 ], [ -16.3908781, 17.0502889 ], [ -16.3953583, 17.0547101 ], [ -16.3996562, 17.0582517 ], [ -16.4068717, 17.0575377 ], [ -16.4112877, 17.0564374 ], [ -16.4170594, 17.0555681 ], [ -16.4199287, 17.0533213 ], [ -16.4229996, 17.05039 ], [ -16.4249982, 17.0419284 ], [ -16.4285957, 17.0338583 ], [ -16.431175, 17.031279 ], [ -16.4339236, 17.0298073 ], [ -16.4390883, 17.0221419 ], [ -16.4425703, 17.0169611 ], [ -16.443813, 17.0097785 ], [ -16.4452987, 17.0058098 ], [ -16.4466986, 17.0002198 ], [ -16.4478542, 16.9973307 ], [ -16.4508545, 16.9920213 ], [ -16.4535858, 16.9847504 ], [ -16.4556871, 16.9788469 ], [ -16.4576009, 16.9736019 ], [ -16.4592059, 16.9668913 ], [ -16.4633975, 16.9544157 ], [ -16.4649948, 16.9491252 ], [ -16.4676008, 16.9419021 ], [ -16.4694079, 16.9344822 ], [ -16.4705947, 16.930625 ], [ -16.4733979, 16.9227125 ], [ -16.4750278, 16.9166911 ], [ -16.4739221, 16.9101831 ], [ -16.4727199, 16.9049704 ], [ -16.4717492, 16.8999229 ], [ -16.472334, 16.8952417 ], [ -16.4709555, 16.8866847 ], [ -16.4717233, 16.8835074 ], [ -16.4723357, 16.8786047 ], [ -16.4723385, 16.8715227 ], [ -16.47303, 16.8663396 ], [ -16.4697862, 16.8634462 ], [ -16.4673358, 16.8617768 ], [ -16.461611, 16.8553729 ], [ -16.459145, 16.8495603 ], [ -16.4561399, 16.8443459 ], [ -16.4509658, 16.8332168 ], [ -16.4531313, 16.8178596 ], [ -16.4535359, 16.8142021 ], [ -16.4536372, 16.8013728 ], [ -16.4550909, 16.7961393 ], [ -16.4575906, 16.7902291 ], [ -16.459226, 16.7834842 ], [ -16.4598357, 16.7750131 ], [ -16.4604248, 16.7668642 ], [ -16.4625889, 16.7619334 ], [ -16.4648086, 16.7529753 ], [ -16.4658093, 16.7494711 ], [ -16.4676124, 16.7418597 ], [ -16.4695034, 16.7344947 ], [ -16.4708995, 16.7302058 ], [ -16.4730816, 16.7225693 ], [ -16.4758066, 16.7171192 ], [ -16.479383, 16.7124461 ], [ -16.4840941, 16.7046323 ], [ -16.4863721, 16.7014051 ], [ -16.4954155, 16.6956055 ], [ -16.5003577, 16.6925045 ], [ -16.5071531, 16.6912425 ], [ -16.510143, 16.6908436 ], [ -16.5166188, 16.6897807 ], [ -16.5245917, 16.6924703 ], [ -16.5327372, 16.6973773 ], [ -16.5352905, 16.6995523 ], [ -16.5420705, 16.7091819 ], [ -16.5453207, 16.7167338 ], [ -16.54429, 16.7212311 ], [ -16.5426868, 16.7267483 ], [ -16.5414716, 16.7333507 ], [ -16.5426758, 16.7399041 ], [ -16.5434767, 16.7446087 ], [ -16.5445874, 16.7501561 ], [ -16.5455935, 16.7536824 ], [ -16.5491099, 16.7669323 ], [ -16.5541181, 16.7791244 ], [ -16.5667229, 16.7842212 ], [ -16.5673774, 16.7839499 ], [ -16.5730929, 16.7725034 ], [ -16.5736296, 16.7667834 ], [ -16.57541, 16.7586722 ], [ -16.5780168, 16.7501329 ], [ -16.5787227, 16.744625 ], [ -16.5809146, 16.7368475 ], [ -16.5815224, 16.73328 ], [ -16.5800925, 16.7288733 ], [ -16.5759141, 16.7164376 ], [ -16.5747252, 16.709404 ], [ -16.5742256, 16.706506 ], [ -16.5730504, 16.6996068 ], [ -16.5704832, 16.6964474 ], [ -16.5674653, 16.6911348 ], [ -16.563571, 16.6868376 ], [ -16.5627603, 16.6830111 ], [ -16.5580573, 16.6756686 ], [ -16.5569769, 16.6724336 ], [ -16.5542116, 16.6664034 ], [ -16.5538238, 16.6635989 ], [ -16.5509374, 16.6498601 ], [ -16.5509373, 16.6334265 ], [ -16.5536247, 16.6180977 ], [ -16.554425, 16.6132958 ], [ -16.5558198, 16.6051261 ], [ -16.5570014, 16.6002028 ], [ -16.5597849, 16.5925482 ], [ -16.5630203, 16.5834711 ], [ -16.5628349, 16.5784931 ], [ -16.5622355, 16.5718947 ], [ -16.5620212, 16.5665043 ], [ -16.5596042, 16.5582138 ], [ -16.5573108, 16.5497383 ], [ -16.5561035, 16.5445141 ], [ -16.5530136, 16.5352394 ], [ -16.5525493, 16.5324536 ], [ -16.5546264, 16.5204837 ], [ -16.5551221, 16.5168173 ], [ -16.5565188, 16.5113236 ], [ -16.5573158, 16.5066471 ], [ -16.5591783, 16.5002752 ], [ -16.56189, 16.4949487 ], [ -16.5674702, 16.4885576 ], [ -16.5695767, 16.4844614 ], [ -16.5706189, 16.4805209 ], [ -16.5720264, 16.4712834 ], [ -16.5727331, 16.4666921 ], [ -16.5725072, 16.461556 ], [ -16.5674022, 16.449383 ], [ -16.5566489, 16.4428211 ], [ -16.5502993, 16.4416846 ], [ -16.5443208, 16.4387918 ], [ -16.5360863, 16.4320277 ], [ -16.5341086, 16.429485 ], [ -16.5298635, 16.4206 ], [ -16.5282826, 16.4166015 ], [ -16.5294924, 16.4122277 ], [ -16.5341122, 16.4004324 ], [ -16.5427786, 16.3912791 ], [ -16.5517865, 16.3867751 ], [ -16.5589048, 16.3840116 ], [ -16.5591713, 16.3832099 ], [ -16.555631, 16.3781204 ], [ -16.5509158, 16.3664307 ], [ -16.5490278, 16.3508328 ], [ -16.5484999, 16.3474171 ], [ -16.5450126, 16.3390197 ], [ -16.5442513, 16.3334056 ], [ -16.5455868, 16.3283496 ], [ -16.5508981, 16.3168811 ], [ -16.5524294, 16.3008582 ], [ -16.55282, 16.2983195 ], [ -16.5553216, 16.2878974 ], [ -16.5557175, 16.28359 ], [ -16.559489, 16.2758534 ], [ -16.5672655, 16.2673965 ], [ -16.5786058, 16.2625084 ], [ -16.5832403, 16.2613961 ], [ -16.5872486, 16.2628775 ], [ -16.589819, 16.2672508 ], [ -16.5956986, 16.27105 ], [ -16.5995434, 16.2748194 ], [ -16.6070726, 16.2765603 ], [ -16.6127214, 16.2833747 ], [ -16.6072737, 16.2905475 ], [ -16.5993796, 16.294594 ], [ -16.5966312, 16.2987469 ], [ -16.5960721, 16.3030942 ], [ -16.5990814, 16.3168235 ], [ -16.6018642, 16.3320299 ], [ -16.6018641, 16.336063 ], [ -16.5991047, 16.3496627 ], [ -16.5936224, 16.3606273 ], [ -16.5882499, 16.3659998 ], [ -16.585332, 16.3685286 ], [ -16.582762, 16.370112 ], [ -16.5755377, 16.3755193 ], [ -16.5699359, 16.383058 ], [ -16.5698726, 16.3875524 ], [ -16.5712639, 16.3945371 ], [ -16.5712721, 16.4000503 ], [ -16.5727758, 16.407996 ], [ -16.5740987, 16.4168812 ], [ -16.5766892, 16.4232047 ], [ -16.5833193, 16.4268069 ], [ -16.5897145, 16.4234628 ], [ -16.5975649, 16.4202829 ], [ -16.6010742, 16.4188249 ], [ -16.6030628, 16.4172832 ], [ -16.6093823, 16.4092775 ], [ -16.6177625, 16.4024748 ], [ -16.620609, 16.4006316 ], [ -16.6269107, 16.39365 ], [ -16.6338434, 16.3895844 ], [ -16.6370773, 16.3869705 ], [ -16.6397489, 16.3836947 ], [ -16.640923, 16.3768013 ], [ -16.6414233, 16.3739992 ], [ -16.6426311, 16.3666585 ], [ -16.6415319, 16.3584615 ], [ -16.6409372, 16.349939 ], [ -16.6412343, 16.3429274 ], [ -16.6409392, 16.3399401 ], [ -16.641423, 16.3332492 ], [ -16.6398205, 16.3275746 ], [ -16.6390214, 16.3212966 ], [ -16.6379302, 16.3165273 ], [ -16.637723, 16.3130171 ], [ -16.6341545, 16.2995974 ], [ -16.6274852, 16.2894593 ], [ -16.6231356, 16.2830799 ], [ -16.6231356, 16.2778582 ], [ -16.6242246, 16.2734626 ], [ -16.6242201, 16.2665137 ], [ -16.6227134, 16.2613495 ], [ -16.6213113, 16.25355 ], [ -16.6198977, 16.2486966 ], [ -16.6175684, 16.2413193 ], [ -16.6147919, 16.235855 ], [ -16.6141791, 16.2330527 ], [ -16.6102541, 16.225281 ], [ -16.606489, 16.2163637 ], [ -16.6052942, 16.2119879 ], [ -16.6008719, 16.1996258 ], [ -16.5955721, 16.1882214 ], [ -16.5937964, 16.1830915 ], [ -16.5915116, 16.1747472 ], [ -16.5898042, 16.1664243 ], [ -16.588435, 16.1623087 ], [ -16.5884267, 16.1540509 ], [ -16.5876237, 16.1498091 ], [ -16.5872439, 16.1470554 ], [ -16.5886316, 16.137665 ], [ -16.5882448, 16.1334161 ], [ -16.5895193, 16.1282099 ], [ -16.5902176, 16.1228405 ], [ -16.5921203, 16.1167574 ], [ -16.5914312, 16.1079723 ], [ -16.5906333, 16.0998934 ], [ -16.5904329, 16.0937993 ], [ -16.5900334, 16.0890985 ], [ -16.5898402, 16.0834965 ], [ -16.5930602, 16.0750074 ], [ -16.5976861, 16.0659525 ], [ -16.6007659, 16.0624619 ], [ -16.605063, 16.0544926 ], [ -16.6065075, 16.0499855 ], [ -16.6048695, 16.0457196 ], [ -16.6008112, 16.0357101 ], [ -16.5993618, 16.0337896 ], [ -16.5995152, 16.0321016 ], [ -16.6008663, 16.0294846 ], [ -16.6038557, 16.0200348 ], [ -16.6058441, 16.017025 ], [ -16.6081926, 16.0088194 ], [ -16.6112875, 16.0002327 ], [ -16.6127598, 15.9956203 ], [ -16.6174908, 15.9879323 ], [ -16.6197405, 15.9846337 ], [ -16.6212945, 15.9799109 ], [ -16.6234059, 15.9727692 ], [ -16.6247246, 15.9667567 ], [ -16.624734, 15.9333822 ], [ -16.6253317, 15.9251134 ], [ -16.6259237, 15.9168252 ], [ -16.6279579, 15.9108193 ], [ -16.6341538, 15.900311 ], [ -16.6386625, 15.8881004 ], [ -16.6408552, 15.8837116 ], [ -16.6437725, 15.8764724 ], [ -16.6452715, 15.8725753 ], [ -16.6475973, 15.8668882 ], [ -16.6481183, 15.8640141 ], [ -16.6508972, 15.8502184 ], [ -16.6559761, 15.8387601 ], [ -16.6575969, 15.8336011 ], [ -16.6600045, 15.8250737 ], [ -16.6620079, 15.8168608 ], [ -16.6630959, 15.8125085 ], [ -16.6675819, 15.8002464 ], [ -16.6718925, 15.7879134 ], [ -16.6730905, 15.7836238 ], [ -16.6762799, 15.7751517 ], [ -16.6792084, 15.7668437 ], [ -16.679716, 15.7623538 ], [ -16.6842125, 15.7501049 ], [ -16.6842331, 15.7335698 ], [ -16.6899426, 15.7228376 ], [ -16.6925494, 15.7170248 ], [ -16.6951767, 15.7116728 ], [ -16.7006815, 15.7061677 ], [ -16.7034175, 15.7032273 ], [ -16.7055434, 15.7004967 ], [ -16.710675, 15.6939834 ], [ -16.717329, 15.6887162 ], [ -16.7197139, 15.6862313 ], [ -16.7216217, 15.6837654 ], [ -16.7245661, 15.6756888 ], [ -16.7286576, 15.6670052 ], [ -16.7302487, 15.6631286 ], [ -16.7341326, 15.6559577 ], [ -16.736415, 15.6513935 ], [ -16.7485554, 15.6330832 ], [ -16.7507417, 15.6304975 ], [ -16.7563676, 15.6227638 ], [ -16.7602808, 15.6171446 ], [ -16.7630689, 15.6128633 ], [ -16.7674678, 15.6071622 ], [ -16.7701259, 15.6030653 ], [ -16.7712885, 15.6002182 ], [ -16.7723126, 15.5954363 ], [ -16.7736107, 15.5895447 ], [ -16.7750183, 15.5835006 ], [ -16.7759287, 15.5750289 ], [ -16.7765224, 15.5668192 ], [ -16.7783652, 15.5610967 ], [ -16.784148, 15.5503241 ], [ -16.7889479, 15.5384302 ], [ -16.791571, 15.5336602 ], [ -16.7935113, 15.5250404 ], [ -16.7952961, 15.5169098 ], [ -16.7968592, 15.5130019 ], [ -16.8008669, 15.5044808 ], [ -16.8021427, 15.5010488 ], [ -16.805595, 15.4957222 ], [ -16.8082574, 15.4913837 ], [ -16.8156369, 15.4832016 ], [ -16.8174995, 15.4804145 ], [ -16.8223603, 15.4721818 ], [ -16.826929, 15.4672121 ], [ -16.8299223, 15.4630264 ], [ -16.8340058, 15.4589393 ], [ -16.8377882, 15.4542275 ], [ -16.8397975, 15.450135 ], [ -16.8395318, 15.4447254 ], [ -16.839531, 15.4385254 ], [ -16.8392387, 15.4334465 ], [ -16.8414814, 15.4254506 ], [ -16.8452449, 15.4170322 ], [ -16.8471361, 15.4133494 ], [ -16.8508631, 15.405888 ], [ -16.8525615, 15.4010994 ], [ -16.8550393, 15.3962426 ], [ -16.8577399, 15.3906417 ], [ -16.8612612, 15.3836926 ], [ -16.86295, 15.3791282 ], [ -16.8675268, 15.3712656 ], [ -16.8692554, 15.3677068 ], [ -16.8708806, 15.3636422 ], [ -16.8730756, 15.3558699 ], [ -16.8758641, 15.3502847 ], [ -16.8800799, 15.3377472 ], [ -16.881938, 15.3328574 ], [ -16.8840997, 15.3296131 ], [ -16.8887136, 15.3216903 ], [ -16.8913549, 15.3170038 ], [ -16.893868, 15.3099797 ], [ -16.896054, 15.3051108 ], [ -16.898548, 15.2995243 ], [ -16.9008512, 15.2948162 ], [ -16.9041567, 15.2870048 ], [ -16.9057002, 15.2835413 ], [ -16.905731, 15.2668285 ], [ -16.9091331, 15.2587604 ], [ -16.9148688, 15.2496625 ], [ -16.9174874, 15.2463288 ], [ -16.9218099, 15.2380981 ], [ -16.9245351, 15.2339129 ], [ -16.9293116, 15.2291309 ], [ -16.9340242, 15.2228205 ], [ -16.9367154, 15.2199279 ], [ -16.938841, 15.2171976 ], [ -16.9440608, 15.2105699 ], [ -16.9507444, 15.2004973 ], [ -16.9586312, 15.191808 ], [ -16.9648729, 15.182854 ], [ -16.9674598, 15.1790732 ], [ -16.9726747, 15.1723494 ], [ -16.9758123, 15.1670914 ], [ -16.9788079, 15.1616996 ], [ -16.9841012, 15.1532102 ], [ -16.985441, 15.1509323 ], [ -16.9865749, 15.1479582 ], [ -16.9897773, 15.1391517 ], [ -16.9917217, 15.1338044 ], [ -16.9958265, 15.129015 ], [ -17.0007151, 15.1228299 ], [ -17.0033386, 15.1200121 ], [ -17.0067834, 15.1173546 ], [ -17.0126576, 15.112685 ], [ -17.0174624, 15.1067668 ], [ -17.0199052, 15.1029028 ], [ -17.0213048, 15.1004046 ], [ -17.0269087, 15.0915961 ], [ -17.0315717, 15.0826555 ], [ -17.0342044, 15.0710625 ], [ -17.0351482, 15.0675703 ], [ -17.0424921, 15.0588173 ], [ -17.0465094, 15.050403 ], [ -17.0482342, 15.0480074 ], [ -17.0506692, 15.0452802 ], [ -17.0567876, 15.0396983 ], [ -17.0584546, 15.0337455 ], [ -17.0622127, 15.0287347 ], [ -17.0671636, 15.0237838 ], [ -17.0724191, 15.0227401 ], [ -17.0786984, 15.017343 ], [ -17.0817523, 15.0149899 ], [ -17.0839887, 15.0123596 ], [ -17.0900791, 15.0064175 ], [ -17.0918389, 15.0003938 ], [ -17.0959637, 14.9958852 ], [ -17.1004547, 14.991872 ], [ -17.106598, 14.9903561 ], [ -17.1155474, 14.9832547 ], [ -17.1175957, 14.9768917 ], [ -17.1198882, 14.968023 ], [ -17.1220351, 14.9625579 ], [ -17.1250519, 14.957893 ], [ -17.1267018, 14.9501744 ], [ -17.128493, 14.9445011 ], [ -17.1304952, 14.9372942 ], [ -17.13185, 14.9327458 ], [ -17.1338475, 14.9299667 ], [ -17.1385695, 14.9290586 ], [ -17.1452552, 14.9293313 ], [ -17.1503972, 14.9274656 ], [ -17.1570684, 14.9236555 ], [ -17.1607781, 14.9171508 ], [ -17.1638713, 14.9131567 ], [ -17.1626464, 14.9049841 ], [ -17.1637525, 14.9003751 ], [ -17.1659759, 14.8978952 ], [ -17.170254, 14.8972713 ], [ -17.1832128, 14.9002961 ], [ -17.1860695, 14.8985327 ], [ -17.1945161, 14.8942375 ], [ -17.1947293, 14.8897215 ], [ -17.1970968, 14.8838502 ], [ -17.1989887, 14.8818324 ], [ -17.2018495, 14.8819184 ], [ -17.2036127, 14.8838495 ], [ -17.20761, 14.8922273 ], [ -17.2166177, 14.8973163 ], [ -17.2217216, 14.8960288 ], [ -17.2275407, 14.8948228 ], [ -17.2335568, 14.8929198 ], [ -17.2404762, 14.8912394 ], [ -17.2434565, 14.8908413 ], [ -17.250282, 14.8895086 ], [ -17.2541361, 14.8878476 ], [ -17.2606505, 14.883978 ], [ -17.2608623, 14.8832062 ], [ -17.2560996, 14.8770255 ], [ -17.2503299, 14.8759877 ], [ -17.2443114, 14.8724142 ], [ -17.2415, 14.8669618 ], [ -17.2465674, 14.863698 ], [ -17.2501741, 14.8629387 ], [ -17.255587, 14.8620688 ], [ -17.2625801, 14.8633324 ], [ -17.2671922, 14.8616086 ], [ -17.2732845, 14.8563006 ], [ -17.2749149, 14.8504892 ], [ -17.2798363, 14.8469606 ], [ -17.2834635, 14.8457515 ], [ -17.2884835, 14.8456568 ], [ -17.2986319, 14.8483423 ], [ -17.3031825, 14.8476833 ], [ -17.3107294, 14.8507795 ], [ -17.3147933, 14.8525237 ], [ -17.3178027, 14.8525086 ], [ -17.3203499, 14.8489959 ], [ -17.3226214, 14.8384241 ], [ -17.3223602, 14.8338428 ], [ -17.3293142, 14.8297631 ], [ -17.3335359, 14.828132 ], [ -17.3402637, 14.827267 ], [ -17.3437061, 14.8279426 ], [ -17.3503623, 14.8262769 ], [ -17.3561228, 14.8228109 ], [ -17.3603967, 14.8173803 ], [ -17.3658399, 14.814993 ], [ -17.3712898, 14.8132094 ], [ -17.3774307, 14.8112939 ], [ -17.3837445, 14.8084432 ], [ -17.3886928, 14.8055394 ], [ -17.3931383, 14.8006135 ], [ -17.3972369, 14.7975634 ], [ -17.4002186, 14.7966316 ], [ -17.4050832, 14.7958533 ], [ -17.4116197, 14.7957439 ], [ -17.4169279, 14.7945267 ], [ -17.4254358, 14.7922907 ], [ -17.4336853, 14.7882737 ], [ -17.4368842, 14.7869288 ], [ -17.4388223, 14.7840821 ], [ -17.4469599, 14.7809228 ], [ -17.450086, 14.7803545 ], [ -17.453758, 14.7803545 ], [ -17.4662541, 14.7841619 ], [ -17.4755065, 14.7914123 ], [ -17.4830624, 14.7949162 ], [ -17.4889257, 14.7953517 ], [ -17.4939337, 14.7947573 ], [ -17.4998916, 14.7950503 ], [ -17.5049681, 14.7959467 ], [ -17.5108253, 14.795062 ], [ -17.5168301, 14.7956307 ], [ -17.5251064, 14.792001 ], [ -17.5341247, 14.7836588 ], [ -17.5316817, 14.7679949 ], [ -17.533246, 14.7660394 ], [ -17.5356278, 14.7653824 ], [ -17.5452086, 14.7674488 ], [ -17.5470696, 14.7700217 ], [ -17.5506009, 14.7693865 ], [ -17.5519709, 14.7668572 ], [ -17.5551178, 14.754263 ], [ -17.5550699, 14.7496868 ], [ -17.5531498, 14.7468175 ], [ -17.5505855, 14.7451437 ], [ -17.5442512, 14.7391063 ], [ -17.5365309, 14.7316881 ], [ -17.5338798, 14.7294459 ], [ -17.5252522, 14.7235636 ], [ -17.5172826, 14.720016 ], [ -17.5148812, 14.7171529 ], [ -17.5101303, 14.7082053 ], [ -17.5050188, 14.7037768 ], [ -17.5002739, 14.6996013 ], [ -17.4981191, 14.684323 ], [ -17.4974233, 14.6797502 ], [ -17.4967276, 14.6708061 ], [ -17.4966173, 14.6665314 ], [ -17.4952042, 14.6607458 ], [ -17.4942048, 14.6564486 ], [ -17.4926097, 14.6497689 ], [ -17.491281, 14.6425795 ], [ -17.4889552, 14.6376977 ], [ -17.4866762, 14.6319705 ], [ -17.4838846, 14.6290544 ], [ -17.4755795, 14.6242346 ], [ -17.4670174, 14.615835 ], [ -17.4498445, 14.615766 ], [ -17.4371983, 14.619996 ], [ -17.4329002, 14.6214403 ], [ -17.4261747, 14.6259055 ], [ -17.4163215, 14.6325072 ], [ -17.4028502, 14.6354571 ], [ -17.3997678, 14.6357808 ], [ -17.3941096, 14.6379902 ], [ -17.3896323, 14.6391284 ], [ -17.3829776, 14.6435692 ], [ -17.3780695, 14.6439566 ], [ -17.3702645, 14.645356 ], [ -17.3667854, 14.6457321 ], [ -17.3621373, 14.6443774 ], [ -17.3563731, 14.6430845 ], [ -17.3503796, 14.6408246 ], [ -17.3336887, 14.6325307 ], [ -17.3217556, 14.6277158 ], [ -17.31712, 14.6258419 ], [ -17.3109849, 14.6222387 ], [ -17.3047487, 14.6159309 ], [ -17.3010441, 14.6142121 ], [ -17.2974684, 14.6129861 ], [ -17.2885999, 14.6107923 ], [ -17.2837241, 14.6087445 ], [ -17.2778431, 14.6053139 ], [ -17.2697488, 14.5986017 ], [ -17.2674055, 14.596063 ], [ -17.2613687, 14.5888387 ], [ -17.25791, 14.5829095 ], [ -17.2553122, 14.5783135 ], [ -17.2507737, 14.570356 ], [ -17.2480479, 14.5671136 ], [ -17.2413955, 14.5572839 ], [ -17.2365206, 14.5486285 ], [ -17.2341041, 14.5440012 ], [ -17.2297106, 14.5373078 ], [ -17.2275632, 14.533013 ], [ -17.2246751, 14.524251 ], [ -17.2216719, 14.5163419 ], [ -17.2205944, 14.5134033 ], [ -17.2175646, 14.4996375 ], [ -17.211444, 14.4889693 ], [ -17.2092037, 14.4831249 ], [ -17.2079161, 14.4745096 ], [ -17.2065147, 14.4665008 ], [ -17.2057275, 14.4618762 ], [ -17.2057247, 14.454696 ], [ -17.2051275, 14.4498958 ], [ -17.2051241, 14.4332916 ], [ -17.2046077, 14.4294717 ], [ -17.2009273, 14.4165276 ], [ -17.200909, 14.3998033 ], [ -17.1966805, 14.3871673 ], [ -17.1953272, 14.3832042 ], [ -17.1953189, 14.3665506 ], [ -17.1938159, 14.3586088 ], [ -17.1926271, 14.3498909 ], [ -17.1925881, 14.3331324 ], [ -17.1897332, 14.3273546 ], [ -17.1758526, 14.2995936 ], [ -17.1735919, 14.2936961 ], [ -17.1722978, 14.2878288 ], [ -17.1705029, 14.2818416 ], [ -17.1676081, 14.266471 ], [ -17.1645171, 14.2529096 ], [ -17.1642267, 14.2499081 ], [ -17.1642266, 14.2333947 ], [ -17.1645168, 14.2304925 ], [ -17.1676027, 14.2168544 ], [ -17.1709017, 14.2035581 ], [ -17.1717011, 14.2001607 ], [ -17.1731001, 14.1946644 ], [ -17.1741998, 14.1901657 ], [ -17.175915, 14.1834647 ], [ -17.1758537, 14.1663561 ], [ -17.1721475, 14.1614169 ], [ -17.1674502, 14.1550206 ], [ -17.1650475, 14.1518169 ], [ -17.1632456, 14.1494145 ], [ -17.1578461, 14.142315 ], [ -17.150717, 14.1327797 ], [ -17.1428218, 14.1240828 ], [ -17.1367899, 14.1160511 ], [ -17.1345518, 14.114008 ], [ -17.1271195, 14.1063776 ], [ -17.1221871, 14.0994722 ], [ -17.1205459, 14.096576 ], [ -17.1175226, 14.0884429 ], [ -17.1145624, 14.0839385 ], [ -17.1080582, 14.0753211 ], [ -17.1000286, 14.0692115 ], [ -17.0919305, 14.0732188 ], [ -17.082881, 14.0762508 ], [ -17.07909, 14.0788954 ], [ -17.0726599, 14.0827117 ], [ -17.069927, 14.0866085 ], [ -17.066405, 14.0890468 ], [ -17.0500465, 14.0890468 ], [ -17.0439465, 14.0884487 ], [ -17.0394388, 14.0884468 ], [ -17.0335543, 14.0879645 ], [ -17.0301075, 14.0862877 ], [ -17.0255591, 14.0826311 ], [ -17.020524, 14.0792055 ], [ -17.0106019, 14.0726569 ], [ -17.0033044, 14.0651622 ], [ -17.0007647, 14.0619387 ], [ -16.9960172, 14.054323 ], [ -16.993745, 14.0495809 ], [ -16.9908532, 14.0429998 ], [ -16.9883643, 14.0371259 ], [ -16.9865258, 14.0320943 ], [ -16.9865225, 14.0187923 ], [ -16.9860909, 14.015621 ], [ -16.9841401, 14.0107733 ], [ -16.9802823, 14.0036463 ], [ -16.9795436, 13.9999529 ], [ -16.9802812, 13.9963571 ], [ -16.9841387, 13.9892312 ], [ -16.9860899, 13.9844848 ], [ -16.9866212, 13.9810236 ], [ -16.9868214, 13.9681273 ], [ -16.9934851, 13.9582288 ], [ -16.9986606, 13.9496702 ], [ -17.0005949, 13.9473675 ], [ -17.008101, 13.9435657 ], [ -17.0170669, 13.9396805 ], [ -17.0208477, 13.9381294 ], [ -17.0309314, 13.9367454 ], [ -17.0343179, 13.9362616 ], [ -17.0465936, 13.9375486 ], [ -17.0497512, 13.9379313 ], [ -17.0574869, 13.9412606 ], [ -17.0664666, 13.9461118 ], [ -17.0709366, 13.9461545 ], [ -17.0742067, 13.9504239 ], [ -17.0768228, 13.955656 ], [ -17.0757842, 13.9600127 ], [ -17.0768916, 13.9668214 ], [ -17.078013, 13.9714058 ], [ -17.0823744, 13.9835052 ], [ -17.0823744, 13.9998018 ], [ -17.0781151, 14.0120869 ], [ -17.0768904, 14.0166507 ], [ -17.0781031, 14.0211748 ], [ -17.0807026, 14.0317722 ], [ -17.0813437, 14.0340853 ], [ -17.0826637, 14.036373 ], [ -17.0871751, 14.0382967 ], [ -17.0933002, 14.0403719 ], [ -17.1000107, 14.0442061 ], [ -17.1075604, 14.0412307 ], [ -17.1173736, 14.0339605 ], [ -17.1240762, 14.0238433 ], [ -17.1286673, 14.0169142 ], [ -17.1287073, 13.9832033 ], [ -17.1229643, 13.9661697 ], [ -17.1197717, 13.9634408 ], [ -17.1172134, 13.9616989 ], [ -17.1095571, 13.9569257 ], [ -17.100618, 13.9492778 ], [ -17.09105, 13.9406962 ], [ -17.0866254, 13.932142 ], [ -17.0841213, 13.9273344 ], [ -17.0802808, 13.9202442 ], [ -17.0795063, 13.9164683 ], [ -17.0781788, 13.9103756 ], [ -17.0768034, 13.9072156 ], [ -17.0759252, 13.8998979 ], [ -17.0759252, 13.8834221 ], [ -17.077313, 13.8748969 ], [ -17.0787189, 13.8666522 ], [ -17.0776154, 13.8599196 ], [ -17.0772141, 13.8569133 ], [ -17.0758976, 13.8497371 ], [ -17.073872, 13.8433501 ], [ -17.0712624, 13.8367238 ], [ -17.0694621, 13.8322231 ], [ -17.0675384, 13.8273718 ], [ -17.0635385, 13.8201656 ], [ -17.0620249, 13.8164762 ], [ -17.0620212, 13.8110881 ], [ -17.0613249, 13.8061879 ], [ -17.0613248, 13.7938135 ], [ -17.0620211, 13.7889132 ], [ -17.0620248, 13.7834238 ], [ -17.0628129, 13.7786952 ], [ -17.0642154, 13.7701773 ], [ -17.0648148, 13.7653852 ], [ -17.0676073, 13.7501256 ], [ -17.0706115, 13.7364958 ], [ -17.070908, 13.7335605 ], [ -17.0730787, 13.7280282 ], [ -17.0741603, 13.7237166 ], [ -17.0786318, 13.7170345 ], [ -17.0800797, 13.7127287 ], [ -17.0841886, 13.7001983 ], [ -17.0875981, 13.6868645 ], [ -17.0884138, 13.6834617 ], [ -17.0884243, 13.6667069 ], [ -17.0890213, 13.6620067 ], [ -17.0890243, 13.6548239 ], [ -17.0898192, 13.6500235 ], [ -17.0898192, 13.6332779 ], [ -17.0890242, 13.6284775 ], [ -17.0890213, 13.6213958 ], [ -17.0884241, 13.6165956 ], [ -17.0884035, 13.5997961 ], [ -17.0872446, 13.5965898 ], [ -17.0841186, 13.5912301 ], [ -17.0814814, 13.5858581 ], [ -17.080924, 13.583257 ], [ -17.080924, 13.5800588 ], [ -17.0842091, 13.5666217 ], [ -17.0805109, 13.553581 ], [ -17.0801084, 13.5497947 ], [ -17.0786975, 13.5442363 ], [ -17.0775972, 13.5397351 ], [ -17.0759073, 13.5331744 ], [ -17.0746108, 13.5245004 ], [ -17.0730708, 13.5163613 ], [ -17.0712684, 13.5126328 ], [ -17.0675931, 13.4997197 ], [ -17.0642236, 13.4865393 ], [ -17.0642083, 13.4832134 ], [ -17.062796, 13.4783296 ], [ -17.0614809, 13.4724838 ], [ -17.0592431, 13.4665412 ], [ -17.0602188, 13.4584403 ], [ -17.0609214, 13.4499504 ], [ -17.0602187, 13.4415606 ], [ -17.0592368, 13.4334085 ], [ -17.0608966, 13.426867 ], [ -17.0633854, 13.4169115 ], [ -17.0644859, 13.4139013 ], [ -17.0676135, 13.4000585 ], [ -17.0676232, 13.3668384 ], [ -17.0726675, 13.3554556 ], [ -17.0741751, 13.3502422 ], [ -17.0770583, 13.3431833 ], [ -17.0786595, 13.3391803 ], [ -17.080895, 13.3335354 ], [ -17.080923, 13.3300589 ], [ -17.0842121, 13.316763 ], [ -17.0842228, 13.2667752 ], [ -17.087903, 13.2539302 ], [ -17.0884196, 13.2500085 ], [ -17.0884227, 13.2334058 ], [ -17.0890105, 13.2287029 ], [ -17.0903077, 13.2229007 ], [ -17.0909184, 13.216737 ], [ -17.091718, 13.2085403 ], [ -17.0926079, 13.2001354 ], [ -17.0945994, 13.1939431 ], [ -17.0953069, 13.1890232 ], [ -17.096706, 13.1835155 ], [ -17.097206, 13.1798323 ], [ -17.1008756, 13.166939 ], [ -17.1056472, 13.1551093 ], [ -17.1079848, 13.1501664 ], [ -17.1080223, 13.1333827 ], [ -17.10862, 13.1251142 ], [ -17.1092178, 13.116611 ], [ -17.108012, 13.1094162 ], [ -17.1076122, 13.1065183 ], [ -17.1065342, 13.0999518 ], [ -17.1076171, 13.0934236 ], [ -17.1076221, 13.0900566 ], [ -17.1091842, 13.0836128 ], [ -17.1114794, 13.0775178 ], [ -17.1127922, 13.0716821 ], [ -17.1146416, 13.0658417 ], [ -17.1174985, 13.0616001 ], [ -17.1212321, 13.05414 ], [ -17.1230593, 13.0502752 ], [ -17.1258549, 13.0419952 ], [ -17.129976, 13.0338509 ], [ -17.1317676, 13.0317764 ], [ -17.1339806, 13.0297581 ], [ -17.1396258, 13.0228079 ], [ -17.1440788, 13.0171304 ], [ -17.1464504, 13.0125962 ], [ -17.1508841, 13.0002034 ], [ -17.1541054, 12.9867173 ], [ -17.1546133, 12.9834715 ], [ -17.1551191, 12.9792031 ], [ -17.1551217, 12.9709137 ], [ -17.1557083, 12.9668075 ], [ -17.157007, 12.9608095 ], [ -17.1576056, 12.9568237 ], [ -17.1608846, 12.9436081 ], [ -17.162777, 12.9383273 ], [ -17.1642017, 12.9335267 ], [ -17.1645117, 12.9304932 ], [ -17.1675804, 12.9169315 ], [ -17.1726658, 12.905456 ], [ -17.1741734, 12.9002427 ], [ -17.177012, 12.893293 ], [ -17.1841282, 12.883725 ], [ -17.1872867, 12.8699026 ], [ -17.1883092, 12.8671142 ], [ -17.194029, 12.8606013 ], [ -17.2008412, 12.8503027 ], [ -17.2041926, 12.8368745 ], [ -17.205046, 12.8337451 ], [ -17.210243, 12.8266851 ], [ -17.2175275, 12.8170251 ], [ -17.2206081, 12.8031952 ], [ -17.2209189, 12.7999498 ], [ -17.2206165, 12.7968614 ], [ -17.2193255, 12.7842496 ], [ -17.2196159, 12.781346 ], [ -17.2209091, 12.770204 ], [ -17.2216684, 12.7669771 ], [ -17.2260548, 12.7591789 ], [ -17.2340004, 12.7505373 ], [ -17.241641, 12.7413859 ], [ -17.2475568, 12.7325661 ], [ -17.2507789, 12.7282309 ], [ -17.2548128, 12.7211748 ], [ -17.2569257, 12.7170506 ], [ -17.2603931, 12.7100168 ], [ -17.2674823, 12.7004249 ], [ -17.2732613, 12.6896711 ], [ -17.278549, 12.6838702 ], [ -17.2805803, 12.6803326 ], [ -17.2840758, 12.6754357 ], [ -17.2871605, 12.6701655 ], [ -17.2896417, 12.6671847 ], [ -17.2940708, 12.6605449 ], [ -17.3007927, 12.6504093 ], [ -17.3066869, 12.6397219 ], [ -17.3107957, 12.6338016 ], [ -17.3130478, 12.6292008 ], [ -17.3175437, 12.6170172 ], [ -17.3233322, 12.6062353 ], [ -17.3258836, 12.6001898 ], [ -17.327092, 12.5930926 ], [ -17.3286736, 12.5891316 ], [ -17.3300592, 12.5837019 ], [ -17.3316139, 12.5811694 ], [ -17.3341662, 12.5752521 ], [ -17.3362836, 12.5678036 ], [ -17.3375733, 12.5636367 ], [ -17.3402835, 12.5562978 ], [ -17.3415805, 12.5502302 ], [ -17.3444412, 12.543917 ], [ -17.3475628, 12.5369612 ], [ -17.3489079, 12.5324326 ], [ -17.3477187, 12.5197943 ], [ -17.3476152, 12.5165692 ], [ -17.3470068, 12.5125983 ], [ -17.3456078, 12.5052029 ], [ -17.344752, 12.499641 ], [ -17.3403768, 12.4931658 ], [ -17.3340339, 12.4828093 ], [ -17.3262621, 12.4740341 ], [ -17.3219732, 12.4661648 ], [ -17.3199732, 12.4636546 ], [ -17.317397, 12.4589767 ], [ -17.3119061, 12.4546693 ], [ -17.3062413, 12.4493027 ], [ -17.3035563, 12.4467135 ], [ -17.3008195, 12.4412404 ], [ -17.2978944, 12.4357962 ], [ -17.2959777, 12.432868 ], [ -17.2913974, 12.4255993 ], [ -17.2889061, 12.4210156 ], [ -17.2857932, 12.4155934 ], [ -17.2840034, 12.412775 ], [ -17.2769615, 12.4064204 ], [ -17.2700584, 12.3985311 ], [ -17.2674516, 12.3939353 ], [ -17.2621542, 12.3878176 ], [ -17.2563957, 12.3828348 ], [ -17.2551196, 12.3790063 ], [ -17.2551027, 12.3707078 ], [ -17.2534105, 12.3653395 ], [ -17.2507361, 12.3619088 ], [ -17.2455275, 12.354833 ], [ -17.2437986, 12.3497422 ], [ -17.24131, 12.3329782 ], [ -17.2373106, 12.329275 ], [ -17.233794, 12.3262951 ], [ -17.2265771, 12.3231693 ], [ -17.2171581, 12.3158723 ], [ -17.2051804, 12.3111268 ], [ -17.2003657, 12.3087225 ], [ -17.1933558, 12.306216 ], [ -17.1884586, 12.3039193 ], [ -17.182421, 12.3017036 ], [ -17.1753369, 12.2991094 ], [ -17.1681822, 12.2961924 ], [ -17.1626106, 12.2949566 ], [ -17.1543516, 12.2949467 ], [ -17.1503577, 12.2936154 ], [ -17.143103, 12.2899881 ], [ -17.1338479, 12.2826258 ], [ -17.1239704, 12.276006 ], [ -17.1176192, 12.266383 ], [ -17.1176191, 12.2334285 ], [ -17.1203116, 12.2181583 ], [ -17.120618, 12.2136809 ], [ -17.120619, 12.2030936 ], [ -17.1209025, 12.2001631 ], [ -17.123032, 12.1948395 ], [ -17.1250559, 12.1912659 ], [ -17.1268113, 12.1833986 ], [ -17.1259117, 12.1748396 ], [ -17.124737, 12.1667126 ], [ -17.1271841, 12.1581967 ], [ -17.1295027, 12.1501055 ], [ -17.1298142, 12.145648 ], [ -17.1312117, 12.1364588 ], [ -17.1316168, 12.1320953 ], [ -17.1317186, 12.1192659 ], [ -17.1318162, 12.1154133 ], [ -17.1303157, 12.1038708 ], [ -17.1301145, 12.0998721 ], [ -17.1295116, 12.0951392 ], [ -17.1287116, 12.0887393 ], [ -17.1279973, 12.0831659 ], [ -17.1253826, 12.0746001 ], [ -17.123092, 12.0664337 ], [ -17.1221092, 12.0620114 ], [ -17.1213052, 12.0536052 ], [ -17.1201817, 12.0486016 ], [ -17.1175239, 12.0412609 ], [ -17.114113, 12.0362211 ], [ -17.1127339, 12.0329734 ], [ -17.1081176, 12.0239391 ], [ -17.1034822, 12.0151614 ], [ -17.1009308, 11.9999512 ], [ -17.1034702, 11.9849096 ], [ -17.1097769, 11.9763713 ], [ -17.1173149, 11.9701213 ], [ -17.1194484, 11.9680906 ], [ -17.1269539, 11.9604866 ], [ -17.1338195, 11.9569912 ], [ -17.1373093, 11.9540268 ], [ -17.1411766, 11.9505588 ], [ -17.145404, 11.9452318 ], [ -17.1507296, 11.9393954 ], [ -17.1535414, 11.9347969 ], [ -17.1547917, 11.9296656 ], [ -17.1566018, 11.9226125 ], [ -17.1573052, 11.9165727 ], [ -17.1558089, 11.9115877 ], [ -17.1553079, 11.9043253 ], [ -17.1544067, 11.8998062 ], [ -17.1540033, 11.8966939 ], [ -17.1508971, 11.8831593 ], [ -17.1479922, 11.8693406 ], [ -17.1471475, 11.8663128 ], [ -17.1425366, 11.8579735 ], [ -17.1394493, 11.8498694 ], [ -17.1406094, 11.8437513 ], [ -17.1406177, 11.8397887 ], [ -17.1425829, 11.8332338 ], [ -17.1400177, 11.82736 ], [ -17.1400079, 11.822343 ], [ -17.1387472, 11.816684 ], [ -17.1406003, 11.8105124 ], [ -17.1408992, 11.806914 ], [ -17.1445802, 11.8000453 ], [ -17.14179, 11.7915221 ], [ -17.1402479, 11.7834261 ], [ -17.143436, 11.7747312 ], [ -17.1485824, 11.7657145 ], [ -17.147423, 11.7535617 ], [ -17.147984, 11.7490732 ], [ -17.1507268, 11.7450063 ], [ -17.1560687, 11.7391301 ], [ -17.1582894, 11.7334255 ], [ -17.1564725, 11.7274716 ], [ -17.1536583, 11.7191333 ], [ -17.1521849, 11.7157911 ], [ -17.1506784, 11.713944 ], [ -17.1431933, 11.7069527 ], [ -17.1369348, 11.6984098 ], [ -17.1338544, 11.6945479 ], [ -17.1170086, 11.6872011 ], [ -17.1133321, 11.6862031 ], [ -17.1060892, 11.6825816 ], [ -17.1029554, 11.6802313 ], [ -17.1004852, 11.6783859 ], [ -17.0922474, 11.6742115 ], [ -17.083875, 11.6659494 ], [ -17.0739681, 11.6594037 ], [ -17.0676171, 11.6496847 ], [ -17.067617, 11.616776 ], [ -17.0712978, 11.6039252 ], [ -17.0717004, 11.6001542 ], [ -17.0745485, 11.5923956 ], [ -17.0786291, 11.5837366 ], [ -17.080454, 11.5799744 ], [ -17.0841859, 11.5668833 ], [ -17.087591, 11.5535633 ], [ -17.0883691, 11.5502568 ], [ -17.0966706, 11.5336131 ], [ -17.0972134, 11.5297104 ], [ -17.0972167, 11.5203987 ], [ -17.0976141, 11.5166507 ], [ -17.0972166, 11.5129026 ], [ -17.0972134, 11.5036925 ], [ -17.0967166, 11.4998923 ], [ -17.0967137, 11.4832953 ], [ -17.0961165, 11.4784952 ], [ -17.0961115, 11.4713773 ], [ -17.0953291, 11.4666522 ], [ -17.0961112, 11.4620256 ], [ -17.0961165, 11.4548062 ], [ -17.0967129, 11.44995 ], [ -17.0961164, 11.445194 ], [ -17.0961111, 11.4379757 ], [ -17.095329, 11.4333491 ], [ -17.0961113, 11.4286241 ], [ -17.0961164, 11.4215062 ], [ -17.0967089, 11.4167657 ], [ -17.0971997, 11.4131335 ], [ -17.1009014, 11.4000869 ], [ -17.1009162, 11.3834597 ], [ -17.1042053, 11.3701634 ], [ -17.1042104, 11.3665721 ], [ -17.1037004, 11.3636841 ], [ -17.1008702, 11.3496778 ], [ -17.0957599, 11.3381348 ], [ -17.0941775, 11.333091 ], [ -17.0916871, 11.3246237 ], [ -17.089758, 11.3163437 ], [ -17.0877713, 11.3124679 ], [ -17.0839929, 11.3077605 ], [ -17.0799349, 11.3036005 ], [ -17.0775674, 11.2996232 ], [ -17.075884, 11.2914182 ], [ -17.073025, 11.2829676 ], [ -17.0707697, 11.2794607 ], [ -17.0674426, 11.2744227 ], [ -17.0638744, 11.2699839 ], [ -17.0633512, 11.2663467 ], [ -17.0583414, 11.2583207 ], [ -17.050605, 11.2534586 ], [ -17.0481257, 11.250612 ], [ -17.0467158, 11.2457245 ], [ -17.046697, 11.2373011 ], [ -17.0452239, 11.2329659 ], [ -17.0407661, 11.2261554 ], [ -17.0340404, 11.2161202 ], [ -17.0265475, 11.2068162 ], [ -17.0176156, 11.1995248 ], [ -17.017406, 11.182864 ], [ -17.0062851, 11.1770811 ], [ -16.9952231, 11.1551548 ], [ -16.9925651, 11.149642 ], [ -16.9909155, 11.1432375 ], [ -16.9909104, 11.1398772 ], [ -16.989749, 11.133041 ], [ -16.987342, 11.1293197 ], [ -16.9839145, 11.1270675 ], [ -16.9790252, 11.1213154 ], [ -16.9776154, 11.116522 ], [ -16.9776154, 11.1101583 ], [ -16.9787046, 11.1056627 ], [ -16.9786268, 11.0996423 ], [ -16.9729545, 11.0939168 ], [ -16.9671282, 11.082614 ], [ -16.9517033, 11.0824466 ], [ -16.9575796, 11.0734653 ], [ -16.9564081, 11.0662714 ], [ -16.9533426, 11.0631303 ], [ -16.9505164, 11.0616956 ], [ -16.9439527, 11.0560137 ], [ -16.9383038, 11.0494881 ], [ -16.9372274, 11.0465698 ], [ -16.9339732, 11.041051 ], [ -16.9292566, 11.0374096 ], [ -16.9256952, 11.0327646 ], [ -16.9174101, 11.0243751 ], [ -16.9141523, 11.01968 ], [ -16.9133382, 11.0163041 ], [ -16.9084302, 11.0084087 ], [ -16.9006212, 10.9992913 ], [ -16.8909526, 10.9920694 ], [ -16.8837158, 10.9891419 ], [ -16.8797691, 10.9867353 ], [ -16.8756932, 10.9827565 ], [ -16.8720463, 10.9779175 ], [ -16.8671458, 10.9741674 ], [ -16.8611516, 10.9719872 ], [ -16.8561775, 10.9659632 ], [ -16.8514081, 10.9635416 ], [ -16.8447769, 10.9603274 ], [ -16.8409594, 10.9587603 ], [ -16.8337835, 10.9533855 ], [ -16.8253741, 10.9491266 ], [ -16.8194597, 10.9468572 ], [ -16.8173516, 10.9452074 ], [ -16.8118177, 10.93829 ], [ -16.8073467, 10.9327162 ], [ -16.803528, 10.9296142 ], [ -16.8005051, 10.9277961 ], [ -16.7936348, 10.9229172 ], [ -16.7837863, 10.9158859 ], [ -16.7732303, 10.909909 ], [ -16.7672418, 10.9048254 ], [ -16.763788, 10.9028424 ], [ -16.7606245, 10.8992927 ], [ -16.7551537, 10.8948119 ], [ -16.7506084, 10.8892854 ], [ -16.7462716, 10.886676 ], [ -16.7392862, 10.8825348 ], [ -16.7343433, 10.8808117 ], [ -16.7299229, 10.8788062 ], [ -16.7229131, 10.8766313 ], [ -16.71729, 10.8726563 ], [ -16.7140147, 10.8694773 ], [ -16.7118217, 10.8660983 ], [ -16.7065559, 10.8603291 ], [ -16.7006308, 10.8493245 ], [ -16.6894914, 10.8437324 ], [ -16.6840378, 10.8369155 ], [ -16.6818001, 10.8336723 ], [ -16.6739505, 10.8260151 ], [ -16.6663994, 10.8182709 ], [ -16.6630902, 10.8159559 ], [ -16.6569296, 10.8098931 ], [ -16.6507467, 10.7994325 ], [ -16.6431565, 10.7904359 ], [ -16.6389333, 10.7829718 ], [ -16.6376452, 10.7795075 ], [ -16.6341054, 10.7718246 ], [ -16.6314866, 10.7674899 ], [ -16.6257225, 10.7578027 ], [ -16.617548, 10.7495153 ], [ -16.6145788, 10.7341155 ], [ -16.6068287, 10.7266891 ], [ -16.6007431, 10.7161301 ], [ -16.5927496, 10.7073156 ], [ -16.583908, 10.6992757 ], [ -16.5749554, 10.6916344 ], [ -16.5672137, 10.6867026 ], [ -16.5648424, 10.6850229 ], [ -16.5616159, 10.6826052 ], [ -16.5546752, 10.6783784 ], [ -16.5503809, 10.6758331 ], [ -16.5414045, 10.6729978 ], [ -16.533637, 10.6700103 ], [ -16.5307002, 10.6688356 ], [ -16.5254812, 10.6658814 ], [ -16.5205091, 10.6625998 ], [ -16.5171601, 10.6603709 ], [ -16.5098008, 10.6566881 ], [ -16.5005426, 10.649224 ], [ -16.4906602, 10.6426996 ], [ -16.4840119, 10.6327873 ], [ -16.4758004, 10.6244673 ], [ -16.4730674, 10.616366 ], [ -16.4716686, 10.6121696 ], [ -16.467503, 10.599535 ], [ -16.4599442, 10.5901146 ], [ -16.4508004, 10.5828274 ], [ -16.4471477, 10.5700197 ], [ -16.4451408, 10.5661313 ], [ -16.4395495, 10.5605148 ], [ -16.43384, 10.5548293 ], [ -16.4299337, 10.5529109 ], [ -16.4173405, 10.5491961 ], [ -16.4117311, 10.5382263 ], [ -16.4005436, 10.5326089 ], [ -16.3838414, 10.51593 ], [ -16.3670168, 10.5075056 ], [ -16.3603807, 10.505814 ], [ -16.3506616, 10.4993022 ], [ -16.3439401, 10.4893179 ], [ -16.3338851, 10.4826502 ], [ -16.3172418, 10.4659305 ], [ -16.2838445, 10.4492101 ], [ -16.2672834, 10.4326579 ], [ -16.257059, 10.4258269 ], [ -16.2436761, 10.4225117 ], [ -16.2236605, 10.4092272 ], [ -16.2103812, 10.4058144 ], [ -16.2002677, 10.3991046 ], [ -16.1835765, 10.3990466 ], [ -16.1739622, 10.3927012 ], [ -16.1670981, 10.3825809 ], [ -16.1663257, 10.3825572 ], [ -16.1578049, 10.3908626 ], [ -16.15, 10.3934956 ], [ -16.1421951, 10.3908626 ], [ -16.1337132, 10.3825646 ], [ -16.1330528, 10.3825033 ], [ -16.1229213, 10.389114 ], [ -16.1168038, 10.3906898 ], [ -16.1117801, 10.3881779 ], [ -16.1092132, 10.3831357 ], [ -16.1092132, 10.3753257 ], [ -16.1175041, 10.3669825 ], [ -16.117212, 10.3659901 ], [ -16.0667, 10.3657466 ], [ -16.0503809, 10.3657466 ], [ -16.0335523, 10.3491351 ], [ -16.0327945, 10.3492106 ], [ -16.0244995, 10.3575644 ], [ -16.0167689, 10.3601723 ], [ -16.0099857, 10.3567807 ], [ -16.0065484, 10.3498132 ], [ -16.0075774, 10.3432366 ], [ -16.0004123, 10.3325944 ], [ -15.984213, 10.3324466 ], [ -15.9841534, 10.3163842 ], [ -15.9837233, 10.315889 ], [ -15.950913, 10.3157466 ], [ -15.9508533, 10.2830842 ], [ -15.9504233, 10.282589 ], [ -15.9009129, 10.2824466 ], [ -15.9008533, 10.2663842 ], [ -15.9004232, 10.265889 ], [ -15.8676128, 10.2657466 ], [ -15.8675532, 10.2496842 ], [ -15.8671232, 10.249189 ], [ -15.8342128, 10.2490466 ], [ -15.8341532, 10.2330842 ], [ -15.8337232, 10.232589 ], [ -15.8176127, 10.2324466 ], [ -15.8175532, 10.2163842 ], [ -15.8171232, 10.215889 ], [ -15.7842127, 10.2157466 ], [ -15.7841531, 10.1996842 ], [ -15.7837231, 10.199189 ], [ -15.7509127, 10.1990466 ], [ -15.7508531, 10.1830842 ], [ -15.7504231, 10.182589 ], [ -15.7176126, 10.1824466 ], [ -15.717553, 10.1663842 ], [ -15.7171231, 10.165889 ], [ -15.6842126, 10.1657466 ], [ -15.684153, 10.1496842 ], [ -15.6837231, 10.149189 ], [ -15.6676125, 10.1490466 ], [ -15.6675529, 10.1330842 ], [ -15.6671231, 10.132589 ], [ -15.6342125, 10.1324466 ], [ -15.6341529, 10.1163842 ], [ -15.633723, 10.115889 ], [ -15.6009124, 10.1157466 ], [ -15.6008529, 10.0996842 ], [ -15.600423, 10.099189 ], [ -15.5842124, 10.0990466 ], [ -15.5841528, 10.0830842 ], [ -15.583723, 10.082589 ], [ -15.5509123, 10.0824466 ], [ -15.5508528, 10.0663842 ], [ -15.550423, 10.065889 ], [ -15.5176123, 10.0657466 ], [ -15.5175527, 10.0496842 ], [ -15.5171229, 10.049189 ], [ -15.4842122, 10.0490466 ], [ -15.4841527, 10.0330842 ], [ -15.4837229, 10.032589 ], [ -15.4509122, 10.0324466 ], [ -15.4508526, 10.0163842 ], [ -15.4504229, 10.015889 ], [ -15.4335759, 10.0157466 ], [ -15.4236599, 10.0092269 ], [ -15.4168168, 10.0074581 ], [ -15.4086818, 10.0074466 ], [ -15.3926121, 9.9912801 ], [ -15.3925306, 9.983052 ], [ -15.3879774, 9.9783952 ], [ -15.3832989, 9.9768674 ], [ -15.3787219, 9.9783955 ], [ -15.3741695, 9.983052 ], [ -15.374088, 9.9912785 ], [ -15.3663199, 9.9990466 ], [ -15.3336802, 9.9990466 ], [ -15.3170113, 9.9825341 ], [ -15.2669793, 9.9824466 ], [ -15.2570599, 9.9758272 ], [ -15.2498904, 9.9740924 ], [ -15.2445562, 9.9779179 ], [ -15.2409228, 9.9828806 ], [ -15.2382211, 9.9881775 ], [ -15.233083, 9.9907466 ], [ -15.2253801, 9.9907466 ], [ -15.2170113, 9.9825341 ], [ -15.2162578, 9.9825926 ], [ -15.2158475, 9.9830842 ], [ -15.2157879, 9.9990466 ], [ -15.0009121, 9.9990466 ], [ -15.0007252, 9.9828791 ], [ -14.9903599, 9.9758272 ], [ -14.9832996, 9.9740597 ], [ -14.9763393, 9.9758275 ], [ -14.9668156, 9.982182 ], [ -14.9503112, 9.9658341 ], [ -14.900912, 9.9657466 ], [ -14.9008525, 9.9496842 ], [ -14.9004422, 9.9491926 ], [ -14.8996884, 9.9491345 ], [ -14.8913167, 9.9574466 ], [ -14.8835205, 9.9574466 ], [ -14.8784837, 9.9548824 ], [ -14.875912, 9.9497389 ], [ -14.8759119, 9.9420229 ], [ -14.8841329, 9.9334592 ], [ -14.8836313, 9.9325531 ], [ -14.8509119, 9.9324466 ], [ -14.8508524, 9.9163842 ], [ -14.8504228, 9.9158889 ], [ -14.8342119, 9.9157466 ], [ -14.8341303, 9.899652 ], [ -14.8259118, 9.8912784 ], [ -14.8258405, 9.8830563 ], [ -14.8220436, 9.8779171 ], [ -14.8169991, 9.8741188 ], [ -14.8086799, 9.8740466 ], [ -14.8003111, 9.8658341 ], [ -14.7842117, 9.8657466 ], [ -14.7841522, 9.8496842 ], [ -14.7837227, 9.8491889 ], [ -14.7676117, 9.8490466 ], [ -14.7675537, 9.8330865 ], [ -14.7609572, 9.8231458 ], [ -14.7619761, 9.8165362 ], [ -14.75734, 9.8094189 ], [ -14.7502672, 9.8047046 ], [ -14.7446185, 9.8046466 ], [ -14.7339297, 9.799254 ], [ -14.7275456, 9.7895812 ], [ -14.725817, 9.7829692 ], [ -14.7220434, 9.777917 ], [ -14.7170848, 9.7741417 ], [ -14.7103736, 9.77251 ], [ -14.7005842, 9.7659511 ], [ -14.6926114, 9.7579783 ], [ -14.6925393, 9.749655 ], [ -14.6887408, 9.7446144 ], [ -14.6834091, 9.7407925 ], [ -14.6763405, 9.7425268 ], [ -14.6669543, 9.7486969 ], [ -14.6606383, 9.7393176 ], [ -14.6509114, 9.7328663 ], [ -14.6508519, 9.7163842 ], [ -14.6504225, 9.7158889 ], [ -14.6335754, 9.7157466 ], [ -14.6236591, 9.7092267 ], [ -14.6103797, 9.7058141 ], [ -14.600267, 9.6991045 ], [ -14.5833, 9.6990466 ], [ -14.5671885, 9.6990466 ], [ -14.5608445, 9.689578 ], [ -14.5591182, 9.6829713 ], [ -14.5554432, 9.6779178 ], [ -14.5501095, 9.6740923 ], [ -14.5429405, 9.6758272 ], [ -14.5334192, 9.6821799 ], [ -14.5254768, 9.6741956 ], [ -14.5168486, 9.6713644 ], [ -14.5113184, 9.6713466 ], [ -14.500223, 9.6657859 ], [ -14.4833, 9.6657466 ], [ -14.4509112, 9.6657466 ], [ -14.4508517, 9.6496842 ], [ -14.4504224, 9.6491889 ], [ -14.4176111, 9.6490466 ], [ -14.4175517, 9.6330842 ], [ -14.4171224, 9.6325889 ], [ -14.3842111, 9.6324466 ], [ -14.3841516, 9.6163842 ], [ -14.3837224, 9.6158889 ], [ -14.367611, 9.6157466 ], [ -14.3675516, 9.5996842 ], [ -14.3671224, 9.5991889 ], [ -14.350911, 9.5990466 ], [ -14.3508515, 9.5830842 ], [ -14.3504224, 9.5825889 ], [ -14.3337923, 9.5824466 ], [ -14.3273398, 9.5727194 ], [ -14.3176109, 9.5661702 ], [ -14.3175514, 9.5496842 ], [ -14.3171223, 9.5491889 ], [ -14.3003793, 9.5490466 ], [ -14.2674091, 9.5160764 ], [ -14.2608463, 9.5062813 ], [ -14.2575306, 9.4929968 ], [ -14.2507078, 9.4827855 ], [ -14.2342106, 9.4662781 ], [ -14.2341721, 9.4497317 ], [ -14.2286148, 9.4384472 ], [ -14.2257389, 9.4328321 ], [ -14.2174051, 9.4243733 ], [ -14.2141475, 9.4196785 ], [ -14.2133537, 9.416345 ], [ -14.2049448, 9.3994391 ], [ -14.2029215, 9.3971951 ], [ -14.2007821, 9.393986 ], [ -14.1969201, 9.3868562 ], [ -14.195108, 9.3828049 ], [ -14.1886514, 9.3778313 ], [ -14.1837557, 9.3741717 ], [ -14.1779683, 9.3716669 ], [ -14.1705821, 9.3659549 ], [ -14.1680774, 9.3637524 ], [ -14.1592826, 9.3572542 ], [ -14.1505263, 9.3492176 ], [ -14.1399228, 9.3432059 ], [ -14.1337909, 9.3380937 ], [ -14.1300929, 9.3362837 ], [ -14.1208904, 9.3288922 ], [ -14.1172044, 9.3269919 ], [ -14.1112489, 9.3221104 ], [ -14.1064575, 9.3162648 ], [ -14.1056749, 9.3117137 ], [ -14.1006596, 9.2993748 ], [ -14.0883384, 9.2943816 ], [ -14.0837439, 9.2936079 ], [ -14.0785491, 9.2883187 ], [ -14.0758844, 9.2830845 ], [ -14.0749268, 9.2756118 ], [ -14.0674718, 9.2661627 ], [ -14.0619144, 9.255147 ], [ -14.059074, 9.2494787 ], [ -14.0554411, 9.2446162 ], [ -14.0504783, 9.2408839 ], [ -14.0348322, 9.2331013 ], [ -14.0420787, 9.2258548 ], [ -14.0503284, 9.2257511 ], [ -14.0545259, 9.2206918 ], [ -14.0550878, 9.2165341 ], [ -14.0537319, 9.2131347 ], [ -14.0503217, 9.2103294 ], [ -14.0441787, 9.2102853 ], [ -14.0327618, 9.2159293 ], [ -14.0246213, 9.2240465 ], [ -14.0169981, 9.2240465 ], [ -14.0125483, 9.2208019 ], [ -14.0092893, 9.2164566 ], [ -14.0108437, 9.2104217 ], [ -14.0175523, 9.2000241 ], [ -14.0172791, 9.19927 ], [ -14.0062775, 9.1937761 ], [ -14.0006561, 9.1827491 ], [ -13.9997971, 9.1825421 ], [ -13.9912064, 9.1908616 ], [ -13.9834407, 9.1934501 ], [ -13.9773568, 9.1893019 ], [ -13.9732047, 9.1832122 ], [ -13.9757964, 9.175437 ], [ -13.9840913, 9.1670596 ], [ -13.9840452, 9.166229 ], [ -13.9742098, 9.1595658 ], [ -13.9741832, 9.1564684 ], [ -13.9717514, 9.1498999 ], [ -13.9730817, 9.1443801 ], [ -13.9676098, 9.1331401 ], [ -13.9676095, 9.0166507 ], [ -13.9675514, 8.9330864 ], [ -13.9608447, 8.9229808 ], [ -13.9575296, 8.9096971 ], [ -13.9509092, 8.8996793 ], [ -13.9508513, 8.8663863 ], [ -13.9441468, 8.8562841 ], [ -13.9426347, 8.8499523 ], [ -13.9441459, 8.8437186 ], [ -13.9508449, 8.8334072 ], [ -13.9441468, 8.8229841 ], [ -13.9426347, 8.8166523 ], [ -13.9441463, 8.8104165 ], [ -13.9508328, 8.8002894 ], [ -13.9507444, 8.799529 ], [ -13.9406549, 8.7926978 ], [ -13.9342089, 8.783077 ], [ -13.9341495, 8.7496842 ], [ -13.9337214, 8.7491889 ], [ -13.9176088, 8.7490465 ], [ -13.917551, 8.7330863 ], [ -13.9108429, 8.7229786 ], [ -13.9092088, 8.7165383 ], [ -13.9092087, 8.7087239 ], [ -13.9175299, 8.7000593 ], [ -13.9170301, 8.6991531 ], [ -13.9009087, 8.6990465 ], [ -13.9008494, 8.6663842 ], [ -13.9004213, 8.6658889 ], [ -13.8842086, 8.6657465 ], [ -13.8841492, 8.6163842 ], [ -13.8837212, 8.6158889 ], [ -13.8676085, 8.6157465 ], [ -13.8676084, 8.567024 ], [ -13.8753775, 8.5592548 ], [ -13.8836099, 8.5591674 ], [ -13.8882728, 8.5546029 ], [ -13.8897878, 8.5499496 ], [ -13.8882724, 8.5453975 ], [ -13.8836098, 8.5408339 ], [ -13.8753775, 8.5407465 ], [ -13.8676083, 8.5329774 ], [ -13.8676081, 8.4336212 ], [ -13.8741728, 8.4234649 ], [ -13.8731325, 8.4167261 ], [ -13.8757941, 8.4088362 ], [ -13.8840901, 8.4003592 ], [ -13.8841566, 8.399725 ], [ -13.8775419, 8.38958 ], [ -13.8759874, 8.3835451 ], [ -13.8792526, 8.3791915 ], [ -13.8835036, 8.3759354 ], [ -13.8896236, 8.3774882 ], [ -13.8997342, 8.3841971 ], [ -13.9004263, 8.3841223 ], [ -13.9170772, 8.3675549 ], [ -13.933707, 8.367426 ], [ -13.9503771, 8.3508549 ], [ -13.9837209, 8.3507125 ], [ -13.9841487, 8.3502172 ], [ -13.9842078, 8.3337241 ], [ -14.0001147, 8.3178172 ], [ -14.0096454, 8.3241753 ], [ -14.0168104, 8.3258097 ], [ -14.0220384, 8.3220864 ], [ -14.0257703, 8.3171256 ], [ -14.0284761, 8.3118219 ], [ -14.0337112, 8.3091568 ], [ -14.0504548, 8.300732 ], [ -14.0603732, 8.2941891 ], [ -14.0670854, 8.2924593 ], [ -14.0720392, 8.2886864 ], [ -14.0756854, 8.2839465 ], [ -14.0796941, 8.2799378 ], [ -14.0835912, 8.2786071 ], [ -14.0921547, 8.2757194 ], [ -14.1005781, 8.2673538 ], [ -14.1106357, 8.2606836 ], [ -14.1172999, 8.2506864 ], [ -14.1290483, 8.2460319 ], [ -14.1338919, 8.2423345 ], [ -14.1423842, 8.2339424 ], [ -14.1458544, 8.2291916 ], [ -14.150541, 8.2256767 ], [ -14.1554382, 8.2220855 ], [ -14.1591377, 8.2169437 ], [ -14.1591692, 8.1664321 ], [ -14.1562273, 8.160527 ], [ -14.1506245, 8.1576513 ], [ -14.1475396, 8.1529773 ], [ -14.1467394, 8.1499542 ], [ -14.1475377, 8.147027 ], [ -14.1505648, 8.1424404 ], [ -14.1570567, 8.1407751 ], [ -14.167472, 8.1337529 ], [ -14.1700774, 8.118307 ], [ -14.1730588, 8.1114369 ], [ -14.1740512, 8.1073981 ], [ -14.1781157, 8.1063948 ], [ -14.1847635, 8.1029266 ], [ -14.1881214, 8.1005999 ], [ -14.1883601, 8.0998988 ], [ -14.1866872, 8.0966124 ], [ -14.1836998, 8.0958115 ], [ -14.1766939, 8.0902257 ], [ -14.1747344, 8.0833207 ], [ -14.1763119, 8.0759895 ], [ -14.1838195, 8.0707919 ], [ -14.1870716, 8.0683105 ], [ -14.1870792, 8.0675111 ], [ -14.1843824, 8.0645022 ], [ -14.1811522, 8.0633657 ], [ -14.1693136, 8.0633465 ], [ -14.1667754, 8.0616012 ], [ -14.16343, 8.0627465 ], [ -14.1528962, 8.0627552 ], [ -14.1500322, 8.063322 ], [ -14.146835, 8.0624607 ], [ -14.1369687, 8.0624465 ], [ -14.1334507, 8.0602865 ], [ -14.1285231, 8.0610465 ], [ -14.1213518, 8.0610486 ], [ -14.1167563, 8.0615354 ], [ -14.1112106, 8.0602567 ], [ -14.1058157, 8.0602465 ], [ -14.0837562, 8.0491673 ], [ -14.0739558, 8.042699 ], [ -14.0674252, 8.0328128 ], [ -14.0507051, 8.016075 ], [ -14.0440567, 8.006152 ], [ -14.0395953, 7.9993743 ], [ -14.0367366, 7.9966065 ], [ -14.034008, 7.9938779 ], [ -14.0296881, 7.9872998 ], [ -14.0274417, 7.9828384 ], [ -14.0225415, 7.9774125 ], [ -14.0172882, 7.9726627 ], [ -14.0136458, 7.9697088 ], [ -14.0106809, 7.9660547 ], [ -14.0056423, 7.9610123 ], [ -14.0005953, 7.9559701 ], [ -13.9969457, 7.9531066 ], [ -13.9939676, 7.9493414 ], [ -13.9887428, 7.9446112 ], [ -13.9839381, 7.9393094 ], [ -13.9804435, 7.9362111 ], [ -13.9772829, 7.932664 ], [ -13.971043, 7.9287231 ], [ -13.9671843, 7.9253936 ], [ -13.9603553, 7.9225187 ], [ -13.9545432, 7.9200139 ], [ -13.9493599, 7.91802 ], [ -13.9448153, 7.9158464 ], [ -13.937774, 7.9119787 ], [ -13.933843, 7.9093253 ], [ -13.9283714, 7.9048486 ], [ -13.921328, 7.8992166 ], [ -13.9179855, 7.897087 ], [ -13.8989653, 7.8852025 ], [ -13.8859604, 7.8849473 ], [ -13.8828763, 7.8845845 ], [ -13.8806763, 7.8827365 ], [ -13.8752099, 7.8748895 ], [ -13.8672507, 7.8659414 ], [ -13.8563785, 7.859981 ], [ -13.8504594, 7.855873 ], [ -13.8460584, 7.8536684 ], [ -13.839369, 7.8491775 ], [ -13.8347089, 7.8465444 ], [ -13.8280899, 7.8435961 ], [ -13.8236758, 7.8425116 ], [ -13.8172751, 7.8381475 ], [ -13.8145362, 7.8355064 ], [ -13.8115993, 7.8326042 ], [ -13.8039251, 7.8290505 ], [ -13.8004209, 7.8269513 ], [ -13.7914839, 7.823131 ], [ -13.78265, 7.8186644 ], [ -13.7782492, 7.8158661 ], [ -13.7708883, 7.8121833 ], [ -13.7672646, 7.8093432 ], [ -13.7617497, 7.8049115 ], [ -13.7573057, 7.7992879 ], [ -13.7530745, 7.7966802 ], [ -13.7504056, 7.7950452 ], [ -13.7423493, 7.7921152 ], [ -13.7336661, 7.7880238 ], [ -13.7297899, 7.7864329 ], [ -13.722616, 7.7825475 ], [ -13.7179285, 7.7802532 ], [ -13.7093423, 7.7752617 ], [ -13.7003107, 7.770605 ], [ -13.6964244, 7.7696974 ], [ -13.6892944, 7.7658372 ], [ -13.6845609, 7.7638212 ], [ -13.679517, 7.7616045 ], [ -13.6732804, 7.7596225 ], [ -13.6671423, 7.7558622 ], [ -13.6626577, 7.7536674 ], [ -13.6560706, 7.7491786 ], [ -13.6514862, 7.7465862 ], [ -13.6427623, 7.7404398 ], [ -13.6339218, 7.732692 ], [ -13.6173561, 7.7160265 ], [ -13.6094011, 7.7073755 ], [ -13.6034446, 7.699321 ], [ -13.6011206, 7.6974125 ], [ -13.5948713, 7.6936783 ], [ -13.5914303, 7.691556 ], [ -13.5836734, 7.6880267 ], [ -13.5799878, 7.6863779 ], [ -13.5755791, 7.6826551 ], [ -13.5708874, 7.6788915 ], [ -13.5670302, 7.6769117 ], [ -13.5586508, 7.6746816 ], [ -13.5502486, 7.6720814 ], [ -13.5452233, 7.6707744 ], [ -13.5362893, 7.6685669 ], [ -13.5323466, 7.6678586 ], [ -13.5168863, 7.6657634 ], [ -13.5039428, 7.6620795 ], [ -13.5001801, 7.6610655 ], [ -13.4945298, 7.6602558 ], [ -13.4897298, 7.6595558 ], [ -13.4835192, 7.6586686 ], [ -13.4766465, 7.656214 ], [ -13.4717516, 7.6539181 ], [ -13.4658155, 7.651703 ], [ -13.4514872, 7.6464294 ], [ -13.4324975, 7.6354397 ], [ -13.4194589, 7.6301606 ], [ -13.4172487, 7.6284311 ], [ -13.4100432, 7.6231268 ], [ -13.4005397, 7.6159243 ], [ -13.3907951, 7.6088942 ], [ -13.3836484, 7.6047217 ], [ -13.379168, 7.6035855 ], [ -13.3670597, 7.5991193 ], [ -13.3561364, 7.5937069 ], [ -13.3505188, 7.5881171 ], [ -13.3466274, 7.5862096 ], [ -13.3336323, 7.582505 ], [ -13.3171435, 7.5741613 ], [ -13.312038, 7.5710194 ], [ -13.3062182, 7.5659887 ], [ -13.3034356, 7.5632062 ], [ -13.3005144, 7.5604138 ], [ -13.2916485, 7.5562167 ], [ -13.2837666, 7.5533578 ], [ -13.2817507, 7.5516168 ], [ -13.2800283, 7.5495318 ], [ -13.2787061, 7.5443376 ], [ -13.2786667, 7.5386294 ], [ -13.2756637, 7.5327555 ], [ -13.2707963, 7.529398 ], [ -13.2672886, 7.5160593 ], [ -13.2663635, 7.5158293 ], [ -13.2570357, 7.5231841 ], [ -13.2500523, 7.5240334 ], [ -13.2435155, 7.5224724 ], [ -13.2391202, 7.5213736 ], [ -13.2334664, 7.5199628 ], [ -13.2296608, 7.5194499 ], [ -13.2204633, 7.5194465 ], [ -13.2156437, 7.5187717 ], [ -13.208683, 7.5158306 ], [ -13.2030957, 7.5130012 ], [ -13.2, 7.5124534 ], [ -13.1969044, 7.5130012 ], [ -13.1913248, 7.5158266 ], [ -13.1855011, 7.5181561 ], [ -13.1822365, 7.5183375 ], [ -13.1753351, 7.5158102 ], [ -13.1681563, 7.5127717 ], [ -13.1636698, 7.5129858 ], [ -13.1579419, 7.5158184 ], [ -13.1520413, 7.5179465 ], [ -13.1492059, 7.5179465 ], [ -13.1448715, 7.5158735 ], [ -13.1385446, 7.5111673 ], [ -13.1335246, 7.5091799 ], [ -13.1250925, 7.5083512 ], [ -13.1169124, 7.5074642 ], [ -13.1108708, 7.5051893 ], [ -13.105028, 7.503875 ], [ -13.0990083, 7.5020987 ], [ -13.092017, 7.4991042 ], [ -13.0846604, 7.4966849 ], [ -13.0797988, 7.4953694 ], [ -13.0720089, 7.4939694 ], [ -13.0668799, 7.4924665 ], [ -13.0585921, 7.4915512 ], [ -13.0501885, 7.4907602 ], [ -13.0440802, 7.4887241 ], [ -13.0335601, 7.482501 ], [ -13.0170758, 7.4824465 ], [ -13.000454, 7.4658819 ], [ -12.9877787, 7.4615904 ], [ -12.9836985, 7.4603273 ], [ -12.9773552, 7.4560024 ], [ -12.973019, 7.4495462 ], [ -12.9715713, 7.4453984 ], [ -12.9669517, 7.4408353 ], [ -12.9596441, 7.4425262 ], [ -12.9502521, 7.4487003 ], [ -12.9439337, 7.4393167 ], [ -12.9337223, 7.4325536 ], [ -12.9216387, 7.427682 ], [ -12.9168497, 7.4268589 ], [ -12.9100736, 7.4257515 ], [ -12.9068133, 7.4257465 ], [ -12.9003176, 7.4240983 ], [ -12.8670125, 7.4075047 ], [ -12.8603749, 7.4058128 ], [ -12.8499811, 7.3991083 ], [ -12.8396252, 7.4058128 ], [ -12.8334076, 7.4073904 ], [ -12.8280219, 7.4046859 ], [ -12.8223137, 7.4046465 ], [ -12.816815, 7.4032578 ], [ -12.8002142, 7.4032465 ], [ -12.7974996, 7.4019016 ], [ -12.783621, 7.3990929 ], [ -12.7730861, 7.3931346 ], [ -12.7671035, 7.3908368 ], [ -12.7620376, 7.3877193 ], [ -12.7561392, 7.3826271 ], [ -12.7514404, 7.3798609 ], [ -12.7425392, 7.3753591 ], [ -12.7338153, 7.370105 ], [ -12.7315514, 7.3683334 ], [ -12.7282585, 7.3658738 ], [ -12.7205278, 7.3623087 ], [ -12.7169418, 7.3610804 ], [ -12.7107614, 7.3597612 ], [ -12.7068809, 7.3591636 ], [ -12.7001772, 7.3574646 ], [ -12.6930527, 7.3562594 ], [ -12.6901506, 7.355759 ], [ -12.6834838, 7.3546645 ], [ -12.6791677, 7.3535855 ], [ -12.6668824, 7.3490729 ], [ -12.6503168, 7.3490465 ], [ -12.6411833, 7.3417892 ], [ -12.6335696, 7.3379934 ], [ -12.6288453, 7.3371752 ], [ -12.6170716, 7.332525 ], [ -12.6060891, 7.3269843 ], [ -12.6004498, 7.3225713 ], [ -12.5954365, 7.3205814 ], [ -12.5869058, 7.3191681 ], [ -12.582721, 7.317903 ], [ -12.5782229, 7.3158495 ], [ -12.5711772, 7.3116329 ], [ -12.5668675, 7.310265 ], [ -12.5606371, 7.309748 ], [ -12.5561445, 7.3097465 ], [ -12.5502205, 7.3091638 ], [ -12.5431397, 7.3062824 ], [ -12.5402013, 7.3057678 ], [ -12.5335148, 7.3038729 ], [ -12.529628, 7.3030743 ], [ -12.5169604, 7.2990847 ], [ -12.5039424, 7.2953795 ], [ -12.500134, 7.2943605 ], [ -12.4952574, 7.2943465 ], [ -12.4889572, 7.2935495 ], [ -12.4834182, 7.2935465 ], [ -12.4752893, 7.2913918 ], [ -12.46685, 7.2879712 ], [ -12.4604242, 7.2884676 ], [ -12.4570204, 7.289655 ], [ -12.45014, 7.2900373 ], [ -12.4448149, 7.2880404 ], [ -12.4366575, 7.2826349 ], [ -12.434164, 7.2806087 ], [ -12.4302748, 7.2815105 ], [ -12.4207275, 7.2867679 ], [ -12.4168616, 7.2871275 ], [ -12.4140495, 7.2858093 ], [ -12.4114165, 7.282904 ], [ -12.4090722, 7.2745049 ], [ -12.400417, 7.2658662 ], [ -12.3864358, 7.2627553 ], [ -12.3833716, 7.2632232 ], [ -12.3797659, 7.2620652 ], [ -12.3713207, 7.2614666 ], [ -12.3669559, 7.2584093 ], [ -12.3662923, 7.2584625 ], [ -12.3625388, 7.2619465 ], [ -12.3536489, 7.2619654 ], [ -12.3500324, 7.2631838 ], [ -12.3459303, 7.2614814 ], [ -12.3389526, 7.2606912 ], [ -12.3334837, 7.2547349 ], [ -12.3247739, 7.2577697 ], [ -12.3168253, 7.2589189 ], [ -12.310353, 7.2561049 ], [ -12.3048139, 7.249627 ], [ -12.3048384, 7.2457031 ], [ -12.3004332, 7.2408863 ], [ -12.2997335, 7.2408052 ], [ -12.2943562, 7.2446266 ], [ -12.2942864, 7.2495615 ], [ -12.2885637, 7.2548227 ], [ -12.2833897, 7.2560027 ], [ -12.2790691, 7.2541125 ], [ -12.2755208, 7.2496544 ], [ -12.2758984, 7.24182 ], [ -12.2786898, 7.2334238 ], [ -12.2783472, 7.2326999 ], [ -12.2689287, 7.2307312 ], [ -12.26724, 7.2284471 ], [ -12.2665371, 7.228308 ], [ -12.2641084, 7.2302052 ], [ -12.2534499, 7.2289554 ], [ -12.2500509, 7.2298039 ], [ -12.2461941, 7.2283737 ], [ -12.2382104, 7.2279654 ], [ -12.2337706, 7.2232965 ], [ -12.2331361, 7.2231939 ], [ -12.2277671, 7.2269988 ], [ -12.2228625, 7.2262553 ], [ -12.2167941, 7.2276024 ], [ -12.209014, 7.2241342 ], [ -12.2030954, 7.2150138 ], [ -12.2004955, 7.2097654 ], [ -12.1995618, 7.2096916 ], [ -12.1962829, 7.2135599 ], [ -12.1966306, 7.2163726 ], [ -12.1903, 7.2233549 ], [ -12.1833745, 7.2253864 ], [ -12.1772916, 7.2225293 ], [ -12.1727511, 7.2164135 ], [ -12.1735805, 7.2105308 ], [ -12.1697876, 7.2022427 ], [ -12.1716268, 7.2000594 ], [ -12.1713094, 7.1992295 ], [ -12.1667195, 7.1977742 ], [ -12.1538992, 7.1952565 ], [ -12.15012, 7.196003 ], [ -12.1425973, 7.1923356 ], [ -12.1399708, 7.1887711 ], [ -12.1363416, 7.1818071 ], [ -12.1340473, 7.1744708 ], [ -12.1333937, 7.1740862 ], [ -12.132761, 7.1742459 ], [ -12.1289395, 7.1796426 ], [ -12.1297057, 7.1831061 ], [ -12.1235991, 7.1899528 ], [ -12.116794, 7.191884 ], [ -12.1110317, 7.1889571 ], [ -12.1073426, 7.1831467 ], [ -12.1084508, 7.1752046 ], [ -12.117487, 7.1669942 ], [ -12.1172521, 7.166001 ], [ -12.1039583, 7.1626782 ], [ -12.1007009, 7.1550039 ], [ -12.1000566, 7.1546824 ], [ -12.0994058, 7.1548892 ], [ -12.0951837, 7.161236 ], [ -12.0890688, 7.1599601 ], [ -12.0834065, 7.1614832 ], [ -12.0758518, 7.1574727 ], [ -12.0713839, 7.1498399 ], [ -12.072987, 7.1445525 ], [ -12.0707504, 7.1369315 ], [ -12.083849, 7.1340274 ], [ -12.0841797, 7.1334664 ], [ -12.0838307, 7.1326947 ], [ -12.0674117, 7.1300503 ], [ -12.0646036, 7.1303409 ], [ -12.053251, 7.1290548 ], [ -12.0501046, 7.1297948 ], [ -12.0453596, 7.1274914 ], [ -12.0396474, 7.1268148 ], [ -12.0364153, 7.1184618 ], [ -12.034942, 7.1158992 ], [ -12.0338075, 7.1126896 ], [ -12.0328752, 7.1125789 ], [ -12.0305595, 7.1148116 ], [ -12.0228595, 7.1225117 ], [ -12.0168502, 7.1236043 ], [ -12.0121401, 7.1210681 ], [ -12.0092493, 7.116461 ], [ -12.01034, 7.1099166 ], [ -12.0184193, 7.1028095 ], [ -12.0208259, 7.1001154 ], [ -12.0205708, 7.0992769 ], [ -12.0175638, 7.098022 ], [ -12.0142369, 7.0964125 ], [ -12.0062413, 7.0937126 ], [ -12.0006526, 7.0827488 ], [ -11.999835, 7.0825258 ], [ -11.9912369, 7.0908343 ], [ -11.9833667, 7.0928019 ], [ -11.9764769, 7.0900087 ], [ -11.9701728, 7.0814739 ], [ -11.9673524, 7.0760484 ], [ -11.9666444, 7.0757958 ], [ -11.9619493, 7.0790369 ], [ -11.962063, 7.0829716 ], [ -11.9556561, 7.0886356 ], [ -11.9500816, 7.0901892 ], [ -11.9452684, 7.0879188 ], [ -11.9412187, 7.0830408 ], [ -11.94145, 7.0758228 ], [ -11.933786, 7.0659244 ], [ -11.9182078, 7.0632684 ], [ -11.9127178, 7.061574 ], [ -11.9061241, 7.0603293 ], [ -11.9005393, 7.0526465 ], [ -11.8999101, 7.0524837 ], [ -11.8913668, 7.0574955 ], [ -11.8834143, 7.0591049 ], [ -11.8770691, 7.0561189 ], [ -11.8717344, 7.0496612 ], [ -11.872067, 7.0452607 ], [ -11.8673501, 7.0368443 ], [ -11.8666308, 7.036602 ], [ -11.8587123, 7.0425223 ], [ -11.8594388, 7.0495653 ], [ -11.8542049, 7.0538066 ], [ -11.8501236, 7.0546051 ], [ -11.8469042, 7.0530389 ], [ -11.8445146, 7.0496757 ], [ -11.8446947, 7.0441821 ], [ -11.8502544, 7.0372774 ], [ -11.8556451, 7.0397152 ], [ -11.8562531, 7.0394514 ], [ -11.8591592, 7.0334 ], [ -11.8588045, 7.0326338 ], [ -11.8510353, 7.0310747 ], [ -11.8476551, 7.029884 ], [ -11.8386712, 7.0277566 ], [ -11.8338963, 7.0201925 ], [ -11.8332877, 7.0199785 ], [ -11.8247181, 7.0240812 ], [ -11.8168377, 7.0254104 ], [ -11.810781, 7.0224287 ], [ -11.8058706, 7.0162907 ], [ -11.8053206, 7.0118106 ], [ -11.8002712, 7.0058496 ], [ -11.7923049, 7.0073037 ], [ -11.7895855, 6.999421 ], [ -11.7845516, 6.9973169 ], [ -11.7795659, 6.9950238 ], [ -11.7738189, 6.9925883 ], [ -11.7670301, 6.9858364 ], [ -11.7635853, 6.9854501 ], [ -11.7543622, 6.9868418 ], [ -11.7502844, 6.9865637 ], [ -11.7479901, 6.9851518 ], [ -11.7460064, 6.9828976 ], [ -11.7433514, 6.9745742 ], [ -11.7338571, 6.96594 ], [ -11.7237553, 6.9592702 ], [ -11.7171393, 6.9558597 ], [ -11.712967, 6.9533761 ], [ -11.7060427, 6.9491627 ], [ -11.7013421, 6.9468148 ], [ -11.6960383, 6.9449797 ], [ -11.6891976, 6.9435884 ], [ -11.6838816, 6.9409303 ], [ -11.6802375, 6.9364138 ], [ -11.6754526, 6.9325734 ], [ -11.6695811, 6.9302091 ], [ -11.6672519, 6.927052 ], [ -11.6583436, 6.922915 ], [ -11.6503765, 6.9200253 ], [ -11.647774, 6.9185794 ], [ -11.6438786, 6.91595 ], [ -11.6388653, 6.9109479 ], [ -11.6337811, 6.9075851 ], [ -11.6285987, 6.9044951 ], [ -11.6213393, 6.8992245 ], [ -11.6179709, 6.8966818 ], [ -11.611499, 6.8936389 ], [ -11.6077331, 6.8917126 ], [ -11.6003289, 6.889604 ], [ -11.5955687, 6.8872259 ], [ -11.5836156, 6.8825033 ], [ -11.5712741, 6.8780895 ], [ -11.5669125, 6.8768723 ], [ -11.5586057, 6.8751698 ], [ -11.5503205, 6.8729999 ], [ -11.5455717, 6.8706271 ], [ -11.5336618, 6.8658215 ], [ -11.5223589, 6.8605211 ], [ -11.5170698, 6.8584245 ], [ -11.510933, 6.8553561 ], [ -11.5004385, 6.8491603 ], [ -11.483781, 6.8408799 ], [ -11.479143, 6.8373275 ], [ -11.4727228, 6.8326128 ], [ -11.4682927, 6.8295926 ], [ -11.4580996, 6.8232963 ], [ -11.4499636, 6.8175416 ], [ -11.4482092, 6.8159821 ], [ -11.4408402, 6.809111 ], [ -11.433979, 6.8017526 ], [ -11.4325163, 6.7999974 ], [ -11.4267499, 6.7919443 ], [ -11.420335, 6.7818779 ], [ -11.4175812, 6.7720428 ], [ -11.4164898, 6.7663874 ], [ -11.4142023, 6.7532593 ], [ -11.414105, 6.7499511 ], [ -11.4142022, 6.746742 ], [ -11.4163891, 6.7338775 ], [ -11.4154586, 6.7309662 ], [ -11.4122952, 6.7214351 ], [ -11.4080922, 6.7160691 ], [ -11.4042717, 6.7119544 ], [ -11.4001035, 6.7113524 ], [ -11.3952913, 6.7108613 ], [ -11.390165, 6.7091656 ], [ -11.3838189, 6.7087758 ], [ -11.3802575, 6.7031414 ], [ -11.3750332, 6.6992933 ], [ -11.3715765, 6.6949668 ], [ -11.3672144, 6.6925022 ], [ -11.3618199, 6.6880132 ], [ -11.3519682, 6.682195 ], [ -11.3507654, 6.6800707 ], [ -11.3448993, 6.6719786 ], [ -11.3395996, 6.6660762 ], [ -11.3371853, 6.662863 ], [ -11.3338845, 6.6595631 ], [ -11.3279267, 6.6552156 ], [ -11.3182249, 6.6483847 ], [ -11.3108925, 6.6392693 ], [ -11.3052065, 6.6327847 ], [ -11.3033613, 6.6302598 ], [ -11.3006614, 6.625552 ], [ -11.2947899, 6.6214404 ], [ -11.2864273, 6.6186068 ], [ -11.281465, 6.6164234 ], [ -11.2710417, 6.6118139 ], [ -11.2669329, 6.6102802 ], [ -11.2601168, 6.6091545 ], [ -11.2570338, 6.6088552 ], [ -11.2502812, 6.6074851 ], [ -11.2445943, 6.6048977 ], [ -11.2375403, 6.6030788 ], [ -11.2324372, 6.6015783 ], [ -11.2224612, 6.5990839 ], [ -11.217808, 6.5974359 ], [ -11.2094884, 6.5918898 ], [ -11.1992534, 6.5855686 ], [ -11.1937606, 6.5825719 ], [ -11.1876805, 6.5786847 ], [ -11.1837937, 6.5762927 ], [ -11.1776863, 6.572089 ], [ -11.1566352, 6.5596588 ], [ -11.1504648, 6.556671 ], [ -11.1462572, 6.5536377 ], [ -11.1411079, 6.5492805 ], [ -11.1374846, 6.5457625 ], [ -11.1338276, 6.5430166 ], [ -11.1277383, 6.5388235 ], [ -11.1199852, 6.5326607 ], [ -11.1178971, 6.5307718 ], [ -11.1095877, 6.5236635 ], [ -11.1005773, 6.5159549 ], [ -11.0913434, 6.5086071 ], [ -11.083809, 6.4992259 ], [ -11.0713324, 6.494809 ], [ -11.0669901, 6.4928961 ], [ -11.0502709, 6.4886864 ], [ -11.0458161, 6.4870035 ], [ -11.0336033, 6.4824989 ], [ -11.02109, 6.4782942 ], [ -11.0171005, 6.4769319 ], [ -11.0104997, 6.4725971 ], [ -11.0004874, 6.4658893 ], [ -10.9901426, 6.4595629 ], [ -10.9837723, 6.4563759 ], [ -10.9797899, 6.453462 ], [ -10.9756813, 6.4493534 ], [ -10.9720955, 6.4446736 ], [ -10.9672875, 6.4392682 ], [ -10.963255, 6.4365344 ], [ -10.9588824, 6.4326593 ], [ -10.9542678, 6.4289471 ], [ -10.9506199, 6.4259893 ], [ -10.9458996, 6.4208756 ], [ -10.942455, 6.4161516 ], [ -10.9393541, 6.4109532 ], [ -10.9340164, 6.4035998 ], [ -10.9314061, 6.4003861 ], [ -10.9248074, 6.3919878 ], [ -10.9175054, 6.3829095 ], [ -10.9133571, 6.3705636 ], [ -10.9119397, 6.3663185 ], [ -10.9078375, 6.3576075 ], [ -10.9050636, 6.3496819 ], [ -10.9041747, 6.3464227 ], [ -10.900783, 6.3329301 ], [ -10.8840111, 6.3160833 ], [ -10.8776675, 6.3059732 ], [ -10.8736591, 6.2994604 ], [ -10.8711647, 6.2957679 ], [ -10.8674711, 6.2894794 ], [ -10.8648157, 6.2853013 ], [ -10.8625967, 6.282774 ], [ -10.8574331, 6.2761209 ], [ -10.8506871, 6.266068 ], [ -10.8420391, 6.2580105 ], [ -10.83395, 6.2493227 ], [ -10.8172815, 6.2326612 ], [ -10.8074761, 6.2256512 ], [ -10.7996139, 6.2182137 ], [ -10.7948161, 6.2158477 ], [ -10.787771, 6.2119779 ], [ -10.7838622, 6.2093394 ], [ -10.7786747, 6.2045542 ], [ -10.7713158, 6.1992084 ], [ -10.7679153, 6.1969512 ], [ -10.7628393, 6.1950123 ], [ -10.7569886, 6.1924954 ], [ -10.7502478, 6.1907807 ], [ -10.7440002, 6.1887973 ], [ -10.7373034, 6.1861992 ], [ -10.7324512, 6.1846639 ], [ -10.7186618, 6.1843475 ], [ -10.7161439, 6.184057 ], [ -10.7085225, 6.1824734 ], [ -10.7011816, 6.180267 ], [ -10.6974534, 6.1798488 ], [ -10.6848511, 6.1797483 ], [ -10.6754376, 6.1741601 ], [ -10.6670058, 6.1700029 ], [ -10.6635152, 6.1691724 ], [ -10.6503015, 6.1657945 ], [ -10.6388725, 6.1605924 ], [ -10.6334445, 6.1595584 ], [ -10.6252133, 6.1585535 ], [ -10.6168411, 6.1574572 ], [ -10.609847, 6.1561587 ], [ -10.6068328, 6.1557561 ], [ -10.6001269, 6.1546556 ], [ -10.5951017, 6.1540522 ], [ -10.5875907, 6.153251 ], [ -10.5833971, 6.1528516 ], [ -10.5800544, 6.1524491 ], [ -10.5700714, 6.1524464 ], [ -10.5658727, 6.1517784 ], [ -10.5604888, 6.1491826 ], [ -10.5550123, 6.1447083 ], [ -10.5504505, 6.1420669 ], [ -10.544347, 6.1385649 ], [ -10.5337242, 6.1325526 ], [ -10.5114287, 6.1214107 ], [ -10.5035873, 6.1191922 ], [ -10.4995226, 6.117606 ], [ -10.4947478, 6.1158154 ], [ -10.4871265, 6.1123084 ], [ -10.4835725, 6.1110888 ], [ -10.4756508, 6.108782 ], [ -10.4669486, 6.1062813 ], [ -10.4613465, 6.1046807 ], [ -10.4535815, 6.1024906 ], [ -10.4497781, 6.1010643 ], [ -10.4478371, 6.0993082 ], [ -10.4412371, 6.0921109 ], [ -10.4331855, 6.0847624 ], [ -10.4306046, 6.0826771 ], [ -10.4239363, 6.0760088 ], [ -10.4163912, 6.0685682 ], [ -10.4130148, 6.0659089 ], [ -10.4053071, 6.0612011 ], [ -10.400499, 6.057598 ], [ -10.39505, 6.0544223 ], [ -10.3866823, 6.0521901 ], [ -10.3829582, 6.05072 ], [ -10.3796411, 6.0491591 ], [ -10.3721293, 6.044257 ], [ -10.367061, 6.0420218 ], [ -10.3603579, 6.0391204 ], [ -10.3545635, 6.0366228 ], [ -10.3497561, 6.0344644 ], [ -10.3473054, 6.0326735 ], [ -10.3410016, 6.0257787 ], [ -10.3340554, 6.0161532 ], [ -10.3278744, 6.0057852 ], [ -10.3240189, 5.999407 ], [ -10.3208375, 5.9958117 ], [ -10.3173357, 5.9927064 ], [ -10.3125941, 5.9874709 ], [ -10.3090361, 5.9828256 ], [ -10.3057524, 5.9778504 ], [ -10.3007116, 5.9702957 ], [ -10.2979819, 5.9671577 ], [ -10.2910089, 5.959089 ], [ -10.2839068, 5.9492925 ], [ -10.2735102, 5.9429031 ], [ -10.2671456, 5.9380689 ], [ -10.2630862, 5.9364314 ], [ -10.2559909, 5.9325364 ], [ -10.2511757, 5.9305278 ], [ -10.2455865, 5.9277336 ], [ -10.240714, 5.9255455 ], [ -10.2337399, 5.9214612 ], [ -10.2299327, 5.9195126 ], [ -10.2171483, 5.9158386 ], [ -10.2084732, 5.9080528 ], [ -10.199626, 5.9015157 ], [ -10.1963397, 5.8992251 ], [ -10.1894638, 5.8937443 ], [ -10.1838609, 5.889242 ], [ -10.1801611, 5.8863421 ], [ -10.1709669, 5.8789468 ], [ -10.1672629, 5.8759436 ], [ -10.1617427, 5.8716062 ], [ -10.1573892, 5.866067 ], [ -10.1541324, 5.8625064 ], [ -10.150602, 5.8593766 ], [ -10.1453424, 5.8546132 ], [ -10.1406884, 5.8493652 ], [ -10.1377021, 5.845682 ], [ -10.1339777, 5.8410545 ], [ -10.1255264, 5.8326219 ], [ -10.1200187, 5.8295095 ], [ -10.1170985, 5.8288152 ], [ -10.1100057, 5.823277 ], [ -10.102377, 5.815351 ], [ -10.1006092, 5.8131909 ], [ -10.0830008, 5.8013983 ], [ -10.0796968, 5.7991956 ], [ -10.0723506, 5.7943961 ], [ -10.0674719, 5.7869805 ], [ -10.0655749, 5.7835875 ], [ -10.0600398, 5.775133 ], [ -10.0527847, 5.7653638 ], [ -10.0506494, 5.7632222 ], [ -10.0439375, 5.7560112 ], [ -10.0367008, 5.7492759 ], [ -10.0345743, 5.7474531 ], [ -10.025886, 5.7406617 ], [ -10.01725, 5.7326366 ], [ -10.0068769, 5.7261829 ], [ -10.0004797, 5.7221846 ], [ -9.9966808, 5.7197853 ], [ -9.9905035, 5.7158996 ], [ -9.986679, 5.7131538 ], [ -9.9839051, 5.7104802 ], [ -9.9778332, 5.705324 ], [ -9.9670525, 5.6991216 ], [ -9.9542942, 5.6950954 ], [ -9.9418089, 5.690401 ], [ -9.933643, 5.687513 ], [ -9.9302497, 5.6859178 ], [ -9.9212133, 5.6825399 ], [ -9.9181069, 5.680469 ], [ -9.9111768, 5.6722526 ], [ -9.9055141, 5.6660926 ], [ -9.9036323, 5.6632234 ], [ -9.9007314, 5.6595196 ], [ -9.8967351, 5.6535266 ], [ -9.8936246, 5.6494114 ], [ -9.8896312, 5.6439204 ], [ -9.8840373, 5.636129 ], [ -9.8822099, 5.6334932 ], [ -9.8750871, 5.6250642 ], [ -9.8673155, 5.6159927 ], [ -9.8580418, 5.6086065 ], [ -9.8506086, 5.5992911 ], [ -9.8405289, 5.5926169 ], [ -9.8338176, 5.5873111 ], [ -9.8307834, 5.5854359 ], [ -9.8225494, 5.5825153 ], [ -9.8179727, 5.5802756 ], [ -9.8083553, 5.5730729 ], [ -9.7990156, 5.5688049 ], [ -9.7891982, 5.5657964 ], [ -9.784397, 5.5638975 ], [ -9.7805394, 5.5627789 ], [ -9.7721693, 5.5605865 ], [ -9.7670573, 5.5587187 ], [ -9.7608229, 5.5556015 ], [ -9.7532629, 5.5484342 ], [ -9.7507972, 5.5453995 ], [ -9.7474707, 5.5361995 ], [ -9.7443644, 5.5327387 ], [ -9.7392979, 5.5272766 ], [ -9.7337981, 5.5232975 ], [ -9.7290502, 5.5204232 ], [ -9.7188712, 5.5177868 ], [ -9.7164939, 5.5168961 ], [ -9.7128869, 5.5158224 ], [ -9.7054982, 5.5108966 ], [ -9.7006689, 5.5077093 ], [ -9.6976097, 5.5025984 ], [ -9.6943592, 5.4993323 ], [ -9.6895369, 5.493812 ], [ -9.6839272, 5.4888989 ], [ -9.6808975, 5.4856759 ], [ -9.6768168, 5.4826823 ], [ -9.6674183, 5.4717009 ], [ -9.6651102, 5.4682943 ], [ -9.6632007, 5.4660802 ], [ -9.6578214, 5.4590074 ], [ -9.6506993, 5.44938 ], [ -9.6429994, 5.4404786 ], [ -9.6370814, 5.43276 ], [ -9.634731, 5.4304043 ], [ -9.6269472, 5.4229358 ], [ -9.620167, 5.4188769 ], [ -9.616334, 5.4165181 ], [ -9.6075665, 5.4089476 ], [ -9.6005311, 5.4038196 ], [ -9.5979119, 5.401906 ], [ -9.594228, 5.3992174 ], [ -9.5881916, 5.3948934 ], [ -9.5838043, 5.3922989 ], [ -9.5783422, 5.3881279 ], [ -9.5709775, 5.3826541 ], [ -9.5681125, 5.3799867 ], [ -9.5604095, 5.3728839 ], [ -9.5522426, 5.3654142 ], [ -9.5506749, 5.3636505 ], [ -9.5439364, 5.3560114 ], [ -9.5362574, 5.3492409 ], [ -9.5344303, 5.3479871 ], [ -9.5277181, 5.3391033 ], [ -9.5229892, 5.3328965 ], [ -9.521414, 5.3290628 ], [ -9.5174839, 5.3218033 ], [ -9.5147139, 5.3171035 ], [ -9.5073043, 5.3093806 ], [ -9.5006136, 5.3038855 ], [ -9.4984442, 5.3016177 ], [ -9.4960979, 5.2992746 ], [ -9.4894501, 5.2937348 ], [ -9.4838843, 5.2897576 ], [ -9.4804117, 5.2862869 ], [ -9.4762011, 5.282676 ], [ -9.4715647, 5.2783471 ], [ -9.4672336, 5.2753212 ], [ -9.4619932, 5.2712673 ], [ -9.4565938, 5.2659709 ], [ -9.4532255, 5.263217 ], [ -9.4506065, 5.2615647 ], [ -9.4452732, 5.2549708 ], [ -9.4427949, 5.2495249 ], [ -9.4394338, 5.2439233 ], [ -9.4337294, 5.2402568 ], [ -9.4284007, 5.2378399 ], [ -9.4177442, 5.2320634 ], [ -9.415056, 5.2304705 ], [ -9.4071481, 5.2258659 ], [ -9.4004996, 5.2220951 ], [ -9.3970594, 5.2194412 ], [ -9.3928241, 5.2159939 ], [ -9.3886067, 5.2112846 ], [ -9.3839166, 5.2076849 ], [ -9.3800762, 5.2033522 ], [ -9.3767239, 5.199521 ], [ -9.3748826, 5.1921317 ], [ -9.3668649, 5.1838505 ], [ -9.3647147, 5.1825493 ], [ -9.3545129, 5.178303 ], [ -9.350396, 5.1769297 ], [ -9.3438261, 5.1726151 ], [ -9.3346264, 5.1653939 ], [ -9.3270208, 5.1565042 ], [ -9.3224113, 5.1495409 ], [ -9.3211229, 5.145984 ], [ -9.3174983, 5.1391299 ], [ -9.3147345, 5.1338339 ], [ -9.307421, 5.1258966 ], [ -9.3005256, 5.1201178 ], [ -9.2978505, 5.1184675 ], [ -9.2930633, 5.1158738 ], [ -9.2875138, 5.1122071 ], [ -9.2838414, 5.1095273 ], [ -9.2780514, 5.105035 ], [ -9.2705665, 5.0992468 ], [ -9.2680034, 5.097078 ], [ -9.2603434, 5.0897164 ], [ -9.2531976, 5.0819833 ], [ -9.2508273, 5.0745979 ], [ -9.2476828, 5.0690744 ], [ -9.2437195, 5.0658583 ], [ -9.2348011, 5.0626983 ], [ -9.2280819, 5.060292 ], [ -9.2237686, 5.0589874 ], [ -9.2170349, 5.0568088 ], [ -9.2119594, 5.0543687 ], [ -9.20474, 5.0492261 ], [ -9.2014253, 5.0466167 ], [ -9.1924597, 5.0407372 ], [ -9.1839449, 5.0327175 ], [ -9.1761035, 5.0239827 ], [ -9.1698696, 5.015275 ], [ -9.1673501, 5.0105477 ], [ -9.1601293, 5.0062563 ], [ -9.1552012, 5.0039405 ], [ -9.1497245, 5.0010528 ], [ -9.1461452, 4.9991178 ], [ -9.1367343, 4.9961084 ], [ -9.1336305, 4.9946107 ], [ -9.125669, 4.9920875 ], [ -9.117022, 4.989404 ], [ -9.1122941, 4.987237 ], [ -9.1032616, 4.9825719 ], [ -9.1010258, 4.9810564 ], [ -9.0973495, 4.9795171 ], [ -9.0898207, 4.9763059 ], [ -9.0836981, 4.9741327 ], [ -9.0786798, 4.9709354 ], [ -9.0689401, 4.9678102 ], [ -9.0662639, 4.9664722 ], [ -9.0566444, 4.9596666 ], [ -9.0503651, 4.9569238 ], [ -9.0450458, 4.954516 ], [ -9.0353204, 4.9508054 ], [ -9.0331984, 4.9499977 ], [ -9.0302846, 4.9490924 ], [ -9.0204971, 4.9455969 ], [ -9.0170323, 4.9444089 ], [ -9.0084684, 4.9405253 ], [ -9.000291, 4.9368966 ], [ -8.9967637, 4.9359849 ], [ -8.9869978, 4.9324971 ], [ -8.9841198, 4.9315047 ], [ -8.9817274, 4.9305083 ], [ -8.9724308, 4.9271091 ], [ -8.9670614, 4.9248221 ], [ -8.9608761, 4.9220288 ], [ -8.9527922, 4.9182363 ], [ -8.9495003, 4.9165904 ], [ -8.9407615, 4.909144 ], [ -8.9336327, 4.9041242 ], [ -8.9293607, 4.903488 ], [ -8.9237405, 4.8991674 ], [ -8.9180421, 4.8970135 ], [ -8.912275, 4.8944283 ], [ -8.9074602, 4.8921682 ], [ -8.9003658, 4.8870357 ], [ -8.8962357, 4.8862535 ], [ -8.8881842, 4.8873401 ], [ -8.8836009, 4.8868724 ], [ -8.8812045, 4.8853636 ], [ -8.8791921, 4.8828938 ], [ -8.8760747, 4.8746007 ], [ -8.8682277, 4.8651072 ], [ -8.859473, 4.8585829 ], [ -8.8505019, 4.8539923 ], [ -8.8480725, 4.8519366 ], [ -8.8464151, 4.8495426 ], [ -8.8438453, 4.8417375 ], [ -8.8401479, 4.8328608 ], [ -8.8371214, 4.8297952 ], [ -8.8338989, 4.8242982 ], [ -8.8280559, 4.821391 ], [ -8.8218754, 4.8207593 ], [ -8.8157108, 4.8189001 ], [ -8.8086448, 4.8158153 ], [ -8.8015129, 4.8130027 ], [ -8.7952749, 4.8107899 ], [ -8.7900865, 4.8092924 ], [ -8.7836765, 4.806827 ], [ -8.7787266, 4.804154 ], [ -8.7694223, 4.7991518 ], [ -8.7674987, 4.7981399 ], [ -8.7646783, 4.7968299 ], [ -8.7564766, 4.793029 ], [ -8.7504016, 4.7902405 ], [ -8.7453904, 4.7875363 ], [ -8.7336931, 4.7825357 ], [ -8.7228936, 4.7766379 ], [ -8.7170067, 4.7741014 ], [ -8.7106052, 4.7721982 ], [ -8.7038331, 4.7693106 ], [ -8.6995222, 4.7677061 ], [ -8.694774, 4.7658266 ], [ -8.6875331, 4.7620573 ], [ -8.6836514, 4.7598215 ], [ -8.6751444, 4.7571805 ], [ -8.667003, 4.755095 ], [ -8.6629984, 4.7532392 ], [ -8.6552102, 4.7491455 ], [ -8.6512365, 4.7471585 ], [ -8.6427709, 4.7419796 ], [ -8.6326229, 4.7357117 ], [ -8.6288473, 4.7326326 ], [ -8.6219954, 4.7276961 ], [ -8.6171608, 4.7247735 ], [ -8.6115915, 4.7214916 ], [ -8.6038276, 4.7159175 ], [ -8.6011077, 4.7139507 ], [ -8.5969481, 4.7125645 ], [ -8.5867002, 4.7125464 ], [ -8.5838708, 4.7112201 ], [ -8.5786357, 4.7047144 ], [ -8.5719516, 4.6992358 ], [ -8.5681345, 4.6964226 ], [ -8.5596131, 4.6901077 ], [ -8.5552836, 4.6872876 ], [ -8.5504463, 4.6842656 ], [ -8.5470871, 4.6825345 ], [ -8.5377357, 4.6784119 ], [ -8.5335558, 4.6768847 ], [ -8.5253298, 4.6749758 ], [ -8.517076, 4.6725193 ], [ -8.513068, 4.669978 ], [ -8.5060379, 4.6658607 ], [ -8.5013553, 4.6634685 ], [ -8.4917938, 4.6570942 ], [ -8.4830169, 4.6514091 ], [ -8.4801731, 4.6492517 ], [ -8.4732893, 4.6430979 ], [ -8.4670269, 4.6402088 ], [ -8.4613573, 4.638218 ], [ -8.4503666, 4.6325257 ], [ -8.438283, 4.6279292 ], [ -8.4336238, 4.6253109 ], [ -8.4250048, 4.6230703 ], [ -8.4169886, 4.6213874 ], [ -8.413358, 4.6196676 ], [ -8.4082131, 4.6159788 ], [ -8.4046897, 4.6118722 ], [ -8.400494, 4.6089945 ], [ -8.3945753, 4.6052457 ], [ -8.3889634, 4.5993383 ], [ -8.386759, 4.5968464 ], [ -8.3838182, 4.5909503 ], [ -8.3772493, 4.5886649 ], [ -8.3729861, 4.5886464 ], [ -8.3669181, 4.5874719 ], [ -8.3630133, 4.5862731 ], [ -8.3520902, 4.5842663 ], [ -8.3497478, 4.5836807 ], [ -8.3460738, 4.5824891 ], [ -8.3366025, 4.5794982 ], [ -8.3336382, 4.5783124 ], [ -8.3256689, 4.5750251 ], [ -8.3172052, 4.5708917 ], [ -8.3145677, 4.5685495 ], [ -8.310936, 4.5659236 ], [ -8.3049794, 4.561387 ], [ -8.3003714, 4.558928 ], [ -8.293128, 4.5561796 ], [ -8.2901786, 4.5557625 ], [ -8.2836374, 4.5540052 ], [ -8.2806824, 4.5523847 ], [ -8.2764187, 4.5492838 ], [ -8.272291, 4.5443739 ], [ -8.2670794, 4.5408368 ], [ -8.2605719, 4.5389175 ], [ -8.2504242, 4.5325544 ], [ -8.2387376, 4.5274126 ], [ -8.2336008, 4.5254984 ], [ -8.2262829, 4.5230921 ], [ -8.2044812, 4.5157915 ], [ -8.2007596, 4.5145849 ], [ -8.1982592, 4.5138844 ], [ -8.1886569, 4.5107841 ], [ -8.1834724, 4.5093646 ], [ -8.1752089, 4.5084529 ], [ -8.1581427, 4.5061575 ], [ -8.1502258, 4.5046731 ], [ -8.146031, 4.5032778 ], [ -8.135583, 4.5011652 ], [ -8.132781, 4.5005648 ], [ -8.1251525, 4.4990596 ], [ -8.116707, 4.497853 ], [ -8.101319, 4.4963537 ], [ -8.0966509, 4.4955591 ], [ -8.0884291, 4.494156 ], [ -8.0834809, 4.4935616 ], [ -8.0753636, 4.4911858 ], [ -8.0669682, 4.4884874 ], [ -8.0623907, 4.4870942 ], [ -8.0502991, 4.4824979 ], [ -8.037601, 4.4784977 ], [ -8.0250458, 4.4735155 ], [ -8.0170812, 4.4700309 ], [ -8.0087135, 4.4658471 ], [ -8.0032963, 4.4629392 ], [ -8.0004061, 4.4616423 ], [ -7.9914627, 4.4565744 ], [ -7.9829215, 4.4511534 ], [ -7.9781167, 4.4491045 ], [ -7.9699295, 4.446308 ], [ -7.9671096, 4.4450439 ], [ -7.958168, 4.4398776 ], [ -7.9497551, 4.4344707 ], [ -7.9381562, 4.4281702 ], [ -7.9338218, 4.425412 ], [ -7.9285832, 4.4212606 ], [ -7.9228215, 4.4159957 ], [ -7.9200359, 4.41321 ], [ -7.9173243, 4.4104989 ], [ -7.9115394, 4.4051125 ], [ -7.906272, 4.3993482 ], [ -7.9036855, 4.3963638 ], [ -7.900722, 4.3928076 ], [ -7.8967654, 4.3868727 ], [ -7.8945075, 4.3829459 ], [ -7.8914381, 4.3757181 ], [ -7.8902396, 4.3724232 ], [ -7.8872477, 4.3651421 ], [ -7.8840247, 4.3550459 ], [ -7.8806833, 4.352245 ], [ -7.8668086, 4.3490563 ], [ -7.8501615, 4.3490464 ], [ -7.8382434, 4.344614 ], [ -7.8337228, 4.3425502 ], [ -7.8276572, 4.3388327 ], [ -7.8214177, 4.3326927 ], [ -7.8192451, 4.330717 ], [ -7.8171476, 4.3283879 ], [ -7.8113177, 4.3268732 ], [ -7.8069192, 4.3257735 ], [ -7.8000804, 4.3240556 ], [ -7.791657, 4.3245473 ], [ -7.7833627, 4.3248435 ], [ -7.7749597, 4.3233607 ], [ -7.7668332, 4.3218571 ], [ -7.7611838, 4.3213503 ], [ -7.7550797, 4.3207499 ], [ -7.7501573, 4.3203561 ], [ -7.7466391, 4.3193788 ], [ -7.733497, 4.3157689 ], [ -7.7181371, 4.3130742 ], [ -7.7118438, 4.3107142 ], [ -7.7074402, 4.308714 ], [ -7.7002817, 4.3060922 ], [ -7.6949756, 4.3045191 ], [ -7.6864719, 4.2991329 ], [ -7.6832274, 4.2982608 ], [ -7.6796853, 4.2991069 ], [ -7.6709891, 4.303693 ], [ -7.6664933, 4.3046706 ], [ -7.658281, 4.3067735 ], [ -7.6499121, 4.3088411 ], [ -7.6417429, 4.3084474 ], [ -7.6333376, 4.3080472 ], [ -7.6250324, 4.3077469 ], [ -7.6167904, 4.307449 ], [ -7.6096527, 4.3062594 ], [ -7.6068513, 4.3057592 ], [ -7.6000728, 4.3046513 ], [ -7.5944901, 4.3046464 ], [ -7.5876034, 4.3032551 ], [ -7.5834412, 4.3032464 ], [ -7.5804413, 4.3022801 ], [ -7.5667385, 4.2990556 ], [ -7.5518275, 4.3014475 ], [ -7.5498661, 4.3030734 ], [ -7.547349, 4.3018777 ], [ -7.5375204, 4.3032341 ], [ -7.5332215, 4.3024686 ], [ -7.5275665, 4.3046706 ], [ -7.5225236, 4.3054522 ], [ -7.516518, 4.3113563 ], [ -7.5085957, 4.3075003 ], [ -7.5000344, 4.3057545 ], [ -7.4915619, 4.307057 ], [ -7.4831542, 4.3083583 ], [ -7.4768829, 4.3094532 ], [ -7.4723915, 4.3098534 ], [ -7.466603, 4.3107507 ], [ -7.461872, 4.3110464 ], [ -7.4547813, 4.3110467 ], [ -7.4498799, 4.3112564 ], [ -7.4460823, 4.3120736 ], [ -7.4331748, 4.3157464 ], [ -7.4166495, 4.3157487 ], [ -7.400626, 4.317565 ], [ -7.3969364, 4.3185863 ], [ -7.3886192, 4.3213914 ], [ -7.382996, 4.3231997 ], [ -7.3764493, 4.325778 ], [ -7.3722897, 4.3265721 ], [ -7.3663706, 4.3283111 ], [ -7.363572, 4.3297044 ], [ -7.3536773, 4.3326631 ], [ -7.3521216, 4.3362368 ], [ -7.3534821, 4.3455072 ], [ -7.3521655, 4.3507735 ], [ -7.3492237, 4.3550945 ], [ -7.3455175, 4.3624997 ], [ -7.343169, 4.3661203 ], [ -7.3385305, 4.371943 ], [ -7.3326797, 4.3776947 ], [ -7.330095, 4.3800806 ], [ -7.3272233, 4.3826552 ], [ -7.3209641, 4.3875235 ], [ -7.316226, 4.3908796 ], [ -7.3108528, 4.3937659 ], [ -7.3019221, 4.3991842 ], [ -7.2999043, 4.4004956 ], [ -7.2946938, 4.4040026 ], [ -7.2904784, 4.4069135 ], [ -7.2817449, 4.413339 ], [ -7.2786677, 4.4159187 ], [ -7.2710323, 4.4207776 ], [ -7.2662405, 4.4235729 ], [ -7.2605954, 4.4270024 ], [ -7.2531962, 4.4325994 ], [ -7.2502227, 4.4343839 ], [ -7.2418081, 4.4398931 ], [ -7.2317431, 4.4464702 ], [ -7.2266751, 4.4491532 ], [ -7.2198454, 4.4528703 ], [ -7.2162685, 4.4551544 ], [ -7.208904, 4.4585387 ], [ -7.2046986, 4.4607409 ], [ -7.1986449, 4.4636188 ], [ -7.1929755, 4.465807 ], [ -7.185773, 4.468608 ], [ -7.1830028, 4.4696963 ], [ -7.1775375, 4.4713856 ], [ -7.1732376, 4.4726856 ], [ -7.1664365, 4.4747859 ], [ -7.1604948, 4.4766006 ], [ -7.1520889, 4.4801012 ], [ -7.1490799, 4.4810718 ], [ -7.1415449, 4.4824598 ], [ -7.1336672, 4.4837803 ], [ -7.130656, 4.4849153 ], [ -7.1224624, 4.4886115 ], [ -7.1164117, 4.4907937 ], [ -7.110103, 4.4927971 ], [ -7.1035761, 4.4952069 ], [ -7.0988589, 4.4971137 ], [ -7.0940711, 4.4991086 ], [ -7.0860019, 4.5020971 ], [ -7.0830431, 4.5030834 ], [ -7.0777433, 4.5044843 ], [ -7.0732606, 4.5059776 ], [ -7.0664591, 4.5074802 ], [ -7.0602045, 4.5095964 ], [ -7.0535169, 4.5119919 ], [ -7.048702, 4.5134659 ], [ -7.0331035, 4.5157701 ], [ -7.0205058, 4.519896 ], [ -7.0163642, 4.521412 ], [ -7.0085767, 4.5248538 ], [ -7.0051389, 4.5269736 ], [ -6.9987559, 4.5306638 ], [ -6.9953239, 4.532584 ], [ -6.9880302, 4.5378513 ], [ -6.9827785, 4.5426049 ], [ -6.9785097, 4.5448951 ], [ -6.9732701, 4.5492171 ], [ -6.9688744, 4.5520174 ], [ -6.9661225, 4.5542565 ], [ -6.9598359, 4.5596449 ], [ -6.9504825, 4.5667097 ], [ -6.9453151, 4.5700884 ], [ -6.9402202, 4.5732852 ], [ -6.9328469, 4.5779682 ], [ -6.9298672, 4.5795576 ], [ -6.9245746, 4.5825532 ], [ -6.9191068, 4.5853368 ], [ -6.9164158, 4.5865862 ], [ -6.9112239, 4.5876638 ], [ -6.9060163, 4.5886655 ], [ -6.8997646, 4.5900786 ], [ -6.8928518, 4.592281 ], [ -6.8889641, 4.593278 ], [ -6.8831622, 4.5949495 ], [ -6.8791896, 4.5950552 ], [ -6.8684637, 4.597156 ], [ -6.8658418, 4.5974473 ], [ -6.8499915, 4.5977464 ], [ -6.833328, 4.5977464 ], [ -6.8188709, 4.5968491 ], [ -6.8157089, 4.5972507 ], [ -6.7993541, 4.5986118 ], [ -6.7972925, 4.6014594 ], [ -6.7938951, 4.6110229 ], [ -6.7901726, 4.6161168 ], [ -6.7870559, 4.6204023 ], [ -6.7828738, 4.6234438 ], [ -6.7763949, 4.6257998 ], [ -6.7710915, 4.627701 ], [ -6.7652666, 4.629873 ], [ -6.7498367, 4.6324615 ], [ -6.7360914, 4.6353496 ], [ -6.7331879, 4.6354551 ], [ -6.7294737, 4.6361543 ], [ -6.7210545, 4.6369594 ], [ -6.7165197, 4.6379645 ], [ -6.7085508, 4.6394587 ], [ -6.6998122, 4.6407676 ], [ -6.6933257, 4.6426895 ], [ -6.687516, 4.6446924 ], [ -6.6819099, 4.6464946 ], [ -6.6746724, 4.6491088 ], [ -6.6674997, 4.6523412 ], [ -6.6483064, 4.662836 ], [ -6.6413481, 4.6658181 ], [ -6.634219, 4.6688319 ], [ -6.6248573, 4.6736634 ], [ -6.6163412, 4.6788118 ], [ -6.6136383, 4.6795574 ], [ -6.6016449, 4.6806619 ], [ -6.5992108, 4.6812957 ], [ -6.5963148, 4.6825339 ], [ -6.5875121, 4.6871338 ], [ -6.5829003, 4.6891411 ], [ -6.5764436, 4.6927711 ], [ -6.5661784, 4.6992145 ], [ -6.5568222, 4.7067568 ], [ -6.5486665, 4.7138313 ], [ -6.5414912, 4.7157706 ], [ -6.5337928, 4.7173709 ], [ -6.5307577, 4.7181797 ], [ -6.521539, 4.7208852 ], [ -6.5164807, 4.722472 ], [ -6.5081412, 4.7240605 ], [ -6.4998677, 4.725456 ], [ -6.4937044, 4.7262513 ], [ -6.4890081, 4.7266512 ], [ -6.4832369, 4.7273475 ], [ -6.4783545, 4.7274479 ], [ -6.4709428, 4.7280481 ], [ -6.4665388, 4.7282653 ], [ -6.4538223, 4.7325335 ], [ -6.450255, 4.734664 ], [ -6.4439446, 4.7380708 ], [ -6.4406195, 4.7402208 ], [ -6.4329992, 4.7424989 ], [ -6.4282157, 4.7444338 ], [ -6.4195721, 4.7491548 ], [ -6.4168514, 4.7506123 ], [ -6.414036, 4.751486 ], [ -6.4048424, 4.7542841 ], [ -6.3996994, 4.755799 ], [ -6.3926108, 4.7586924 ], [ -6.3893458, 4.7595833 ], [ -6.3831151, 4.7615609 ], [ -6.3793629, 4.7619574 ], [ -6.3683458, 4.7639597 ], [ -6.3659473, 4.7643595 ], [ -6.3580467, 4.7657853 ], [ -6.3506301, 4.7685277 ], [ -6.3419415, 4.7732173 ], [ -6.3329117, 4.7762404 ], [ -6.3290046, 4.7789755 ], [ -6.3256107, 4.7826577 ], [ -6.3200639, 4.7863556 ], [ -6.3164733, 4.7879619 ], [ -6.3106081, 4.7884427 ], [ -6.3055934, 4.7879492 ], [ -6.299809, 4.7886693 ], [ -6.2911094, 4.7914948 ], [ -6.2829538, 4.7944171 ], [ -6.2798303, 4.7960245 ], [ -6.2718798, 4.7991053 ], [ -6.2671183, 4.8008909 ], [ -6.2636329, 4.8018873 ], [ -6.2553119, 4.8046938 ], [ -6.2497135, 4.8065933 ], [ -6.2428157, 4.8088925 ], [ -6.2386032, 4.8102969 ], [ -6.2316292, 4.8128886 ], [ -6.2280557, 4.8159277 ], [ -6.2209574, 4.8206599 ], [ -6.2164751, 4.822758 ], [ -6.20813, 4.8232493 ], [ -6.1996684, 4.8241262 ], [ -6.1947968, 4.827724 ], [ -6.1851431, 4.8303841 ], [ -6.1823532, 4.8312804 ], [ -6.1774904, 4.8325042 ], [ -6.1700785, 4.836201 ], [ -6.1663025, 4.8372468 ], [ -6.1590671, 4.8424157 ], [ -6.1541497, 4.8493078 ], [ -6.150577, 4.8519403 ], [ -6.1449947, 4.8538652 ], [ -6.1386384, 4.8546921 ], [ -6.1328622, 4.8575607 ], [ -6.127531, 4.8607553 ], [ -6.1227348, 4.865932 ], [ -6.1175001, 4.8688824 ], [ -6.1126299, 4.8696464 ], [ -6.1038655, 4.8696477 ], [ -6.0999098, 4.8699512 ], [ -6.0950876, 4.8705534 ], [ -6.0887876, 4.8713534 ], [ -6.083217, 4.8720498 ], [ -6.0766728, 4.8724464 ], [ -6.0732661, 4.8724477 ], [ -6.0666337, 4.8729488 ], [ -6.0583409, 4.8735483 ], [ -6.0498772, 4.8740561 ], [ -6.0428028, 4.8754685 ], [ -6.0391972, 4.8763694 ], [ -6.0332053, 4.8776464 ], [ -6.028656, 4.8776464 ], [ -6.0222558, 4.8768493 ], [ -6.016626, 4.8768515 ], [ -6.0117296, 4.8776631 ], [ -6.0024224, 4.8798636 ], [ -5.9989224, 4.8804469 ], [ -5.985093, 4.8805555 ], [ -5.982425, 4.8811402 ], [ -5.980362, 4.8827189 ], [ -5.9743124, 4.8910613 ], [ -5.9661125, 4.8992612 ], [ -5.9564321, 4.9063491 ], [ -5.9485366, 4.9132561 ], [ -5.9414276, 4.9157881 ], [ -5.9339003, 4.917899 ], [ -5.9288248, 4.920029 ], [ -5.923255, 4.9228128 ], [ -5.9165803, 4.9250377 ], [ -5.9083537, 4.924548 ], [ -5.8999736, 4.9240488 ], [ -5.8915091, 4.9250509 ], [ -5.8833942, 4.9257352 ], [ -5.8759714, 4.9235181 ], [ -5.8726439, 4.9214642 ], [ -5.8668455, 4.9185789 ], [ -5.8630982, 4.9191701 ], [ -5.8554197, 4.9213619 ], [ -5.8498404, 4.9220616 ], [ -5.8414525, 4.924082 ], [ -5.8328227, 4.9270008 ], [ -5.8301509, 4.9299107 ], [ -5.8244941, 4.9326083 ], [ -5.8200434, 4.9365372 ], [ -5.8162111, 4.9391903 ], [ -5.810019, 4.9429252 ], [ -5.8038888, 4.9450022 ], [ -5.7987711, 4.9470683 ], [ -5.7829936, 4.9491127 ], [ -5.7728653, 4.9558544 ], [ -5.7664264, 4.9586836 ], [ -5.7607095, 4.9598464 ], [ -5.7558322, 4.9598507 ], [ -5.7499318, 4.9607464 ], [ -5.7449523, 4.9607485 ], [ -5.7374522, 4.9615464 ], [ -5.7331149, 4.9615742 ], [ -5.7300833, 4.9627638 ], [ -5.7183564, 4.9639588 ], [ -5.7158554, 4.9644818 ], [ -5.7120794, 4.9658587 ], [ -5.7051759, 4.9714316 ], [ -5.6996735, 4.9730099 ], [ -5.6932601, 4.9761621 ], [ -5.6829967, 4.9824764 ], [ -5.6673393, 4.9843621 ], [ -5.6636831, 4.9852729 ], [ -5.6547872, 4.9874719 ], [ -5.6498936, 4.9886464 ], [ -5.6332402, 4.9886497 ], [ -5.6249871, 4.9897535 ], [ -5.6166731, 4.9907432 ], [ -5.6082647, 4.9902486 ], [ -5.5999213, 4.9895567 ], [ -5.5912911, 4.9918706 ], [ -5.5832078, 4.9935464 ], [ -5.5777442, 4.9935493 ], [ -5.571344, 4.9943464 ], [ -5.5665971, 4.994355 ], [ -5.56255, 4.9951586 ], [ -5.5524781, 4.9965547 ], [ -5.5487826, 4.9970541 ], [ -5.5332426, 4.9990464 ], [ -5.5166223, 4.999052 ], [ -5.5011254, 5.0017637 ], [ -5.4961239, 5.0028636 ], [ -5.4882959, 5.0042707 ], [ -5.483125, 5.0057602 ], [ -5.4750083, 5.006651 ], [ -5.4665457, 5.0074615 ], [ -5.4597351, 5.0091871 ], [ -5.4545194, 5.0110907 ], [ -5.4498715, 5.0124464 ], [ -5.4467727, 5.0124464 ], [ -5.4381723, 5.0110512 ], [ -5.4166701, 5.0110474 ], [ -5.4121701, 5.0113464 ], [ -5.4043796, 5.0113468 ], [ -5.3999194, 5.0115509 ], [ -5.3961831, 5.012054 ], [ -5.3843424, 5.0135611 ], [ -5.3747509, 5.0157824 ], [ -5.3673254, 5.018397 ], [ -5.3598178, 5.0261494 ], [ -5.354524, 5.0276902 ], [ -5.3484165, 5.0298566 ], [ -5.3349508, 5.0307477 ], [ -5.3325808, 5.0308561 ], [ -5.3247266, 5.0324917 ], [ -5.3186804, 5.0351256 ], [ -5.3165192, 5.0376575 ], [ -5.3135622, 5.035803 ], [ -5.3034204, 5.0357464 ], [ -5.3000321, 5.0348595 ], [ -5.2970084, 5.0354269 ], [ -5.2834069, 5.0324559 ], [ -5.2664369, 5.0325035 ], [ -5.2560698, 5.0393161 ], [ -5.2495789, 5.0489577 ], [ -5.2357891, 5.04657 ], [ -5.2318176, 5.0481946 ], [ -5.2230184, 5.0560693 ], [ -5.2166184, 5.0586105 ], [ -5.2082506, 5.0568792 ], [ -5.2000319, 5.053885 ], [ -5.1913676, 5.0586004 ], [ -5.1832886, 5.060524 ], [ -5.1767698, 5.0591543 ], [ -5.1731807, 5.0594288 ], [ -5.1665702, 5.0563155 ], [ -5.1609191, 5.0605025 ], [ -5.1536917, 5.0618715 ], [ -5.1485053, 5.0633659 ], [ -5.1331136, 5.065767 ], [ -5.120068, 5.0695124 ], [ -5.1165236, 5.0713253 ], [ -5.1114877, 5.0708497 ], [ -5.1058589, 5.0716431 ], [ -5.0998857, 5.0713613 ], [ -5.0913242, 5.0741326 ], [ -5.0831351, 5.0789972 ], [ -5.0794645, 5.078281 ], [ -5.0735289, 5.0757815 ], [ -5.0665046, 5.0750922 ], [ -5.0615036, 5.0783138 ], [ -5.0598389, 5.0827986 ], [ -5.0542733, 5.0871379 ], [ -5.0499657, 5.0885126 ], [ -5.0453485, 5.0874045 ], [ -5.0377367, 5.0827422 ], [ -5.0366239, 5.0800338 ], [ -5.0333553, 5.0782952 ], [ -5.032668, 5.078515 ], [ -5.0304144, 5.081657 ], [ -5.0227209, 5.0890584 ], [ -5.0166666, 5.0911076 ], [ -5.0102092, 5.089423 ], [ -4.9998426, 5.0816121 ], [ -4.9890173, 5.088521 ], [ -4.9832206, 5.0902315 ], [ -4.9765487, 5.0894689 ], [ -4.9716816, 5.087195 ], [ -4.9667358, 5.0861548 ], [ -4.9621305, 5.0868464 ], [ -4.9542867, 5.0868574 ], [ -4.9498532, 5.0879554 ], [ -4.943743, 5.0884622 ], [ -4.9401523, 5.0894534 ], [ -4.9333, 5.0898449 ], [ -4.9263852, 5.0894498 ], [ -4.9233866, 5.0890511 ], [ -4.9166298, 5.0886534 ], [ -4.9082409, 5.0902605 ], [ -4.8999044, 5.0916499 ], [ -4.891557, 5.0920474 ], [ -4.8832336, 5.0924491 ], [ -4.8772114, 5.0930508 ], [ -4.8721074, 5.0935512 ], [ -4.8665905, 5.0941532 ], [ -4.8621985, 5.0947519 ], [ -4.8533957, 5.0955527 ], [ -4.8499361, 5.0960464 ], [ -4.846958, 5.096048 ], [ -4.834174, 5.0972449 ], [ -4.8314161, 5.0971467 ], [ -4.817615, 5.0971464 ], [ -4.8146665, 5.0970481 ], [ -4.8033514, 5.0957488 ], [ -4.8000257, 5.0957464 ], [ -4.7965664, 5.0955487 ], [ -4.7877611, 5.0947487 ], [ -4.7834013, 5.0945501 ], [ -4.7779351, 5.0935572 ], [ -4.7728467, 5.0930565 ], [ -4.7667351, 5.0916559 ], [ -4.760289, 5.0927351 ], [ -4.7569296, 5.0922502 ], [ -4.7500931, 5.0928349 ], [ -4.7416368, 5.0903077 ], [ -4.7333365, 5.086198 ], [ -4.7246363, 5.091116 ], [ -4.7166508, 5.0935213 ], [ -4.7099004, 5.0922546 ], [ -4.7070399, 5.0922464 ], [ -4.6998837, 5.0900809 ], [ -4.6934801, 5.0928593 ], [ -4.6891604, 5.0931596 ], [ -4.6832199, 5.0947363 ], [ -4.6786097, 5.0943479 ], [ -4.6710181, 5.0947442 ], [ -4.6665757, 5.0943683 ], [ -4.6630418, 5.0957794 ], [ -4.6500939, 5.0982504 ], [ -4.6332147, 5.0990511 ], [ -4.6182975, 5.1012677 ], [ -4.6161243, 5.1034458 ], [ -4.6081729, 5.1084881 ], [ -4.5996877, 5.1099142 ], [ -4.5959213, 5.11246 ], [ -4.5924649, 5.1160084 ], [ -4.5875922, 5.1206862 ], [ -4.5831531, 5.1226283 ], [ -4.5772252, 5.1220638 ], [ -4.5677583, 5.1182265 ], [ -4.5597901, 5.1263809 ], [ -4.550932, 5.1333593 ], [ -4.5493563, 5.1359666 ], [ -4.5419728, 5.1398022 ], [ -4.5329753, 5.1422097 ], [ -4.5282555, 5.1445647 ], [ -4.5209617, 5.1491588 ], [ -4.5172172, 5.150983 ], [ -4.5140595, 5.1515572 ], [ -4.5036698, 5.1529559 ], [ -4.4998087, 5.1535683 ], [ -4.4934155, 5.1554929 ], [ -4.490438, 5.1565839 ], [ -4.4831533, 5.1583558 ], [ -4.4764079, 5.1589512 ], [ -4.4730124, 5.1593505 ], [ -4.46657, 5.1598568 ], [ -4.46163, 5.1608625 ], [ -4.453346, 5.1623596 ], [ -4.4485512, 5.1631588 ], [ -4.4331953, 5.1657513 ], [ -4.4165175, 5.1668505 ], [ -4.4012995, 5.168652 ], [ -4.3966285, 5.1691489 ], [ -4.3872094, 5.1696517 ], [ -4.3832045, 5.1702507 ], [ -4.3785156, 5.1705508 ], [ -4.3721196, 5.1713494 ], [ -4.3666222, 5.1716502 ], [ -4.3599177, 5.1724498 ], [ -4.3568129, 5.1726511 ], [ -4.3499147, 5.1735499 ], [ -4.3416462, 5.174048 ], [ -4.3332078, 5.174552 ], [ -4.3263484, 5.1755594 ], [ -4.3226436, 5.17626 ], [ -4.3165702, 5.1772556 ], [ -4.3118899, 5.1778531 ], [ -4.3034743, 5.1788554 ], [ -4.2985267, 5.1796638 ], [ -4.2873066, 5.1824671 ], [ -4.2832097, 5.1832474 ], [ -4.266483, 5.1834574 ], [ -4.2539262, 5.1865622 ], [ -4.2499163, 5.187149 ], [ -4.2451063, 5.1873454 ], [ -4.2378098, 5.1869469 ], [ -4.2331853, 5.1870562 ], [ -4.2271887, 5.1883717 ], [ -4.2233959, 5.1893695 ], [ -4.2165836, 5.1907517 ], [ -4.2081517, 5.1912477 ], [ -4.1998694, 5.1916584 ], [ -4.1939186, 5.1931639 ], [ -4.1882378, 5.1940614 ], [ -4.1831801, 5.1951515 ], [ -4.1795064, 5.195352 ], [ -4.1685156, 5.1970665 ], [ -4.1660051, 5.1977664 ], [ -4.1581264, 5.1990639 ], [ -4.1505189, 5.200964 ], [ -4.1474337, 5.2014622 ], [ -4.1377609, 5.2036551 ], [ -4.1330817, 5.2040783 ], [ -4.1246593, 5.2072138 ], [ -4.1164707, 5.2108632 ], [ -4.1121601, 5.2112464 ], [ -4.1044701, 5.2112474 ], [ -4.0996984, 5.2116161 ], [ -4.097059, 5.2134549 ], [ -4.0913818, 5.215804 ], [ -4.0841887, 5.2182674 ], [ -4.0800892, 5.2188531 ], [ -4.0705971, 5.2198523 ], [ -4.0665077, 5.2203696 ], [ -4.0585453, 5.2229827 ], [ -4.0498584, 5.2252532 ], [ -4.0431015, 5.2256526 ], [ -4.0393988, 5.226251 ], [ -4.0328286, 5.2268499 ], [ -4.0310619, 5.230891 ], [ -4.016705, 5.2319519 ], [ -4.0128647, 5.2325259 ], [ -4.005297, 5.2380517 ], [ -3.9996983, 5.2382211 ], [ -3.9939967, 5.2427285 ], [ -3.9938853, 5.2426814 ], [ -3.9937721, 5.2426376 ], [ -3.993657, 5.2425971 ], [ -3.99354, 5.2425599 ], [ -3.9934209, 5.2425259 ], [ -3.9932998, 5.2424952 ], [ -3.9931765, 5.2424677 ], [ -3.9930509, 5.2424434 ], [ -3.9929232, 5.2424222 ], [ -3.992793, 5.2424042 ], [ -3.9926602, 5.2423894 ], [ -3.9925246, 5.2423776 ], [ -3.9923862, 5.242369 ], [ -3.9922447, 5.2423634 ], [ -3.9920998, 5.2423609 ], [ -3.9919513, 5.2423615 ], [ -3.9918237, 5.2423644 ], [ -3.9916932, 5.2423694 ], [ -3.9915594, 5.2423766 ], [ -3.9914219, 5.2423859 ], [ -3.9912806, 5.2423975 ], [ -3.9911347, 5.2424113 ], [ -3.9908263, 5.2424461 ], [ -3.9905448, 5.2424831 ], [ -3.9902308, 5.242529 ], [ -3.9899197, 5.2425775 ], [ -3.9891068, 5.2427082 ], [ -3.9886537, 5.2427761 ], [ -3.9884132, 5.2428086 ], [ -3.9881884, 5.242836 ], [ -3.9879752, 5.2428587 ], [ -3.9877715, 5.2428771 ], [ -3.9875339, 5.2428938 ], [ -3.987306, 5.2429043 ], [ -3.9870862, 5.2429088 ], [ -3.9868735, 5.2429071 ], [ -3.986667, 5.2428994 ], [ -3.9864663, 5.2428856 ], [ -3.9862708, 5.2428657 ], [ -3.9860801, 5.2428395 ], [ -3.9840808, 5.2424397 ], [ -3.9838663, 5.242386 ], [ -3.9836493, 5.2423267 ], [ -3.9834294, 5.2422617 ], [ -3.9832062, 5.2421908 ], [ -3.9829793, 5.2421139 ], [ -3.9827479, 5.2420307 ], [ -3.9825113, 5.241941 ], [ -3.9822682, 5.2418443 ], [ -3.9820245, 5.2417431 ], [ -3.9817716, 5.241634 ], [ -3.9815073, 5.2415161 ], [ -3.9812273, 5.2413875 ], [ -3.980958, 5.2412608 ], [ -3.9806605, 5.2411182 ], [ -3.9795441, 5.2405734 ], [ -3.9790762, 5.2403484 ], [ -3.9788222, 5.2402291 ], [ -3.9785843, 5.2401196 ], [ -3.9783578, 5.2400179 ], [ -3.9781403, 5.239923 ], [ -3.9778777, 5.2398122 ], [ -3.977624, 5.2397097 ], [ -3.9773775, 5.2396148 ], [ -3.977137, 5.239527 ], [ -3.9769012, 5.2394458 ], [ -3.9766696, 5.2393712 ], [ -3.9764417, 5.2393029 ], [ -3.976217, 5.2392408 ], [ -3.9761469, 5.2392233 ], [ -3.9760742, 5.2392072 ], [ -3.9759986, 5.2391923 ], [ -3.9759201, 5.2391788 ], [ -3.9757533, 5.2391554 ], [ -3.9755715, 5.2391367 ], [ -3.9753774, 5.2391226 ], [ -3.9751586, 5.2391122 ], [ -3.9749259, 5.2391051 ], [ -3.9742661, 5.2390904 ], [ -3.9740645, 5.2390827 ], [ -3.9738861, 5.2390727 ], [ -3.9736845, 5.2390564 ], [ -3.973501, 5.2390353 ], [ -3.9734149, 5.2390229 ], [ -3.9733321, 5.2390091 ], [ -3.9732526, 5.238994 ], [ -3.973176, 5.2389774 ], [ -3.9730837, 5.2389546 ], [ -3.9729956, 5.2389294 ], [ -3.9729117, 5.2389019 ], [ -3.9728318, 5.2388719 ], [ -3.9727557, 5.2388395 ], [ -3.9726833, 5.2388046 ], [ -3.9726146, 5.2387671 ], [ -3.9725495, 5.238727 ], [ -3.9724879, 5.2386842 ], [ -3.9724297, 5.2386387 ], [ -3.9723749, 5.2385905 ], [ -3.9723236, 5.2385396 ], [ -3.9722756, 5.2384859 ], [ -3.972231, 5.2384294 ], [ -3.9721897, 5.23837 ], [ -3.9721517, 5.2383078 ], [ -3.972129, 5.2382748 ], [ -3.9721043, 5.2382436 ], [ -3.9720777, 5.2382142 ], [ -3.9720491, 5.2381866 ], [ -3.9720186, 5.2381608 ], [ -3.9719861, 5.2381368 ], [ -3.9719515, 5.2381146 ], [ -3.9719149, 5.2380941 ], [ -3.9718763, 5.2380754 ], [ -3.9718356, 5.2380583 ], [ -3.9717928, 5.238043 ], [ -3.9717478, 5.2380293 ], [ -3.9717005, 5.2380173 ], [ -3.971651, 5.2380069 ], [ -3.971599, 5.2379982 ], [ -3.9715445, 5.237991 ], [ -3.971465, 5.2379837 ], [ -3.97138, 5.2379794 ], [ -3.9712888, 5.237978 ], [ -3.9711905, 5.2379795 ], [ -3.9710789, 5.2379842 ], [ -3.9709538, 5.2379922 ], [ -3.97044, 5.2380365 ], [ -3.9703245, 5.2380449 ], [ -3.9702227, 5.2380505 ], [ -3.9701073, 5.238054 ], [ -3.9700028, 5.2380537 ], [ -3.9699071, 5.2380494 ], [ -3.9698192, 5.2380412 ], [ -3.969671, 5.2380223 ], [ -3.9695217, 5.2380012 ], [ -3.9693713, 5.2379778 ], [ -3.9692196, 5.2379523 ], [ -3.9690666, 5.2379246 ], [ -3.9689122, 5.2378946 ], [ -3.9687563, 5.2378624 ], [ -3.9685989, 5.2378279 ], [ -3.9684399, 5.2377911 ], [ -3.9682792, 5.2377521 ], [ -3.9679515, 5.2376668 ], [ -3.9676147, 5.2375718 ], [ -3.9672669, 5.2374665 ], [ -3.9669428, 5.2373625 ], [ -3.9666052, 5.2372487 ], [ -3.9662505, 5.237124 ], [ -3.9658718, 5.2369859 ], [ -3.9655488, 5.2368649 ], [ -3.9651908, 5.2367281 ], [ -3.9639258, 5.2362356 ], [ -3.9634215, 5.2360419 ], [ -3.963224, 5.2359656 ], [ -3.9630235, 5.2358851 ], [ -3.9628194, 5.2358005 ], [ -3.9626113, 5.2357114 ], [ -3.9623986, 5.2356176 ], [ -3.9621804, 5.2355188 ], [ -3.9619556, 5.2354144 ], [ -3.9617225, 5.2353037 ], [ -3.9613264, 5.2351105 ], [ -3.9608871, 5.2348903 ], [ -3.9604674, 5.234676 ], [ -3.959456, 5.2341553 ], [ -3.9589355, 5.2338915 ], [ -3.9586746, 5.2337618 ], [ -3.9584287, 5.2336418 ], [ -3.9581938, 5.2335293 ], [ -3.9579677, 5.2334234 ], [ -3.9577322, 5.2333158 ], [ -3.9575034, 5.2332142 ], [ -3.9572803, 5.2331181 ], [ -3.957062, 5.2330272 ], [ -3.9568476, 5.232941 ], [ -3.9566368, 5.2328595 ], [ -3.956429, 5.2327825 ], [ -3.956224, 5.2327098 ], [ -3.9561106, 5.2326718 ], [ -3.9559939, 5.2326353 ], [ -3.9558737, 5.2326002 ], [ -3.9557497, 5.2325665 ], [ -3.9556218, 5.232534 ], [ -3.9554893, 5.2325027 ], [ -3.9553517, 5.2324723 ], [ -3.9552082, 5.2324428 ], [ -3.9549431, 5.232393 ], [ -3.9546466, 5.2323431 ], [ -3.9543488, 5.232297 ], [ -3.9535633, 5.2321804 ], [ -3.9533317, 5.2321436 ], [ -3.9531247, 5.2321084 ], [ -3.9528915, 5.2320652 ], [ -3.9526754, 5.2320208 ], [ -3.9524724, 5.2319744 ], [ -3.9522803, 5.2319256 ], [ -3.9521656, 5.2318938 ], [ -3.9520542, 5.2318607 ], [ -3.9519459, 5.2318265 ], [ -3.9518406, 5.2317909 ], [ -3.9517379, 5.2317539 ], [ -3.9516378, 5.2317155 ], [ -3.9515402, 5.2316756 ], [ -3.951445, 5.2316342 ], [ -3.9513519, 5.2315912 ], [ -3.9512611, 5.2315466 ], [ -3.9511724, 5.2315004 ], [ -3.9510858, 5.2314525 ], [ -3.9510013, 5.2314029 ], [ -3.9509187, 5.2313515 ], [ -3.950838, 5.2312985 ], [ -3.9507593, 5.2312436 ], [ -3.9500929, 5.2307105 ], [ -3.9499662, 5.2306239 ], [ -3.949836, 5.2305421 ], [ -3.9497021, 5.2304651 ], [ -3.9495644, 5.2303929 ], [ -3.9494229, 5.2303253 ], [ -3.9492775, 5.2302625 ], [ -3.9491281, 5.2302042 ], [ -3.9489746, 5.2301506 ], [ -3.948817, 5.2301015 ], [ -3.9486551, 5.230057 ], [ -3.9484886, 5.2300168 ], [ -3.9483174, 5.2299811 ], [ -3.9481412, 5.2299497 ], [ -3.9479598, 5.2299225 ], [ -3.9477729, 5.2298997 ], [ -3.94758, 5.229881 ], [ -3.9474315, 5.2298697 ], [ -3.9472792, 5.2298607 ], [ -3.9471228, 5.229854 ], [ -3.9469619, 5.2298496 ], [ -3.9467962, 5.2298475 ], [ -3.9466252, 5.2298476 ], [ -3.946448, 5.2298499 ], [ -3.9462639, 5.2298545 ], [ -3.9459104, 5.2298686 ], [ -3.9455167, 5.2298906 ], [ -3.9451148, 5.2299178 ], [ -3.944033, 5.229997 ], [ -3.9437089, 5.2300176 ], [ -3.9434196, 5.2300329 ], [ -3.9430904, 5.2300457 ], [ -3.9427858, 5.2300517 ], [ -3.9424996, 5.2300512 ], [ -3.942229, 5.2300441 ], [ -3.9421105, 5.230038 ], [ -3.9419874, 5.2300291 ], [ -3.9418594, 5.2300172 ], [ -3.9417262, 5.2300024 ], [ -3.9415877, 5.2299846 ], [ -3.941443, 5.2299637 ], [ -3.9412917, 5.2299397 ], [ -3.9411328, 5.2299124 ], [ -3.9408255, 5.2298547 ], [ -3.9404764, 5.2297831 ], [ -3.9401506, 5.2297127 ], [ -3.9392665, 5.2295173 ], [ -3.936631, 5.2280448 ], [ -3.9349768, 5.2272737 ], [ -3.9338128, 5.2250479 ], [ -3.926478, 5.2228897 ], [ -3.9226969, 5.221497 ], [ -3.9169648, 5.2196863 ], [ -3.9140331, 5.2188067 ], [ -3.9082605, 5.2159204 ], [ -3.9047361, 5.2119113 ], [ -3.9005357, 5.2082265 ], [ -3.8948214, 5.2049083 ], [ -3.8869425, 5.1982112 ], [ -3.883967, 5.194643 ], [ -3.8779921, 5.1885705 ], [ -3.8699797, 5.1826556 ], [ -3.8679439, 5.1807335 ], [ -3.8615512, 5.1769677 ], [ -3.858045, 5.1749641 ], [ -3.8504689, 5.1706776 ], [ -3.8475568, 5.1687716 ], [ -3.8421347, 5.1658583 ], [ -3.8368381, 5.1628603 ], [ -3.8335721, 5.1610963 ], [ -3.827972, 5.1602619 ], [ -3.8234595, 5.1591617 ], [ -3.8168021, 5.1583522 ], [ -3.8084123, 5.1574533 ], [ -3.8000002, 5.156251 ], [ -3.7831714, 5.1586556 ], [ -3.7769067, 5.1595692 ], [ -3.7705669, 5.1615761 ], [ -3.7666024, 5.1624464 ], [ -3.763187, 5.1624573 ], [ -3.7504575, 5.1656056 ], [ -3.7447244, 5.1552244 ], [ -3.7337025, 5.1491421 ], [ -3.7222412, 5.1439143 ], [ -3.7169428, 5.1419816 ], [ -3.7083744, 5.1402634 ], [ -3.6999551, 5.138663 ], [ -3.6906563, 5.1419159 ], [ -3.6830851, 5.1457464 ], [ -3.6800728, 5.1457464 ], [ -3.6714724, 5.1443513 ], [ -3.6665496, 5.1443653 ], [ -3.6627928, 5.1456498 ], [ -3.6579199, 5.1491118 ], [ -3.6514941, 5.1506464 ], [ -3.6494959, 5.1506464 ], [ -3.646384, 5.1492238 ], [ -3.6411342, 5.1422148 ], [ -3.6337716, 5.1366823 ], [ -3.6254213, 5.1325507 ], [ -3.6200181, 5.1295094 ], [ -3.6169474, 5.1287799 ], [ -3.6113537, 5.1268837 ], [ -3.6069842, 5.1257897 ], [ -3.6001497, 5.1229714 ], [ -3.5917406, 5.1236482 ], [ -3.5833264, 5.1240441 ], [ -3.5749079, 5.1231528 ], [ -3.5666247, 5.1220595 ], [ -3.5579518, 5.1246812 ], [ -3.5498565, 5.1268531 ], [ -3.54455, 5.1271616 ], [ -3.5362493, 5.1294542 ], [ -3.5334883, 5.1296324 ], [ -3.5282229, 5.1269518 ], [ -3.5245763, 5.1249307 ], [ -3.5170359, 5.1221111 ], [ -3.5126228, 5.1202067 ], [ -3.5001538, 5.1157663 ], [ -3.4834955, 5.1157464 ], [ -3.4721729, 5.1105925 ], [ -3.4667396, 5.1095534 ], [ -3.4609217, 5.1102657 ], [ -3.4531098, 5.1124649 ], [ -3.4499323, 5.1129464 ], [ -3.4335089, 5.1129464 ], [ -3.4282256, 5.1103527 ], [ -3.4246008, 5.1082431 ], [ -3.4170596, 5.10542 ], [ -3.4128384, 5.1033138 ], [ -3.4002516, 5.099083 ], [ -3.3868595, 5.0957618 ], [ -3.3833962, 5.0953516 ], [ -3.3792914, 5.094951 ], [ -3.3718013, 5.0941521 ], [ -3.3666558, 5.093554 ], [ -3.3619613, 5.0945555 ], [ -3.3535636, 5.0953575 ], [ -3.3499296, 5.0960437 ], [ -3.3467748, 5.0959478 ], [ -3.3343336, 5.097139 ], [ -3.3310581, 5.0965775 ], [ -3.322929, 5.0930819 ], [ -3.3169654, 5.0924684 ], [ -3.3105974, 5.0890915 ], [ -3.3013094, 5.0816548 ], [ -3.298247, 5.0808953 ], [ -3.2954412, 5.0825104 ], [ -3.2859187, 5.0850368 ], [ -3.2825506, 5.0847637 ], [ -3.278388, 5.0826362 ], [ -3.2734461, 5.0763478 ], [ -3.2667835, 5.0733702 ], [ -3.258665, 5.0748198 ], [ -3.2551958, 5.0769382 ], [ -3.2500841, 5.0789464 ], [ -3.2420502, 5.074123 ], [ -3.2333071, 5.071858 ], [ -3.2245884, 5.0736082 ], [ -3.2170052, 5.0779342 ], [ -3.2124669, 5.0707729 ], [ -3.2003133, 5.0658029 ], [ -3.1877575, 5.0614658 ], [ -3.183494, 5.0613506 ], [ -3.1755229, 5.0579484 ], [ -3.1670005, 5.052511 ], [ -3.1636142, 5.0521484 ], [ -3.1538237, 5.0529415 ], [ -3.148855, 5.0522726 ], [ -3.1421492, 5.0491627 ], [ -3.1372305, 5.0457589 ], [ -3.133591, 5.0441961 ], [ -3.1256163, 5.0420729 ], [ -3.1168998, 5.0400689 ], [ -3.1107266, 5.0386749 ], [ -3.1046364, 5.0368782 ], [ -3.1001881, 5.0357668 ], [ -3.0973679, 5.0352621 ], [ -3.0835082, 5.0324703 ], [ -3.0704871, 5.0288919 ], [ -3.0668534, 5.0274703 ], [ -3.0619534, 5.0276434 ], [ -3.0557459, 5.0266501 ], [ -3.0501322, 5.0268412 ], [ -3.0420626, 5.0241189 ], [ -3.0335258, 5.0194883 ], [ -3.0295212, 5.0194522 ], [ -3.0217199, 5.0208464 ], [ -3.016832, 5.0208464 ], [ -3.0130497, 5.0197117 ], [ -3.0061458, 5.0159194 ], [ -3.0033174, 5.0131174 ], [ -3.0002583, 5.0115918 ], [ -2.9952466, 5.0110484 ], [ -2.9881744, 5.0110464 ], [ -2.9834871, 5.0102652 ], [ -2.9754109, 5.0081716 ], [ -2.9668078, 5.0062561 ], [ -2.933334, 5.0062464 ], [ -2.9268008, 5.0057514 ], [ -2.922804, 5.0051529 ], [ -2.9169423, 5.0046634 ], [ -2.9133264, 5.0029096 ], [ -2.900292, 4.9990941 ], [ -2.8883353, 4.9943812 ], [ -2.883542, 4.9935743 ], [ -2.8750501, 4.9902171 ], [ -2.8669853, 4.9865952 ], [ -2.8634528, 4.9857606 ], [ -2.8522425, 4.9845565 ], [ -2.8495263, 4.9839744 ], [ -2.8447011, 4.9824973 ], [ -2.8368048, 4.9793001 ], [ -2.8335125, 4.9782731 ], [ -2.8283406, 4.9773576 ], [ -2.8226611, 4.9765602 ], [ -2.8169505, 4.9752802 ], [ -2.8099604, 4.9727857 ], [ -2.806343, 4.9718794 ], [ -2.8001892, 4.9699684 ], [ -2.7964149, 4.9694538 ], [ -2.7858242, 4.9681549 ], [ -2.7826802, 4.9676636 ], [ -2.7752086, 4.965771 ], [ -2.7675669, 4.9640623 ], [ -2.7645655, 4.9635616 ], [ -2.7544202, 4.9614561 ], [ -2.7501258, 4.9612513 ], [ -2.7442485, 4.9598603 ], [ -2.7398768, 4.9594587 ], [ -2.7333836, 4.9574591 ], [ -2.7250349, 4.9582485 ], [ -2.7167882, 4.9586412 ], [ -2.7093306, 4.956801 ], [ -2.7064763, 4.9552306 ], [ -2.7001497, 4.9528695 ], [ -2.695968, 4.9530586 ], [ -2.688971, 4.9548503 ], [ -2.6834215, 4.9550417 ], [ -2.6791771, 4.9537212 ], [ -2.6720212, 4.9492729 ], [ -2.6699734, 4.9465678 ], [ -2.6669347, 4.944987 ], [ -2.6622299, 4.9446474 ], [ -2.6544306, 4.9446464 ], [ -2.6501249, 4.9443528 ], [ -2.6441142, 4.9430718 ], [ -2.6405024, 4.9420703 ], [ -2.6333671, 4.9407533 ], [ -2.6248352, 4.9413487 ], [ -2.6166672, 4.9419464 ], [ -2.5928235, 4.9419518 ], [ -2.5899231, 4.9424464 ], [ -2.5836727, 4.9424464 ], [ -2.5788639, 4.9376481 ], [ -2.571286, 4.9325891 ], [ -2.5678712, 4.9304797 ], [ -2.5593445, 4.9252643 ], [ -2.5504384, 4.9206599 ], [ -2.5474523, 4.9188684 ], [ -2.5421844, 4.9158865 ], [ -2.5372769, 4.9123841 ], [ -2.5336552, 4.9103224 ], [ -2.517048, 4.904714 ], [ -2.5059786, 4.8991305 ], [ -2.5012088, 4.8971019 ], [ -2.496955, 4.8957834 ], [ -2.4891455, 4.8935806 ], [ -2.4835477, 4.8919812 ], [ -2.4748498, 4.8894818 ], [ -2.4669138, 4.887173 ], [ -2.4628521, 4.8863596 ], [ -2.4527399, 4.8849572 ], [ -2.4494461, 4.8843759 ], [ -2.4447673, 4.8825239 ], [ -2.4373307, 4.8788114 ], [ -2.4335233, 4.8776752 ], [ -2.4275043, 4.8763698 ], [ -2.4238972, 4.8754685 ], [ -2.4168226, 4.8740561 ], [ -2.4082592, 4.8735483 ], [ -2.4000663, 4.8729488 ], [ -2.3933335, 4.8724476 ], [ -2.3900268, 4.8724464 ], [ -2.3832997, 4.8720475 ], [ -2.3766728, 4.8724464 ], [ -2.3732661, 4.8724477 ], [ -2.366666, 4.8729464 ], [ -2.3499733, 4.8729472 ], [ -2.3415409, 4.8734483 ], [ -2.3335936, 4.8740228 ], [ -2.3292959, 4.870498 ], [ -2.3213568, 4.8659285 ], [ -2.3172924, 4.8617712 ], [ -2.309943, 4.856367 ], [ -2.3059723, 4.8547264 ], [ -2.3005864, 4.8520335 ], [ -2.2989813, 4.8499602 ], [ -2.2911637, 4.8420496 ], [ -2.2837969, 4.8375952 ], [ -2.2808734, 4.8354825 ], [ -2.2755814, 4.8326371 ], [ -2.2717949, 4.8280816 ], [ -2.2672484, 4.8254239 ], [ -2.2625331, 4.8208069 ], [ -2.2577272, 4.8160013 ], [ -2.2540865, 4.8125646 ], [ -2.2505776, 4.8097561 ], [ -2.2450413, 4.8049119 ], [ -2.2402701, 4.7993461 ], [ -2.237231, 4.7961059 ], [ -2.2339533, 4.7931242 ], [ -2.2293049, 4.7874868 ], [ -2.2256856, 4.7827649 ], [ -2.2215008, 4.7783783 ], [ -2.2171849, 4.7749907 ], [ -2.2112299, 4.7717558 ], [ -2.2004008, 4.7658414 ], [ -2.1888193, 4.760606 ], [ -2.1834904, 4.7588693 ], [ -2.1751181, 4.7578541 ], [ -2.1666636, 4.7566541 ], [ -2.1574342, 4.758489 ], [ -2.1503111, 4.761351 ], [ -2.1455082, 4.7548263 ], [ -2.1436208, 4.7494408 ], [ -2.1380499, 4.7451341 ], [ -2.1339753, 4.7419326 ], [ -2.1303871, 4.736371 ], [ -2.1263489, 4.7326362 ], [ -2.1206059, 4.7290464 ], [ -2.1170662, 4.7277224 ], [ -2.1082859, 4.7231342 ], [ -2.1002766, 4.7196924 ], [ -2.0970207, 4.7189734 ], [ -2.0859983, 4.7157958 ], [ -2.0834596, 4.7147709 ], [ -2.0666731, 4.714847 ], [ -2.0497291, 4.7158033 ], [ -2.0393227, 4.722461 ], [ -2.033085, 4.7292494 ], [ -2.0281756, 4.7269287 ], [ -2.0243687, 4.7252255 ], [ -2.0169807, 4.7218942 ], [ -2.0118342, 4.7207576 ], [ -2.0044188, 4.7201531 ], [ -2.0002061, 4.7193693 ], [ -1.9974481, 4.7185813 ], [ -1.9877454, 4.7157805 ], [ -1.9833698, 4.7145646 ], [ -1.9679186, 4.7131479 ], [ -1.9640503, 4.7133616 ], [ -1.9553865, 4.7157716 ], [ -1.9497925, 4.7169493 ], [ -1.9338049, 4.7174757 ], [ -1.929645, 4.7192195 ], [ -1.9227353, 4.7222237 ], [ -1.9163327, 4.7251249 ], [ -1.9110758, 4.7274543 ], [ -1.9028037, 4.7325962 ], [ -1.9001502, 4.7344626 ], [ -1.8954088, 4.7366362 ], [ -1.8899538, 4.7394129 ], [ -1.8829609, 4.7417145 ], [ -1.8779194, 4.7442886 ], [ -1.8715424, 4.7493417 ], [ -1.869296, 4.7527779 ], [ -1.8661414, 4.7559324 ], [ -1.8599375, 4.7596745 ], [ -1.8495691, 4.7658557 ], [ -1.8329844, 4.7740983 ], [ -1.8264812, 4.7757734 ], [ -1.8219825, 4.7768731 ], [ -1.8165874, 4.7782464 ], [ -1.7998883, 4.778257 ], [ -1.7964836, 4.7790728 ], [ -1.7829896, 4.7825045 ], [ -1.7664878, 4.7907464 ], [ -1.7501122, 4.7907464 ], [ -1.7436684, 4.7891114 ], [ -1.7332438, 4.7825098 ], [ -1.7229302, 4.7891123 ], [ -1.7165861, 4.7907464 ], [ -1.6997812, 4.7907849 ], [ -1.6827059, 4.7992903 ], [ -1.6760485, 4.8093982 ], [ -1.6659462, 4.8162421 ], [ -1.6657985, 4.8324464 ], [ -1.649737, 4.8325035 ], [ -1.63937, 4.8393161 ], [ -1.6324561, 4.8496859 ], [ -1.6323985, 4.8666507 ], [ -1.6323984, 4.8832057 ], [ -1.6285475, 4.8949464 ], [ -1.6206103, 4.8949761 ], [ -1.6166748, 4.8966746 ], [ -1.6130412, 4.8953699 ], [ -1.5994106, 4.8993597 ], [ -1.5976115, 4.9155699 ], [ -1.5965314, 4.9190104 ], [ -1.5944512, 4.9277987 ], [ -1.5856617, 4.9298791 ], [ -1.5822205, 4.9309594 ], [ -1.5661579, 4.9326931 ], [ -1.5606244, 4.9448053 ], [ -1.5620038, 4.9497598 ], [ -1.5567237, 4.956522 ], [ -1.5499208, 4.9596905 ], [ -1.5421687, 4.9575424 ], [ -1.533708, 4.9491644 ], [ -1.5330458, 4.9491243 ], [ -1.5242749, 4.9583885 ], [ -1.5166252, 4.9615051 ], [ -1.5111053, 4.9602568 ], [ -1.5044935, 4.9614753 ], [ -1.5002397, 4.9575273 ], [ -1.4931877, 4.9591464 ], [ -1.4899271, 4.9591513 ], [ -1.4831517, 4.9602587 ], [ -1.4783641, 4.9610813 ], [ -1.4665289, 4.9657464 ], [ -1.4498513, 4.9657648 ], [ -1.4370497, 4.9700805 ], [ -1.4329336, 4.9740464 ], [ -1.3997803, 4.9740853 ], [ -1.3830866, 4.9824464 ], [ -1.3498155, 4.9824739 ], [ -1.3378582, 4.9871743 ], [ -1.3332256, 4.9879464 ], [ -1.3280106, 4.9879464 ], [ -1.316585, 4.9825063 ], [ -1.3063314, 4.9891114 ], [ -1.3, 4.9907179 ], [ -1.2940479, 4.9892076 ], [ -1.292406, 4.9828342 ], [ -1.2870517, 4.979126 ], [ -1.2832256, 4.9782695 ], [ -1.2797851, 4.9796235 ], [ -1.2769844, 4.983003 ], [ -1.2758385, 4.990102 ], [ -1.2816218, 4.9990464 ], [ -1.1330799, 4.9990855 ], [ -1.1164854, 5.0074464 ], [ -1.0997811, 5.0074849 ], [ -1.0830888, 5.0157464 ], [ -1.0664807, 5.0157851 ], [ -1.0329329, 5.0325238 ], [ -1.0211567, 5.0371749 ], [ -1.0164321, 5.0379931 ], [ -1.0088198, 5.0417885 ], [ -0.9998467, 5.0489182 ], [ -0.9883354, 5.0443812 ], [ -0.9831556, 5.0435775 ], [ -0.9791206, 5.0454885 ], [ -0.9742608, 5.0494736 ], [ -0.9724637, 5.0562793 ], [ -0.9660481, 5.0659999 ], [ -0.9563336, 5.0725086 ], [ -0.9498941, 5.0740464 ], [ -0.9329568, 5.0741478 ], [ -0.9284078, 5.0787808 ], [ -0.9282982, 5.0830452 ], [ -0.923232, 5.0897062 ], [ -0.9166535, 5.0923932 ], [ -0.9094403, 5.0902386 ], [ -0.9004016, 5.0825584 ], [ -0.8995798, 5.0826095 ], [ -0.8928194, 5.0924464 ], [ -0.8898181, 5.0924729 ], [ -0.8833024, 5.0948849 ], [ -0.8768826, 5.0924732 ], [ -0.8737846, 5.0924464 ], [ -0.8670685, 5.0825915 ], [ -0.8662634, 5.0825725 ], [ -0.8572597, 5.0902386 ], [ -0.8498888, 5.0924403 ], [ -0.8413931, 5.0920497 ], [ -0.8333722, 5.0907512 ], [ -0.8253729, 5.0907464 ], [ -0.8168084, 5.0825249 ], [ -0.8159044, 5.0830222 ], [ -0.8157981, 5.0990464 ], [ -0.7997804, 5.0990852 ], [ -0.7661586, 5.1159373 ], [ -0.7574568, 5.1256039 ], [ -0.7498069, 5.1290464 ], [ -0.7464356, 5.1291044 ], [ -0.7409447, 5.1329429 ], [ -0.7408775, 5.1336822 ], [ -0.7449814, 5.1388584 ], [ -0.7497706, 5.1376594 ], [ -0.7561694, 5.1434183 ], [ -0.7573496, 5.149773 ], [ -0.754443, 5.1544961 ], [ -0.749848, 5.1573793 ], [ -0.743765, 5.1558359 ], [ -0.7377171, 5.1496963 ], [ -0.7389861, 5.1453913 ], [ -0.7388234, 5.1447687 ], [ -0.7336668, 5.140837 ], [ -0.7328793, 5.1409102 ], [ -0.7291553, 5.1463866 ], [ -0.7290981, 5.149637 ], [ -0.7235168, 5.1567318 ], [ -0.7165227, 5.1602288 ], [ -0.7104095, 5.1597845 ], [ -0.6995348, 5.1658765 ], [ -0.6893685, 5.1727169 ], [ -0.6828193, 5.1824464 ], [ -0.6662604, 5.1826121 ], [ -0.6593524, 5.1926954 ], [ -0.6495482, 5.1991662 ], [ -0.6327821, 5.2076176 ], [ -0.628433, 5.2119978 ], [ -0.6270121, 5.2161614 ], [ -0.6216689, 5.2215045 ], [ -0.616491, 5.2240464 ], [ -0.5995469, 5.2242302 ], [ -0.5964099, 5.2295543 ], [ -0.5828851, 5.232566 ], [ -0.5824737, 5.2330492 ], [ -0.5823979, 5.2482726 ], [ -0.5734134, 5.2424816 ], [ -0.5663903, 5.2436123 ], [ -0.5626707, 5.2460155 ], [ -0.5603974, 5.2493771 ], [ -0.5550627, 5.2548088 ], [ -0.5496844, 5.2574979 ], [ -0.5429461, 5.2592259 ], [ -0.532827, 5.2658802 ], [ -0.5223177, 5.271928 ], [ -0.5162937, 5.2741467 ], [ -0.510954, 5.2775328 ], [ -0.5049345, 5.2827459 ], [ -0.5025541, 5.2861422 ], [ -0.4992711, 5.2911162 ], [ -0.4956591, 5.2956068 ], [ -0.4911061, 5.2992713 ], [ -0.486733, 5.3036975 ], [ -0.4826519, 5.3157464 ], [ -0.4664424, 5.3158123 ], [ -0.4571659, 5.3236187 ], [ -0.4495914, 5.3283405 ], [ -0.4466107, 5.3295364 ], [ -0.4412106, 5.332593 ], [ -0.4365189, 5.3362795 ], [ -0.4328492, 5.3380692 ], [ -0.4261982, 5.3425992 ], [ -0.4162489, 5.3491657 ], [ -0.3829159, 5.3658322 ], [ -0.3713741, 5.370955 ], [ -0.3662193, 5.3741854 ], [ -0.3609539, 5.3775328 ], [ -0.3550642, 5.3826197 ], [ -0.3506907, 5.385341 ], [ -0.3441212, 5.3879884 ], [ -0.3396457, 5.3891264 ], [ -0.3327092, 5.3937733 ], [ -0.3302456, 5.3967053 ], [ -0.3245833, 5.3991499 ], [ -0.3191836, 5.4023117 ], [ -0.3161226, 5.4048558 ], [ -0.3100849, 5.4099037 ], [ -0.2994811, 5.4159152 ], [ -0.2906549, 5.423826 ], [ -0.2815798, 5.4295473 ], [ -0.2746212, 5.4325304 ], [ -0.2495579, 5.445063 ], [ -0.246981, 5.4466473 ], [ -0.2413349, 5.4491237 ], [ -0.2354745, 5.4517545 ], [ -0.2328302, 5.4533786 ], [ -0.2239642, 5.458758 ], [ -0.2151608, 5.4631613 ], [ -0.2106535, 5.4658646 ], [ -0.2035048, 5.4697368 ], [ -0.1996186, 5.4714315 ], [ -0.1921193, 5.4751886 ], [ -0.1829142, 5.4825029 ], [ -0.1674919, 5.4854075 ], [ -0.1484085, 5.4963333 ], [ -0.1413904, 5.499101 ], [ -0.1339487, 5.5016201 ], [ -0.1251402, 5.5064731 ], [ -0.1150858, 5.5130418 ], [ -0.1079959, 5.515799 ], [ -0.1006191, 5.5182354 ], [ -0.0817428, 5.5301705 ], [ -0.0773697, 5.5325558 ], [ -0.0701355, 5.5364765 ], [ -0.0661612, 5.539226 ], [ -0.0604643, 5.5438138 ], [ -0.05609, 5.5492673 ], [ -0.0520556, 5.5518312 ], [ -0.0495194, 5.5539738 ], [ -0.0412769, 5.5575535 ], [ -0.0318838, 5.5634099 ], [ -0.0286718, 5.5659167 ], [ -0.0210681, 5.5710171 ], [ -0.0161472, 5.5783519 ], [ -0.0131954, 5.5790464 ], [ -0.0032009, 5.5790543 ], [ -0.0003832, 5.5795619 ], [ 0.0052037, 5.5722059 ], [ 0.0074683, 5.5663006 ], [ 0.0100905, 5.5605515 ], [ 0.0160801, 5.5493229 ], [ 0.0166572, 5.5490642 ], [ 0.0305548, 5.5521844 ], [ 0.0337729, 5.55339 ], [ 0.0405488, 5.55933 ], [ 0.0505633, 5.5659474 ], [ 0.0588578, 5.5742309 ], [ 0.0672777, 5.579264 ], [ 0.0695565, 5.5819281 ], [ 0.0772935, 5.5892684 ], [ 0.0838447, 5.5945291 ], [ 0.0866767, 5.5965572 ], [ 0.0895458, 5.5993196 ], [ 0.094789, 5.6050561 ], [ 0.1005231, 5.6088146 ], [ 0.1045822, 5.6119605 ], [ 0.1088714, 5.6159483 ], [ 0.1136446, 5.6193577 ], [ 0.1170127, 5.6208011 ], [ 0.1249602, 5.6232847 ], [ 0.1336115, 5.6258037 ], [ 0.1382018, 5.6278947 ], [ 0.1482448, 5.6304805 ], [ 0.1508379, 5.6312779 ], [ 0.1558289, 5.6324762 ], [ 0.1655737, 5.63526 ], [ 0.1701211, 5.6357549 ], [ 0.178748, 5.6371586 ], [ 0.1834315, 5.6379558 ], [ 0.1898623, 5.6387623 ], [ 0.1930543, 5.6395572 ], [ 0.2001864, 5.6402689 ], [ 0.2070473, 5.6425184 ], [ 0.2142833, 5.6464303 ], [ 0.2176087, 5.6477605 ], [ 0.2334776, 5.6490683 ], [ 0.2458371, 5.6535747 ], [ 0.2501835, 5.6543656 ], [ 0.2583146, 5.6562724 ], [ 0.266984, 5.6584935 ], [ 0.2721694, 5.6605845 ], [ 0.280115, 5.6623726 ], [ 0.2846461, 5.6635808 ], [ 0.2920476, 5.6658196 ], [ 0.2973559, 5.6688135 ], [ 0.3002962, 5.6696969 ], [ 0.306599, 5.6720971 ], [ 0.3097189, 5.6731058 ], [ 0.3169577, 5.6763751 ], [ 0.3220676, 5.6771464 ], [ 0.3280423, 5.6771481 ], [ 0.3335572, 5.6776917 ], [ 0.3433515, 5.682569 ], [ 0.3475035, 5.6853335 ], [ 0.3502779, 5.6862902 ], [ 0.3558403, 5.6879787 ], [ 0.3602766, 5.6890909 ], [ 0.3669935, 5.6915952 ], [ 0.3726481, 5.6933809 ], [ 0.3796315, 5.6951767 ], [ 0.3847296, 5.6965761 ], [ 0.3946777, 5.6990912 ], [ 0.3994345, 5.7008731 ], [ 0.402327, 5.7013551 ], [ 0.413329, 5.702656 ], [ 0.4167537, 5.7032425 ], [ 0.4205769, 5.703047 ], [ 0.4293769, 5.7030464 ], [ 0.4332769, 5.702847 ], [ 0.4369467, 5.7028464 ], [ 0.448795, 5.7014491 ], [ 0.4529092, 5.7018533 ], [ 0.4626281, 5.7032555 ], [ 0.4668286, 5.7038556 ], [ 0.4723286, 5.7046556 ], [ 0.4772285, 5.7053556 ], [ 0.4834288, 5.7062557 ], [ 0.5000977, 5.7086512 ], [ 0.506802, 5.7091529 ], [ 0.5107055, 5.709752 ], [ 0.5167369, 5.7102464 ], [ 0.5221359, 5.7102464 ], [ 0.5270362, 5.7095502 ], [ 0.5333229, 5.709547 ], [ 0.5392855, 5.7098514 ], [ 0.544998, 5.7106513 ], [ 0.5500353, 5.7110464 ], [ 0.554743, 5.7110464 ], [ 0.5610432, 5.7102494 ], [ 0.5667259, 5.7102471 ], [ 0.5720354, 5.7105591 ], [ 0.5804455, 5.7127541 ], [ 0.5831831, 5.7129366 ], [ 0.5871847, 5.7116027 ], [ 0.5930148, 5.7091941 ], [ 0.6064089, 5.7057917 ], [ 0.6121781, 5.7033063 ], [ 0.6172397, 5.7015191 ], [ 0.6217634, 5.6991589 ], [ 0.6287374, 5.6950741 ], [ 0.6328076, 5.6925923 ], [ 0.6385519, 5.6886005 ], [ 0.642644, 5.6827369 ], [ 0.6464205, 5.6796571 ], [ 0.6495545, 5.6769754 ], [ 0.6579568, 5.6741123 ], [ 0.6663349, 5.6700243 ], [ 0.6694276, 5.6687904 ], [ 0.6832956, 5.6657565 ], [ 0.6974703, 5.6683442 ], [ 0.7009362, 5.6682505 ], [ 0.7080097, 5.6657945 ], [ 0.7141129, 5.66376 ], [ 0.7165326, 5.6616244 ], [ 0.7198735, 5.6627464 ], [ 0.730402, 5.6627549 ], [ 0.7345493, 5.6635585 ], [ 0.7500632, 5.6657464 ], [ 0.7835165, 5.6657837 ], [ 0.7948662, 5.671176 ], [ 0.8001259, 5.6719552 ], [ 0.8083126, 5.6730534 ], [ 0.8169254, 5.6740794 ], [ 0.8230865, 5.6764355 ], [ 0.8335132, 5.6824305 ], [ 0.8500426, 5.6813482 ], [ 0.8645721, 5.6804473 ], [ 0.867729, 5.6804473 ], [ 0.8833069, 5.6814537 ], [ 0.8892882, 5.6825604 ], [ 0.8941572, 5.6882482 ], [ 0.8999179, 5.68577 ], [ 0.9044046, 5.6865707 ], [ 0.9108949, 5.6883664 ], [ 0.9170119, 5.6894136 ], [ 0.9230659, 5.6934491 ], [ 0.9289755, 5.6993521 ], [ 0.9311519, 5.7019993 ], [ 0.9338122, 5.7031191 ], [ 0.9401157, 5.7101031 ], [ 0.9438367, 5.7161247 ], [ 0.946806, 5.7197644 ], [ 0.9504634, 5.7220743 ], [ 0.9573003, 5.725993 ], [ 0.9618525, 5.7328511 ], [ 0.963981, 5.7360438 ], [ 0.9672536, 5.7388352 ], [ 0.9733929, 5.7431719 ], [ 0.9793135, 5.7494017 ], [ 0.9811449, 5.7524366 ], [ 0.9839626, 5.7560317 ], [ 0.9893658, 5.7610114 ], [ 0.9904733, 5.7664105 ], [ 0.9936389, 5.7752149 ], [ 0.9976099, 5.784249 ], [ 1.0007807, 5.789996 ], [ 1.0043987, 5.7959324 ], [ 1.0059204, 5.7995715 ], [ 1.0097798, 5.8071913 ], [ 1.0126539, 5.8114532 ], [ 1.0160375, 5.8167274 ], [ 1.0173206, 5.818377 ], [ 1.0247707, 5.8232784 ], [ 1.0338203, 5.828416 ], [ 1.0360117, 5.8303946 ], [ 1.0405918, 5.8326862 ], [ 1.0448096, 5.8386887 ], [ 1.0504416, 5.8449889 ], [ 1.0536682, 5.8453377 ], [ 1.0614581, 5.8439514 ], [ 1.0671355, 5.8444987 ], [ 1.0694052, 5.847162 ], [ 1.0728263, 5.8493129 ], [ 1.0774021, 5.8560758 ], [ 1.0840339, 5.8628345 ], [ 1.0855009, 5.865832 ], [ 1.0878297, 5.8700013 ], [ 1.0899539, 5.8768325 ], [ 1.100639, 5.8827641 ], [ 1.1041564, 5.8963518 ], [ 1.1056554, 5.8996701 ], [ 1.1069885, 5.9058907 ], [ 1.1075871, 5.9098765 ], [ 1.1091602, 5.9163655 ], [ 1.1115728, 5.9220594 ], [ 1.1173597, 5.9285328 ], [ 1.1215086, 5.9327948 ], [ 1.1262552, 5.9403939 ], [ 1.1338094, 5.945105 ], [ 1.1363327, 5.9470117 ], [ 1.138177, 5.9493497 ], [ 1.1443626, 5.9555353 ], [ 1.1502947, 5.959171 ], [ 1.1562475, 5.9597597 ], [ 1.1620459, 5.9610567 ], [ 1.1668712, 5.9615645 ], [ 1.1702273, 5.9624755 ], [ 1.1834102, 5.9657464 ], [ 1.2004286, 5.9658988 ], [ 1.2081606, 5.9754683 ], [ 1.2118231, 5.9827767 ], [ 1.2146281, 5.9851142 ], [ 1.2170558, 5.9866082 ], [ 1.222313, 5.9879464 ], [ 1.2280211, 5.9879858 ], [ 1.2339202, 5.9910293 ], [ 1.2364905, 5.9971946 ], [ 1.2382439, 5.9994399 ], [ 1.2435886, 6.0084107 ], [ 1.2474377, 6.0161058 ], [ 1.2496496, 6.0182256 ], [ 1.2581325, 6.0232562 ], [ 1.2671499, 6.0277678 ], [ 1.2700617, 6.0296725 ], [ 1.2754586, 6.0325724 ], [ 1.2804989, 6.0358969 ], [ 1.2836064, 6.0379685 ], [ 1.2895574, 6.0384623 ], [ 1.2931482, 6.0394534 ], [ 1.3001268, 6.039857 ], [ 1.3087952, 6.0417678 ], [ 1.316852, 6.0435582 ], [ 1.3218016, 6.0441521 ], [ 1.3292917, 6.0449511 ], [ 1.3334369, 6.0453576 ], [ 1.3367608, 6.0459875 ], [ 1.3447457, 6.0491154 ], [ 1.3495181, 6.051203 ], [ 1.3535589, 6.0524842 ], [ 1.3613464, 6.0546807 ], [ 1.3670313, 6.0563119 ], [ 1.3733706, 6.0595249 ], [ 1.3799409, 6.0621134 ], [ 1.3843815, 6.0639881 ], [ 1.3919287, 6.0657761 ], [ 1.3991878, 6.0678638 ], [ 1.4026624, 6.0683464 ], [ 1.4141355, 6.0683478 ], [ 1.4178511, 6.0686397 ], [ 1.4334141, 6.065777 ], [ 1.4448805, 6.0714879 ], [ 1.450387, 6.0758052 ], [ 1.4556878, 6.0768464 ], [ 1.4611639, 6.0768502 ], [ 1.4669359, 6.0776824 ], [ 1.4703566, 6.0791199 ], [ 1.4781495, 6.0825168 ], [ 1.4826419, 6.0843328 ], [ 1.4848745, 6.0841611 ], [ 1.4885269, 6.0825271 ], [ 1.4960777, 6.0790498 ], [ 1.4995858, 6.0769489 ], [ 1.5073154, 6.0737722 ], [ 1.5165372, 6.0658226 ], [ 1.5284329, 6.0708649 ], [ 1.5334447, 6.0713591 ], [ 1.5419788, 6.0731934 ], [ 1.5506068, 6.0771191 ], [ 1.5524236, 6.0810495 ], [ 1.5547042, 6.0826003 ], [ 1.562129, 6.0875502 ], [ 1.5671144, 6.0896486 ], [ 1.5730869, 6.0931298 ], [ 1.5803418, 6.0958142 ], [ 1.584363, 6.0976226 ], [ 1.5879223, 6.099153 ], [ 1.5955795, 6.103922 ], [ 1.6004085, 6.1054517 ], [ 1.606587, 6.1100653 ], [ 1.6125052, 6.1159777 ], [ 1.6160997, 6.1188921 ], [ 1.6250974, 6.1236381 ], [ 1.6336643, 6.1275231 ], [ 1.6371415, 6.1290134 ], [ 1.6461563, 6.1325203 ], [ 1.649733, 6.1342081 ], [ 1.6530475, 6.1352804 ], [ 1.6619136, 6.1374721 ], [ 1.6668909, 6.1386666 ], [ 1.675176, 6.1402638 ], [ 1.6835146, 6.141973 ], [ 1.6890819, 6.1435623 ], [ 1.6953516, 6.1443597 ], [ 1.7002259, 6.1453759 ], [ 1.7032388, 6.1463146 ], [ 1.7086609, 6.1491194 ], [ 1.7158483, 6.1516793 ], [ 1.7203719, 6.1526627 ], [ 1.7285688, 6.1540626 ], [ 1.7335355, 6.1551786 ], [ 1.7420439, 6.1578794 ], [ 1.7501973, 6.1598681 ], [ 1.7551252, 6.1608758 ], [ 1.7650405, 6.1639785 ], [ 1.7675127, 6.1645718 ], [ 1.7724435, 6.1657804 ], [ 1.7822689, 6.1688874 ], [ 1.7888012, 6.1708986 ], [ 1.7934019, 6.1726979 ], [ 1.800289, 6.174894 ], [ 1.8059081, 6.1769006 ], [ 1.8146112, 6.1801018 ], [ 1.8175717, 6.1811873 ], [ 1.8224427, 6.1824797 ], [ 1.8322852, 6.1853627 ], [ 1.8368976, 6.1859515 ], [ 1.8457614, 6.1867483 ], [ 1.8499781, 6.1869444 ], [ 1.8540717, 6.1865546 ], [ 1.8644609, 6.1845579 ], [ 1.8675037, 6.1842515 ], [ 1.8831439, 6.1824584 ], [ 1.8964899, 6.1792949 ], [ 1.899671, 6.1777108 ], [ 1.9064974, 6.1757702 ], [ 1.9092547, 6.1752759 ], [ 1.9168442, 6.1725297 ], [ 1.9216935, 6.1783699 ], [ 1.9256648, 6.1827383 ], [ 1.9295857, 6.1869533 ], [ 1.9337288, 6.189651 ], [ 1.9402908, 6.1924913 ], [ 1.9446476, 6.1935816 ], [ 1.95029, 6.1953944 ], [ 1.9530916, 6.1963947 ], [ 1.9614069, 6.1991005 ], [ 1.9661617, 6.2009818 ], [ 1.9693966, 6.2016681 ], [ 1.9787788, 6.2038639 ], [ 1.983399, 6.2046503 ], [ 1.9892728, 6.2049498 ], [ 1.9937714, 6.2054488 ], [ 2.0084432, 6.2061474 ], [ 2.0167, 6.2065454 ], [ 2.0249565, 6.2061475 ], [ 2.0332783, 6.2057469 ], [ 2.0399526, 6.2057464 ], [ 2.0437527, 6.2053485 ], [ 2.0499694, 6.2053464 ], [ 2.0558695, 6.2049474 ], [ 2.0607771, 6.2049464 ], [ 2.0667265, 6.2046485 ], [ 2.0729979, 6.2053517 ], [ 2.0768016, 6.2057522 ], [ 2.0834534, 6.2065603 ], [ 2.0920953, 6.2084678 ], [ 2.1002193, 6.2102738 ], [ 2.1045135, 6.2114715 ], [ 2.1145777, 6.2135641 ], [ 2.1176315, 6.2141551 ], [ 2.1333456, 6.2157464 ], [ 2.1832314, 6.2157464 ], [ 2.1987344, 6.2133765 ], [ 2.2052367, 6.210323 ], [ 2.2090505, 6.2087578 ], [ 2.216263, 6.2033648 ], [ 2.2194447, 6.2021845 ], [ 2.2331909, 6.1990564 ], [ 2.2498645, 6.1990464 ], [ 2.2623993, 6.1951971 ], [ 2.2664633, 6.1935816 ], [ 2.2731491, 6.1924591 ], [ 2.2760481, 6.1919593 ], [ 2.2830807, 6.1907707 ], [ 2.2892216, 6.1887237 ], [ 2.2998729, 6.1825006 ], [ 2.3118096, 6.1875989 ], [ 2.3167832, 6.1890336 ], [ 2.3225574, 6.1884562 ], [ 2.3284448, 6.1871605 ], [ 2.3334175, 6.1865683 ], [ 2.3413808, 6.1896893 ], [ 2.3500503, 6.1919298 ], [ 2.358091, 6.1907672 ], [ 2.3668155, 6.1879814 ], [ 2.3752873, 6.1916888 ], [ 2.3834361, 6.1935542 ], [ 2.3886247, 6.1939558 ], [ 2.3964284, 6.195355 ], [ 2.4001477, 6.1957594 ], [ 2.4029028, 6.1963479 ], [ 2.4152561, 6.1965456 ], [ 2.419649, 6.1960488 ], [ 2.4301397, 6.1960464 ], [ 2.4332987, 6.1949688 ], [ 2.4365554, 6.1960464 ], [ 2.447051, 6.1960488 ], [ 2.4514439, 6.1965456 ], [ 2.4638606, 6.1963469 ], [ 2.4680858, 6.1960473 ], [ 2.4806831, 6.1963517 ], [ 2.4844321, 6.196956 ], [ 2.500308, 6.199113 ], [ 2.5107562, 6.2062426 ], [ 2.5109036, 6.209885 ], [ 2.5132519, 6.2160846 ], [ 2.516001, 6.2181464 ], [ 2.518699, 6.2181464 ], [ 2.5215381, 6.2160171 ], [ 2.5262117, 6.2093223 ], [ 2.5335188, 6.2075122 ], [ 2.5387342, 6.2113133 ], [ 2.5423842, 6.2160575 ], [ 2.5462933, 6.220062 ], [ 2.5500361, 6.2213096 ], [ 2.5540277, 6.2203117 ], [ 2.5605957, 6.2159003 ], [ 2.5651673, 6.2128979 ], [ 2.5697732, 6.2130572 ], [ 2.5727765, 6.2159489 ], [ 2.5792723, 6.2203117 ], [ 2.5833368, 6.2213278 ], [ 2.5877307, 6.2205955 ], [ 2.5937785, 6.2159877 ], [ 2.5964861, 6.2129211 ], [ 2.5999445, 6.2115791 ], [ 2.6035139, 6.2129211 ], [ 2.6062399, 6.216009 ], [ 2.611947, 6.2209422 ], [ 2.6167471, 6.2224191 ], [ 2.6219027, 6.221388 ], [ 2.6332863, 6.2157912 ], [ 2.6442813, 6.221927 ], [ 2.650097, 6.2240245 ], [ 2.658555, 6.2228579 ], [ 2.6669103, 6.2214037 ], [ 2.6736687, 6.22581 ], [ 2.6780802, 6.2268924 ], [ 2.6833903, 6.229013 ], [ 2.6873988, 6.2282547 ], [ 2.6956535, 6.2282464 ], [ 2.7000551, 6.2268787 ], [ 2.7040331, 6.2288054 ], [ 2.7167126, 6.2324141 ], [ 2.7297674, 6.2290771 ], [ 2.7332555, 6.2282552 ], [ 2.7370607, 6.2287464 ], [ 2.7463365, 6.2287479 ], [ 2.7500365, 6.2290464 ], [ 2.7534144, 6.2290576 ], [ 2.7669518, 6.2324828 ], [ 2.7794866, 6.2365931 ], [ 2.7835895, 6.2379941 ], [ 2.8002863, 6.243593 ], [ 2.8046523, 6.2450816 ], [ 2.808835, 6.2492073 ], [ 2.8142013, 6.2518905 ], [ 2.8167957, 6.2524464 ], [ 2.8198864, 6.2524464 ], [ 2.833519, 6.2491121 ], [ 2.843349, 6.2563574 ], [ 2.8500875, 6.2591097 ], [ 2.8580658, 6.2574756 ], [ 2.8667005, 6.2546668 ], [ 2.8752358, 6.257476 ], [ 2.8833011, 6.2591279 ], [ 2.8914652, 6.2574756 ], [ 2.8999568, 6.2546621 ], [ 2.90815, 6.2561588 ], [ 2.9167, 6.2574364 ], [ 2.925249, 6.256159 ], [ 2.9333424, 6.2546619 ], [ 2.9419342, 6.2574756 ], [ 2.95, 6.2591277 ], [ 2.9580658, 6.2574756 ], [ 2.9667781, 6.2546765 ], [ 2.9752873, 6.2583888 ], [ 2.9833654, 6.260238 ], [ 2.9894719, 6.2597548 ], [ 2.9952255, 6.2610297 ], [ 3.0001138, 6.2602818 ], [ 3.0035735, 6.2624464 ], [ 3.0134167, 6.2624582 ], [ 3.0167284, 6.2633228 ], [ 3.0195968, 6.2627551 ], [ 3.0301261, 6.2627464 ], [ 3.0332439, 6.2615788 ], [ 3.0365687, 6.2627464 ], [ 3.0471032, 6.2627551 ], [ 3.05, 6.2633285 ], [ 3.0528968, 6.2627551 ], [ 3.0634313, 6.2627464 ], [ 3.0667968, 6.2615968 ], [ 3.069548, 6.263294 ], [ 3.0833794, 6.2657464 ], [ 3.1166309, 6.2657464 ], [ 3.1322187, 6.2633513 ], [ 3.135894, 6.2632465 ], [ 3.148706, 6.2633464 ], [ 3.1844656, 6.2635502 ], [ 3.2000181, 6.26574 ], [ 3.2157779, 6.2641541 ], [ 3.2186752, 6.2636556 ], [ 3.2297706, 6.2624658 ], [ 3.2331786, 6.2610692 ], [ 3.2375536, 6.2615464 ], [ 3.2459079, 6.2615561 ], [ 3.2514289, 6.2627766 ], [ 3.2614728, 6.2658314 ], [ 3.2658906, 6.2684313 ], [ 3.2717102, 6.2706013 ], [ 3.2770437, 6.2725155 ], [ 3.2835546, 6.2757671 ], [ 3.2893751, 6.2763396 ], [ 3.2932619, 6.2757501 ], [ 3.2999141, 6.2761397 ], [ 3.3080508, 6.274081 ], [ 3.3164995, 6.2713705 ], [ 3.3212517, 6.2705587 ], [ 3.3298466, 6.2691595 ], [ 3.3332731, 6.2685546 ], [ 3.3368519, 6.2691593 ], [ 3.3453476, 6.2705586 ], [ 3.3503461, 6.2714317 ], [ 3.3566151, 6.2765039 ], [ 3.3671418, 6.2825618 ], [ 3.3778903, 6.2884337 ], [ 3.3835501, 6.2907756 ], [ 3.3906532, 6.2919595 ], [ 3.3934525, 6.2924594 ], [ 3.4001474, 6.2935585 ], [ 3.4048747, 6.2943464 ], [ 3.411956, 6.2943493 ], [ 3.4166988, 6.2949392 ], [ 3.4213428, 6.2943494 ], [ 3.4285237, 6.2943464 ], [ 3.4332991, 6.2935527 ], [ 3.4381747, 6.2943464 ], [ 3.445256, 6.2943493 ], [ 3.4500255, 6.2949426 ], [ 3.4544356, 6.2946502 ], [ 3.4637366, 6.2960568 ], [ 3.4677681, 6.2966937 ], [ 3.4728192, 6.2993258 ], [ 3.476756, 6.3080677 ], [ 3.4786327, 6.3162378 ], [ 3.4808961, 6.3189539 ], [ 3.4834238, 6.3204705 ], [ 3.4865769, 6.3195331 ], [ 3.4909795, 6.3160673 ], [ 3.4937755, 6.3105267 ], [ 3.4999289, 6.3074747 ], [ 3.5069206, 6.3091738 ], [ 3.5113117, 6.3102715 ], [ 3.5167559, 6.3115354 ], [ 3.5212546, 6.3110568 ], [ 3.5271529, 6.3097595 ], [ 3.533422, 6.3091679 ], [ 3.5385429, 6.311167 ], [ 3.5448883, 6.315887 ], [ 3.5492413, 6.3182528 ], [ 3.5524157, 6.3183409 ], [ 3.5579104, 6.3158346 ], [ 3.5636072, 6.3130001 ], [ 3.5666796, 6.312451 ], [ 3.5699689, 6.3127971 ], [ 3.5754064, 6.3158418 ], [ 3.5821812, 6.3188421 ], [ 3.5862914, 6.3187487 ], [ 3.6002042, 6.3158015 ], [ 3.610776, 6.3221213 ], [ 3.6167712, 6.3240246 ], [ 3.62356, 6.3229728 ], [ 3.6275166, 6.3213932 ], [ 3.6333712, 6.3199694 ], [ 3.6414975, 6.3229965 ], [ 3.6501402, 6.3257464 ], [ 3.666844, 6.3257633 ], [ 3.6719384, 6.3273464 ], [ 3.6782786, 6.3273521 ], [ 3.6834819, 6.3282653 ], [ 3.6869153, 6.3290725 ], [ 3.7002355, 6.3324777 ], [ 3.7132415, 6.3361793 ], [ 3.7168199, 6.3371464 ], [ 3.7214561, 6.3371493 ], [ 3.7278562, 6.3379464 ], [ 3.7333733, 6.3379514 ], [ 3.7401329, 6.3390561 ], [ 3.7431471, 6.3394587 ], [ 3.7500351, 6.3407375 ], [ 3.7583085, 6.3398511 ], [ 3.7667, 6.3390485 ], [ 3.775092, 6.3398511 ], [ 3.7832655, 6.3407374 ], [ 3.7901529, 6.3394587 ], [ 3.7931671, 6.3390561 ], [ 3.7996832, 6.3379863 ], [ 3.8028467, 6.3360883 ], [ 3.8049982, 6.332696 ], [ 3.8124044, 6.3286386 ], [ 3.8164913, 6.3268772 ], [ 3.8226415, 6.3263485 ], [ 3.8269361, 6.3261484 ], [ 3.8333825, 6.3255586 ], [ 3.8387997, 6.3271665 ], [ 3.8460079, 6.3282734 ], [ 3.8512235, 6.3301603 ], [ 3.8543874, 6.3327791 ], [ 3.858725, 6.3409869 ], [ 3.8605876, 6.3426633 ], [ 3.8680385, 6.3487233 ], [ 3.8777194, 6.3552431 ], [ 3.8834827, 6.3574524 ], [ 3.891727, 6.3577468 ], [ 3.900038, 6.3579474 ], [ 3.9083433, 6.3584474 ], [ 3.9164647, 6.3587374 ], [ 3.9220669, 6.3553761 ], [ 3.9260521, 6.3495881 ], [ 3.9271114, 6.3444843 ], [ 3.9283105, 6.337291 ], [ 3.9292104, 6.3329432 ], [ 3.9318548, 6.3299391 ], [ 3.9407112, 6.3253349 ], [ 3.9496382, 6.321422 ], [ 3.9533257, 6.3198147 ], [ 3.9561773, 6.3161077 ], [ 3.9603906, 6.3103936 ], [ 3.9664941, 6.3066026 ], [ 3.9759724, 6.3085902 ], [ 3.9833425, 6.3114954 ], [ 3.9891217, 6.30979 ], [ 3.9925288, 6.3085886 ], [ 3.9998237, 6.3065653 ], [ 4.0064628, 6.3057683 ], [ 4.012186, 6.3033035 ], [ 4.0170692, 6.3017392 ], [ 4.0203215, 6.2991869 ], [ 4.028663, 6.2951067 ], [ 4.032764, 6.2909306 ], [ 4.0385712, 6.2880108 ], [ 4.0464183, 6.2857906 ], [ 4.0502779, 6.2843433 ], [ 4.0526517, 6.2826999 ], [ 4.0580941, 6.2748877 ], [ 4.0661162, 6.2659653 ], [ 4.0762457, 6.25927 ], [ 4.0828618, 6.2558594 ], [ 4.086941, 6.2534312 ], [ 4.0909551, 6.2494172 ], [ 4.093667, 6.2439326 ], [ 4.09962, 6.2380527 ], [ 4.1045572, 6.2371744 ], [ 4.1164172, 6.2324929 ], [ 4.1296272, 6.2291127 ], [ 4.1330358, 6.2269039 ], [ 4.1387888, 6.2268464 ], [ 4.1431863, 6.2257575 ], [ 4.149868, 6.2257464 ], [ 4.1572582, 6.2235389 ], [ 4.1665363, 6.2158211 ], [ 4.1788475, 6.2205756 ], [ 4.183155, 6.2213088 ], [ 4.1865099, 6.219586 ], [ 4.1910949, 6.2159765 ], [ 4.1953288, 6.2116951 ], [ 4.199857, 6.210263 ], [ 4.2058193, 6.2102849 ], [ 4.2163858, 6.215486 ], [ 4.2226664, 6.2060183 ], [ 4.2330356, 6.1991041 ], [ 4.2498557, 6.1990464 ], [ 4.2620138, 6.1950586 ], [ 4.2664593, 6.1908281 ], [ 4.2734144, 6.1924464 ], [ 4.2767743, 6.1924515 ], [ 4.2831588, 6.1935104 ], [ 4.2902116, 6.189984 ], [ 4.2997019, 6.1825199 ], [ 4.3163244, 6.1824464 ], [ 4.3329568, 6.1658472 ], [ 4.3664289, 6.1657464 ], [ 4.3763446, 6.1592262 ], [ 4.3828359, 6.1575365 ], [ 4.3909553, 6.1494171 ], [ 4.3935913, 6.1440475 ], [ 4.3992394, 6.1328676 ], [ 4.4066344, 6.1235614 ], [ 4.4103678, 6.1161314 ], [ 4.4132673, 6.1132052 ], [ 4.4161346, 6.1104476 ], [ 4.4227944, 6.1059013 ], [ 4.43278, 6.0992109 ], [ 4.4423583, 6.092127 ], [ 4.4493857, 6.0867822 ], [ 4.4520227, 6.0838522 ], [ 4.4589909, 6.075789 ], [ 4.466096, 6.0659907 ], [ 4.4767637, 6.0596595 ], [ 4.4829373, 6.0566234 ], [ 4.4882787, 6.0545444 ], [ 4.4963098, 6.0491399 ], [ 4.499099, 6.0481338 ], [ 4.5032399, 6.0454729 ], [ 4.5089897, 6.0422562 ], [ 4.5160941, 6.0326911 ], [ 4.5263416, 6.0263937 ], [ 4.5326996, 6.0159962 ], [ 4.5437997, 6.0101917 ], [ 4.5495833, 6.0054579 ], [ 4.5544206, 6.0039219 ], [ 4.562, 5.9991971 ], [ 4.5642627, 5.9975944 ], [ 4.5660339, 5.9952436 ], [ 4.5726607, 5.9893099 ], [ 4.5785858, 5.98269 ], [ 4.5808495, 5.9808157 ], [ 4.5826686, 5.9785107 ], [ 4.5899599, 5.9731259 ], [ 4.5996273, 5.9658387 ], [ 4.6137316, 5.9629623 ], [ 4.6163439, 5.9624957 ], [ 4.6239366, 5.9571419 ], [ 4.6327449, 5.9492392 ], [ 4.6426512, 5.9426958 ], [ 4.6492993, 5.9327839 ], [ 4.6825989, 5.8993739 ], [ 4.6892495, 5.8894477 ], [ 4.6935817, 5.8829494 ], [ 4.6949438, 5.8788633 ], [ 4.6992759, 5.8661427 ], [ 4.7088188, 5.8584887 ], [ 4.7162464, 5.8547668 ], [ 4.7193439, 5.8527017 ], [ 4.7213402, 5.8496166 ], [ 4.722397, 5.8432757 ], [ 4.7224085, 5.8398353 ], [ 4.7242933, 5.8328327 ], [ 4.729207, 5.8293969 ], [ 4.7325946, 5.8161326 ], [ 4.7426496, 5.8093969 ], [ 4.7492988, 5.7993849 ], [ 4.7575599, 5.7911129 ], [ 4.7616707, 5.7829892 ], [ 4.7627839, 5.779969 ], [ 4.7659871, 5.7744029 ], [ 4.7742607, 5.7661121 ], [ 4.7769927, 5.7607457 ], [ 4.7824634, 5.7496054 ], [ 4.7866451, 5.7371601 ], [ 4.7880442, 5.7330627 ], [ 4.7935432, 5.7163658 ], [ 4.794944, 5.7121633 ], [ 4.7991655, 5.6996095 ], [ 4.8049771, 5.6882255 ], [ 4.8157973, 5.6827891 ], [ 4.815902, 5.6662863 ], [ 4.8236704, 5.6571139 ], [ 4.8283248, 5.6496474 ], [ 4.8287166, 5.6460737 ], [ 4.8325308, 5.6329031 ], [ 4.8492122, 5.6161608 ], [ 4.8533442, 5.6038632 ], [ 4.8548105, 5.5995295 ], [ 4.8598571, 5.5934312 ], [ 4.8660993, 5.5826987 ], [ 4.8771254, 5.5770786 ], [ 4.8825048, 5.5662238 ], [ 4.8885805, 5.5556643 ], [ 4.8930853, 5.5435665 ], [ 4.8992556, 5.5328423 ], [ 4.9067647, 5.5234136 ], [ 4.9159125, 5.5161226 ], [ 4.9195592, 5.5034267 ], [ 4.9214571, 5.4994454 ], [ 4.9265574, 5.4934298 ], [ 4.9325456, 5.4828578 ], [ 4.9399355, 5.4735609 ], [ 4.9435954, 5.4662412 ], [ 4.9455423, 5.4624645 ], [ 4.9492366, 5.4578588 ], [ 4.9533706, 5.4495909 ], [ 4.9562668, 5.4417054 ], [ 4.9603101, 5.4329161 ], [ 4.9625486, 5.4294501 ], [ 4.9659759, 5.4244123 ], [ 4.9697647, 5.4197134 ], [ 4.9742013, 5.4161336 ], [ 4.9757977, 5.4099358 ], [ 4.9758027, 5.4065772 ], [ 4.9769838, 5.3996033 ], [ 4.9796783, 5.3962987 ], [ 4.9826668, 5.3938023 ], [ 4.9877732, 5.3879103 ], [ 4.9908845, 5.3829517 ], [ 4.9930841, 5.37687 ], [ 4.9992573, 5.3661404 ], [ 5.0066353, 5.3569606 ], [ 5.0102945, 5.3495434 ], [ 5.0122425, 5.3457644 ], [ 5.0160231, 5.3410543 ], [ 5.0242591, 5.3328142 ], [ 5.0380935, 5.3051455 ], [ 5.0410142, 5.29938 ], [ 5.0458203, 5.2954886 ], [ 5.0495069, 5.2936854 ], [ 5.0554597, 5.2887084 ], [ 5.0602506, 5.2829594 ], [ 5.0610333, 5.278313 ], [ 5.0658779, 5.26628 ], [ 5.0713935, 5.2551455 ], [ 5.0769936, 5.2440455 ], [ 5.0825401, 5.2328687 ], [ 5.0899359, 5.2235608 ], [ 5.0935334, 5.2163658 ], [ 5.0943334, 5.2117126 ], [ 5.1039271, 5.1878029 ], [ 5.1047448, 5.1830814 ], [ 5.1085406, 5.175468 ], [ 5.115798, 5.1663342 ], [ 5.1159648, 5.1495277 ], [ 5.1271276, 5.1437751 ], [ 5.1325403, 5.1328687 ], [ 5.1399361, 5.1235607 ], [ 5.143596, 5.1162411 ], [ 5.1455428, 5.1124644 ], [ 5.1529372, 5.1032586 ], [ 5.1547646, 5.0996037 ], [ 5.1602672, 5.083008 ], [ 5.1622418, 5.0791658 ], [ 5.1696331, 5.0698646 ], [ 5.1713638, 5.0663069 ], [ 5.176946, 5.0496601 ], [ 5.1783451, 5.0455629 ], [ 5.182466, 5.0330108 ], [ 5.1880939, 5.0218454 ], [ 5.1935935, 5.0107461 ], [ 5.2047928, 4.9884476 ], [ 5.2075343, 4.9828772 ], [ 5.2111084, 4.9781018 ], [ 5.2158741, 4.9662899 ], [ 5.221394, 4.9551453 ], [ 5.226994, 4.9440453 ], [ 5.2324652, 4.9330035 ], [ 5.2366452, 4.9205629 ], [ 5.2380626, 4.916318 ], [ 5.2421648, 4.9076068 ], [ 5.2449388, 4.8996813 ], [ 5.2458276, 4.8964221 ], [ 5.2491354, 4.8830971 ], [ 5.2533453, 4.8705629 ], [ 5.2547445, 4.8663655 ], [ 5.2602455, 4.8496623 ], [ 5.2616459, 4.8455613 ], [ 5.2699449, 4.8205644 ], [ 5.2713912, 4.8162625 ], [ 5.2759509, 4.8095475 ], [ 5.2825184, 4.7994972 ], [ 5.2880964, 4.7884408 ], [ 5.2908303, 4.7830707 ], [ 5.2921103, 4.7745055 ], [ 5.2935535, 4.7663554 ], [ 5.2954578, 4.7626162 ], [ 5.2991881, 4.7495714 ], [ 5.3059513, 4.7394471 ], [ 5.3103473, 4.7328531 ], [ 5.3125497, 4.7294497 ], [ 5.3159032, 4.7245178 ], [ 5.3187367, 4.7176783 ], [ 5.3198986, 4.7123529 ], [ 5.3199169, 4.7040016 ], [ 5.3213629, 4.6996179 ], [ 5.3254681, 4.6909004 ], [ 5.3283353, 4.6830896 ], [ 5.3291241, 4.6797376 ], [ 5.3324785, 4.6662955 ], [ 5.3392497, 4.6561496 ], [ 5.3436209, 4.6494935 ], [ 5.3454583, 4.6459153 ], [ 5.349164, 4.6330188 ], [ 5.3547923, 4.6218495 ], [ 5.3574498, 4.6163376 ], [ 5.3591261, 4.6098298 ], [ 5.3602253, 4.6053329 ], [ 5.3616586, 4.5996355 ], [ 5.3630975, 4.5968392 ], [ 5.3659424, 4.5911664 ], [ 5.3697656, 4.5864133 ], [ 5.374348, 4.5827161 ], [ 5.377807, 4.5781042 ], [ 5.3824788, 4.5662797 ], [ 5.3880953, 4.5551437 ], [ 5.3908718, 4.5495906 ], [ 5.393086, 4.543568 ], [ 5.399257, 4.5328419 ], [ 5.4067659, 4.5234134 ], [ 5.4159139, 4.5161221 ], [ 5.4195606, 4.5034265 ], [ 5.4214207, 4.4995003 ], [ 5.4258639, 4.4929756 ], [ 5.4269449, 4.4885696 ], [ 5.4291352, 4.4830852 ], [ 5.4297531, 4.4802515 ], [ 5.4325231, 4.4744964 ], [ 5.4358625, 4.4696752 ], [ 5.4366419, 4.4663785 ], [ 5.4395674, 4.4584067 ], [ 5.443499, 4.4497541 ], [ 5.443604, 4.4329857 ], [ 5.4463651, 4.4297112 ], [ 5.4493899, 4.4270846 ], [ 5.4548575, 4.4217147 ], [ 5.4574316, 4.4163759 ], [ 5.4588116, 4.4078004 ], [ 5.460275, 4.3996111 ], [ 5.4625535, 4.3961443 ], [ 5.4659774, 4.3911117 ], [ 5.4696351, 4.3865621 ], [ 5.4713648, 4.3830066 ], [ 5.4769908, 4.3662637 ], [ 5.4792501, 4.3628495 ], [ 5.4825737, 4.3578167 ], [ 5.4862382, 4.3532582 ], [ 5.4880948, 4.349545 ], [ 5.4918427, 4.3420663 ], [ 5.4992151, 4.3328869 ], [ 5.5040187, 4.3210074 ], [ 5.5076157, 4.3160653 ], [ 5.5327153, 4.2909647 ], [ 5.5374615, 4.2874007 ], [ 5.5410194, 4.2827602 ], [ 5.5575623, 4.2661125 ], [ 5.5602964, 4.2607421 ], [ 5.566078, 4.2493258 ], [ 5.5828258, 4.2408775 ], [ 5.5874615, 4.2374007 ], [ 5.5910188, 4.2327609 ], [ 5.5994675, 4.2242291 ], [ 5.6160831, 4.2159482 ], [ 5.6226693, 4.2060174 ], [ 5.6426529, 4.1926963 ], [ 5.6494073, 4.1826887 ], [ 5.6995259, 4.1575775 ], [ 5.7041573, 4.1541039 ], [ 5.7112662, 4.1446151 ], [ 5.7207584, 4.1374039 ], [ 5.727968, 4.1279134 ], [ 5.7374584, 4.1208028 ], [ 5.7409296, 4.1161746 ], [ 5.7435937, 4.1107479 ], [ 5.7493424, 4.0993543 ], [ 5.7593539, 4.0926949 ], [ 5.7662804, 4.0826094 ], [ 5.7670372, 4.082522 ], [ 5.7770692, 4.0891122 ], [ 5.7836104, 4.0908044 ], [ 5.8003681, 4.0991246 ], [ 5.8121445, 4.1038747 ], [ 5.8233742, 4.1057464 ], [ 5.8268147, 4.1057577 ], [ 5.8333017, 4.1074175 ], [ 5.8398861, 4.1057575 ], [ 5.8432268, 4.1057464 ], [ 5.8499272, 4.1046513 ], [ 5.866551, 4.1046464 ], [ 5.8705121, 4.1032938 ], [ 5.8830343, 4.0990869 ], [ 5.8961251, 4.0953654 ], [ 5.8998423, 4.0949582 ], [ 5.9097801, 4.0924737 ], [ 5.9230824, 4.0890732 ], [ 5.9275828, 4.087973 ], [ 5.9330866, 4.0865721 ], [ 5.9364892, 4.0857714 ], [ 5.9497691, 4.0824764 ], [ 5.9628192, 4.0787661 ], [ 5.9665831, 4.078254 ], [ 5.9713432, 4.0776494 ], [ 5.9785242, 4.0776464 ], [ 5.9830832, 4.0768704 ], [ 5.9998531, 4.0713642 ], [ 6.0332258, 4.0713464 ], [ 6.0378555, 4.0705747 ], [ 6.0498147, 4.0657743 ], [ 6.2334853, 4.0657743 ], [ 6.2454444, 4.0705747 ], [ 6.2501464, 4.0713584 ], [ 6.2567731, 4.0724464 ], [ 6.2601108, 4.0724568 ], [ 6.2668056, 4.0740464 ], [ 6.3001139, 4.0740575 ], [ 6.306812, 4.0757464 ], [ 6.3100727, 4.0757513 ], [ 6.3168479, 4.0768586 ], [ 6.3216367, 4.0776818 ], [ 6.3334741, 4.0824464 ], [ 6.3834843, 4.0824739 ], [ 6.3954412, 4.0871742 ], [ 6.4002026, 4.0879714 ], [ 6.4167731, 4.0935218 ], [ 6.4232262, 4.0924514 ], [ 6.4265863, 4.0924464 ], [ 6.433333, 4.0907733 ], [ 6.4391118, 4.0935464 ], [ 6.4445131, 4.0935573 ], [ 6.4501104, 4.0949464 ], [ 6.4543466, 4.0949641 ], [ 6.4668434, 4.0990464 ], [ 6.4835196, 4.0990853 ], [ 6.4946135, 4.1046464 ], [ 6.5167738, 4.1046514 ], [ 6.5233742, 4.1057464 ], [ 6.5268147, 4.1057577 ], [ 6.5333017, 4.1074175 ], [ 6.5398861, 4.1057575 ], [ 6.5432268, 4.1057464 ], [ 6.5500748, 4.1046615 ], [ 6.566763, 4.1102184 ], [ 6.5744479, 4.1087595 ], [ 6.5833427, 4.1074559 ], [ 6.5903531, 4.1092258 ], [ 6.6000359, 4.1155922 ], [ 6.6103327, 4.1097968 ], [ 6.6168226, 4.109168 ], [ 6.6218409, 4.1111661 ], [ 6.6284806, 4.1160776 ], [ 6.6302774, 4.1196828 ], [ 6.6335845, 4.1213811 ], [ 6.6400731, 4.1224464 ], [ 6.6434123, 4.1224572 ], [ 6.6568088, 4.1257464 ], [ 6.6600727, 4.1257513 ], [ 6.6669688, 4.1268939 ], [ 6.6707319, 4.1288054 ], [ 6.6835635, 4.1324861 ], [ 6.6960817, 4.1365917 ], [ 6.7002159, 4.1379698 ], [ 6.7067731, 4.1390464 ], [ 6.7101143, 4.1390576 ], [ 6.7234128, 4.1424464 ], [ 6.7267738, 4.1424514 ], [ 6.7335021, 4.1435712 ], [ 6.7377817, 4.1449917 ], [ 6.7501434, 4.1490464 ], [ 6.7668853, 4.1490743 ], [ 6.7788459, 4.1538753 ], [ 6.7834479, 4.1546586 ], [ 6.7900731, 4.1557464 ], [ 6.7934139, 4.1557575 ], [ 6.806812, 4.1591464 ], [ 6.8100727, 4.1591513 ], [ 6.8167731, 4.1602464 ], [ 6.8331544, 4.1602464 ], [ 6.8412121, 4.1575605 ], [ 6.8496629, 4.1491594 ], [ 6.8505104, 4.149247 ], [ 6.8562694, 4.1604739 ], [ 6.8669101, 4.1657464 ], [ 6.9167, 4.1657464 ], [ 6.9336121, 4.1658389 ], [ 6.9417983, 4.1753042 ], [ 6.9414265, 4.1829824 ], [ 6.945862, 4.1871463 ], [ 6.9499748, 4.188398 ], [ 6.9538788, 4.1869784 ], [ 6.9573993, 4.1830066 ], [ 6.9573993, 4.1753263 ], [ 6.9492314, 4.1670753 ], [ 6.9492054, 4.1663222 ], [ 6.9497704, 4.1657904 ], [ 6.9833, 4.1657464 ], [ 7.0001853, 4.1657743 ], [ 7.0124741, 4.170795 ], [ 7.0168933, 4.1814207 ], [ 7.0228294, 4.1726326 ], [ 7.0265357, 4.1724464 ], [ 7.0331841, 4.1699675 ], [ 7.0381558, 4.1705464 ], [ 7.0452738, 4.1705514 ], [ 7.0498544, 4.1713097 ], [ 7.0533691, 4.1695122 ], [ 7.0665636, 4.1657612 ], [ 7.0831748, 4.1657464 ], [ 7.0961191, 4.1620661 ], [ 7.0997896, 4.1615666 ], [ 7.1076595, 4.1588122 ], [ 7.1164372, 4.1546908 ], [ 7.1213246, 4.1538517 ], [ 7.128543, 4.1538464 ], [ 7.133195, 4.1532526 ], [ 7.1368245, 4.1528601 ], [ 7.1498618, 4.1490617 ], [ 7.1668387, 4.1490619 ], [ 7.1797764, 4.1528602 ], [ 7.1833483, 4.1532464 ], [ 7.2001824, 4.1532732 ], [ 7.2081999, 4.1562977 ], [ 7.216844, 4.1591464 ], [ 7.223412, 4.1591571 ], [ 7.2279081, 4.1602464 ], [ 7.2335171, 4.1602841 ], [ 7.2373216, 4.1621023 ], [ 7.2501252, 4.1657464 ], [ 7.2670251, 4.1658501 ], [ 7.2749177, 4.1756109 ], [ 7.2758599, 4.1829606 ], [ 7.2794572, 4.187019 ], [ 7.2834275, 4.1890042 ], [ 7.2886091, 4.1879863 ], [ 7.300147, 4.182526 ], [ 7.309284, 4.1903734 ], [ 7.3168074, 4.1935161 ], [ 7.3233377, 4.192456 ], [ 7.3276896, 4.193493 ], [ 7.3335042, 4.1908357 ], [ 7.337872, 4.1949464 ], [ 7.3459479, 4.1949645 ], [ 7.3500657, 4.1963197 ], [ 7.3533077, 4.1957571 ], [ 7.3668088, 4.1990464 ], [ 7.4497898, 4.1990464 ], [ 7.4608816, 4.1935847 ], [ 7.4666257, 4.1935464 ], [ 7.4732262, 4.1924514 ], [ 7.4765871, 4.1924464 ], [ 7.4898857, 4.1890576 ], [ 7.4932268, 4.1890464 ], [ 7.4999272, 4.1879513 ], [ 7.5332257, 4.1879464 ], [ 7.5378587, 4.1871742 ], [ 7.550055, 4.1824786 ], [ 7.5621413, 4.1871742 ], [ 7.5667742, 4.1879464 ], [ 7.6332257, 4.1879464 ], [ 7.6378587, 4.1871742 ], [ 7.6500357, 4.1824727 ], [ 7.6626434, 4.1865464 ], [ 7.7001131, 4.1865574 ], [ 7.7058176, 4.1879732 ], [ 7.7102191, 4.1890735 ], [ 7.7168771, 4.1907629 ], [ 7.7255521, 4.1920595 ], [ 7.7334574, 4.1935602 ], [ 7.7381742, 4.1943464 ], [ 7.7452557, 4.1943492 ], [ 7.7501039, 4.1949524 ], [ 7.7538749, 4.1953654 ], [ 7.7669657, 4.1990869 ], [ 7.7794879, 4.2032938 ], [ 7.7835192, 4.2046703 ], [ 7.7900732, 4.2057464 ], [ 7.7934139, 4.2057575 ], [ 7.800112, 4.2074464 ], [ 7.8168829, 4.2074734 ], [ 7.8230822, 4.2098336 ], [ 7.8335364, 4.2157464 ], [ 7.8502192, 4.2157851 ], [ 7.8835125, 4.2324464 ], [ 7.9002186, 4.2324848 ], [ 7.9169107, 4.2407464 ], [ 7.9334139, 4.2407575 ], [ 7.9403532, 4.2425258 ], [ 7.95, 4.2488684 ], [ 7.9596468, 4.2425258 ], [ 7.9667708, 4.2407745 ], [ 7.9835119, 4.2490464 ], [ 8.0665292, 4.2490464 ], [ 8.0783644, 4.2443813 ], [ 8.083152, 4.2435586 ], [ 8.0899272, 4.2424513 ], [ 8.0931879, 4.2424464 ], [ 8.0998861, 4.2407575 ], [ 8.1164881, 4.2407464 ], [ 8.133081, 4.232485 ], [ 8.1665258, 4.2324464 ], [ 8.1783632, 4.2276818 ], [ 8.1832246, 4.2268517 ], [ 8.2001479, 4.2268645 ], [ 8.2043456, 4.2282464 ], [ 8.2126007, 4.2282546 ], [ 8.2167847, 4.2290464 ], [ 8.2201143, 4.2290576 ], [ 8.2334129, 4.2324464 ], [ 8.2834843, 4.2324739 ], [ 8.2953163, 4.2371248 ], [ 8.2999443, 4.2365492 ], [ 8.3040566, 4.2365464 ], [ 8.3165533, 4.2324641 ], [ 8.3332186, 4.2324464 ], [ 8.3484411, 4.2296605 ], [ 8.3535428, 4.2287602 ], [ 8.361288, 4.2273701 ], [ 8.3665581, 4.2257627 ], [ 8.3732232, 4.2257464 ], [ 8.3761237, 4.2252518 ], [ 8.3832385, 4.2252464 ], [ 8.3998753, 4.2229551 ], [ 8.4062365, 4.2220501 ], [ 8.4103503, 4.2220464 ], [ 8.4165287, 4.2213599 ], [ 8.4207839, 4.2201732 ], [ 8.4309366, 4.2179616 ], [ 8.4341653, 4.2174507 ], [ 8.4472155, 4.2185445 ], [ 8.4510192, 4.2183543 ], [ 8.4579881, 4.2158023 ], [ 8.4652767, 4.2130788 ], [ 8.4697944, 4.2125489 ], [ 8.4823788, 4.2137403 ], [ 8.4857329, 4.2132611 ], [ 8.4950298, 4.211063 ], [ 8.4999825, 4.2102505 ], [ 8.5051537, 4.2107612 ], [ 8.5140302, 4.2129515 ], [ 8.518017, 4.2131414 ], [ 8.5281496, 4.2107604 ], [ 8.5333175, 4.2102505 ], [ 8.538335, 4.2110812 ], [ 8.5501041, 4.21572 ], [ 8.5643322, 4.2135506 ], [ 8.5679414, 4.2135626 ], [ 8.575259, 4.2157845 ], [ 8.5825306, 4.2179464 ], [ 8.5855318, 4.2179464 ], [ 8.5999322, 4.2157506 ], [ 8.6830547, 4.2157464 ], [ 8.6934233, 4.2096329 ], [ 8.6997294, 4.2074889 ], [ 8.706329, 4.2058121 ], [ 8.7163471, 4.1991261 ], [ 8.7297149, 4.1957899 ], [ 8.7329688, 4.19441 ], [ 8.7411161, 4.1913933 ], [ 8.7497035, 4.1890941 ], [ 8.7541569, 4.1871578 ], [ 8.7605818, 4.182611 ], [ 8.7651144, 4.1794397 ], [ 8.7716082, 4.177369 ], [ 8.7772557, 4.1765719 ], [ 8.7828522, 4.1741596 ], [ 8.7875978, 4.1707007 ], [ 8.7953637, 4.1658607 ], [ 8.7989899, 4.164145 ], [ 8.8043508, 4.1611667 ], [ 8.808862, 4.158461 ], [ 8.8162762, 4.1547523 ], [ 8.8197597, 4.1527618 ], [ 8.8262485, 4.1491679 ], [ 8.8303241, 4.1466828 ], [ 8.832922, 4.1450349 ], [ 8.8391465, 4.143083 ], [ 8.8427287, 4.1420878 ], [ 8.8497595, 4.1395808 ], [ 8.8556772, 4.1383733 ], [ 8.8627689, 4.1361774 ], [ 8.8676464, 4.135081 ], [ 8.8747057, 4.1324961 ], [ 8.8820131, 4.1300934 ], [ 8.8872639, 4.1282794 ], [ 8.8941058, 4.1268878 ], [ 8.9160433, 4.1159682 ], [ 8.9217344, 4.1053765 ], [ 8.9259798, 4.0994081 ], [ 8.9288958, 4.0956869 ], [ 8.9325662, 4.0911237 ], [ 8.9358726, 4.0859173 ], [ 8.9411627, 4.0826207 ], [ 8.9454596, 4.0788121 ], [ 8.9492549, 4.0744329 ], [ 8.9522199, 4.0689745 ], [ 8.95619, 4.0659062 ], [ 8.9623273, 4.0620809 ], [ 8.9662055, 4.0596943 ], [ 8.972373, 4.0553579 ], [ 8.9799178, 4.0522307 ], [ 8.9832444, 4.0504696 ], [ 8.9851712, 4.0492172 ], [ 8.9931087, 4.0427952 ], [ 8.9995233, 4.0391823 ], [ 9.0033878, 4.0365069 ], [ 9.0089577, 4.0326279 ], [ 9.0129433, 4.0293766 ], [ 9.0162813, 4.0279466 ], [ 9.0236207, 4.0232851 ], [ 9.028722, 4.0200843 ], [ 9.033417, 4.0171363 ], [ 9.0371506, 4.0158154 ], [ 9.0494965, 4.0096918 ], [ 9.0550917, 4.0048094 ], [ 9.0661817, 3.9992001 ], [ 9.0747805, 3.9912169 ], [ 9.0828192, 3.9866846 ], [ 9.085227, 3.9849821 ], [ 9.0894291, 3.9826347 ], [ 9.0940654, 3.9774106 ], [ 9.0993989, 3.9726773 ], [ 9.102864, 3.9695092 ], [ 9.1059517, 3.966132 ], [ 9.1091711, 3.9596933 ], [ 9.1110545, 3.9544397 ], [ 9.1132551, 3.9485379 ], [ 9.1158427, 3.9413722 ], [ 9.117942, 3.9339776 ], [ 9.1195555, 3.9293373 ], [ 9.1221507, 3.9227485 ], [ 9.1241247, 3.9164316 ], [ 9.1254509, 3.9093613 ], [ 9.127761, 3.9044174 ], [ 9.1296248, 3.8986298 ], [ 9.132421, 3.8831575 ], [ 9.1358258, 3.8698342 ], [ 9.1366257, 3.8664347 ], [ 9.1380266, 3.8609309 ], [ 9.1391266, 3.8564312 ], [ 9.1407997, 3.8498373 ], [ 9.1408102, 3.833239 ], [ 9.142479, 3.8262973 ], [ 9.1490047, 3.8165165 ], [ 9.1449182, 3.8043004 ], [ 9.1449275, 3.7997646 ], [ 9.1461904, 3.7965583 ], [ 9.1521873, 3.7859568 ], [ 9.1533212, 3.783122 ], [ 9.1538997, 3.7784941 ], [ 9.1539049, 3.7713759 ], [ 9.1547858, 3.7663028 ], [ 9.1598585, 3.7601317 ], [ 9.1659665, 3.7494317 ], [ 9.1736744, 3.7405108 ], [ 9.1784849, 3.7328042 ], [ 9.1803792, 3.7306053 ], [ 9.1825513, 3.7272487 ], [ 9.1870206, 3.7206935 ], [ 9.1891938, 3.7162484 ], [ 9.1925223, 3.7095975 ], [ 9.1993445, 3.6993397 ], [ 9.208821, 3.6917882 ], [ 9.2162285, 3.6880763 ], [ 9.2192282, 3.6858507 ], [ 9.2226792, 3.6826955 ], [ 9.227665, 3.6777097 ], [ 9.2327518, 3.6726383 ], [ 9.2370373, 3.6700749 ], [ 9.2439608, 3.6658619 ], [ 9.2486038, 3.6635386 ], [ 9.2551995, 3.6603407 ], [ 9.2588946, 3.6584433 ], [ 9.2664327, 3.654693 ], [ 9.2712528, 3.6538585 ], [ 9.2798496, 3.652459 ], [ 9.2842677, 3.6516736 ], [ 9.2913242, 3.6491254 ], [ 9.2966244, 3.6461311 ], [ 9.2997371, 3.6449866 ], [ 9.3053826, 3.6435731 ], [ 9.3097803, 3.6424737 ], [ 9.3230826, 3.6390731 ], [ 9.3275831, 3.637973 ], [ 9.3331421, 3.6365619 ], [ 9.3368279, 3.6361597 ], [ 9.3497088, 3.6324936 ], [ 9.3614557, 3.6277554 ], [ 9.3662288, 3.6241825 ], [ 9.3829627, 3.6158137 ], [ 9.3955248, 3.6115897 ], [ 9.3996092, 3.6103254 ], [ 9.4062002, 3.6058986 ], [ 9.4160499, 3.5992992 ], [ 9.4226704, 3.589317 ], [ 9.4327297, 3.5826451 ], [ 9.4492349, 3.5661399 ], [ 9.4540196, 3.5543072 ], [ 9.4576897, 3.5492958 ], [ 9.4628093, 3.5458926 ], [ 9.4660738, 3.5437802 ], [ 9.4706813, 3.5375064 ], [ 9.4742611, 3.5328326 ], [ 9.4774844, 3.5277047 ], [ 9.4825978, 3.5216844 ], [ 9.4849812, 3.5185064 ], [ 9.4868057, 3.516076 ], [ 9.4926657, 3.5094109 ], [ 9.4993567, 3.5035147 ], [ 9.5019664, 3.5004217 ], [ 9.5131329, 3.4817778 ], [ 9.5159225, 3.4772944 ], [ 9.5198305, 3.4700837 ], [ 9.5225646, 3.4661294 ], [ 9.5268692, 3.4601148 ], [ 9.5328118, 3.4558918 ], [ 9.5370375, 3.4533749 ], [ 9.5439044, 3.4491951 ], [ 9.547069, 3.4469205 ], [ 9.5494593, 3.4451278 ], [ 9.5565617, 3.439726 ], [ 9.5661116, 3.432663 ], [ 9.5826207, 3.4160545 ], [ 9.5897803, 3.4066078 ], [ 9.595059, 3.3994366 ], [ 9.5966877, 3.3969005 ], [ 9.5993005, 3.3938808 ], [ 9.6040804, 3.3875076 ], [ 9.6076377, 3.3827424 ], [ 9.6121413, 3.3787429 ], [ 9.6162131, 3.3758909 ], [ 9.622438, 3.3721746 ], [ 9.6327212, 3.3659454 ], [ 9.6405002, 3.3572801 ], [ 9.6468214, 3.3485591 ], [ 9.6493485, 3.3460264 ], [ 9.6556079, 3.3390715 ], [ 9.6603835, 3.3328036 ], [ 9.6628098, 3.3295715 ], [ 9.6659524, 3.3261318 ], [ 9.6691707, 3.3196951 ], [ 9.6703472, 3.3163617 ], [ 9.6724296, 3.3098172 ], [ 9.6730467, 3.306972 ], [ 9.6763274, 3.2994938 ], [ 9.6791674, 3.2958137 ], [ 9.682815, 3.2929907 ], [ 9.6897223, 3.2890983 ], [ 9.6938728, 3.2883722 ], [ 9.6997171, 3.2862924 ], [ 9.7025521, 3.2854122 ], [ 9.7077784, 3.2826054 ], [ 9.7121192, 3.2786603 ], [ 9.7161785, 3.2754148 ], [ 9.7219733, 3.2717155 ], [ 9.7300559, 3.2651115 ], [ 9.732612, 3.2618683 ], [ 9.7384939, 3.2552875 ], [ 9.7425469, 3.249455 ], [ 9.7450312, 3.2453809 ], [ 9.7492593, 3.2383392 ], [ 9.7516857, 3.2352008 ], [ 9.7534319, 3.2328724 ], [ 9.7617197, 3.2162022 ], [ 9.7633072, 3.2137179 ], [ 9.765885, 3.2079677 ], [ 9.7685932, 3.2023504 ], [ 9.7699271, 3.1996825 ], [ 9.7705144, 3.1950948 ], [ 9.7718101, 3.1892072 ], [ 9.7724003, 3.1833053 ], [ 9.7724003, 3.166696 ], [ 9.7718022, 3.1606959 ], [ 9.7718003, 3.1560879 ], [ 9.7713066, 3.1500643 ], [ 9.7705057, 3.145327 ], [ 9.7705003, 3.1381085 ], [ 9.7699034, 3.1334083 ], [ 9.7699034, 3.1165931 ], [ 9.7705075, 3.1118367 ], [ 9.7713074, 3.1054379 ], [ 9.7720339, 3.0997219 ], [ 9.7754592, 3.0909288 ], [ 9.7783275, 3.0831154 ], [ 9.7789094, 3.0797205 ], [ 9.7802133, 3.0687014 ], [ 9.7808326, 3.0657148 ], [ 9.7824448, 3.06087 ], [ 9.785538, 3.0510916 ], [ 9.7872271, 3.0450307 ], [ 9.7885425, 3.039082 ], [ 9.7930598, 3.0269277 ], [ 9.7958495, 3.0197541 ], [ 9.7971172, 3.0155608 ], [ 9.7991005, 2.9998934 ], [ 9.7991005, 2.9834141 ], [ 9.7969129, 2.967803 ], [ 9.7961244, 2.9638601 ], [ 9.7938207, 2.9554377 ], [ 9.7929281, 2.9501902 ], [ 9.7896596, 2.9415731 ], [ 9.7866416, 2.9336143 ], [ 9.785913, 2.9299973 ], [ 9.7845032, 2.9178081 ], [ 9.7843244, 2.8997926 ], [ 9.7855575, 2.8966332 ], [ 9.7882618, 2.8888246 ], [ 9.7908452, 2.8830567 ], [ 9.7924484, 2.8763655 ], [ 9.7949626, 2.8705193 ], [ 9.7967485, 2.8654592 ], [ 9.7991676, 2.8580121 ], [ 9.8019964, 2.8523445 ], [ 9.8032712, 2.8497948 ], [ 9.802804, 2.8463116 ], [ 9.8028006, 2.8370997 ], [ 9.8024028, 2.8333996 ], [ 9.8024006, 2.8167312 ], [ 9.8019084, 2.8139496 ], [ 9.8019006, 2.8028087 ], [ 9.8014091, 2.7989752 ], [ 9.7991047, 2.7834175 ], [ 9.7991048, 2.7498839 ], [ 9.8014007, 2.7343836 ], [ 9.8014007, 2.6989178 ], [ 9.7991123, 2.6834959 ], [ 9.7964272, 2.6681809 ], [ 9.7943529, 2.6622542 ], [ 9.7924714, 2.6570059 ], [ 9.7891805, 2.6503217 ], [ 9.787236, 2.6454881 ], [ 9.7858248, 2.6368722 ], [ 9.7844793, 2.6329317 ], [ 9.7825476, 2.6296477 ], [ 9.7773484, 2.6224459 ], [ 9.7742152, 2.6170916 ], [ 9.7713966, 2.611557 ], [ 9.7659452, 2.600456 ], [ 9.7583659, 2.5916955 ], [ 9.7493253, 2.583942 ], [ 9.7425853, 2.5739024 ], [ 9.736843, 2.567269 ], [ 9.7326461, 2.5630708 ], [ 9.7268643, 2.5564929 ], [ 9.7201868, 2.5506115 ], [ 9.7160486, 2.5464736 ], [ 9.710165, 2.539893 ], [ 9.7036185, 2.5340408 ], [ 9.7004207, 2.5314421 ], [ 9.692439, 2.5243589 ], [ 9.6826506, 2.5172657 ], [ 9.6759529, 2.5071539 ], [ 9.6714228, 2.5004026 ], [ 9.6695945, 2.4966526 ], [ 9.6658832, 2.4892273 ], [ 9.6639364, 2.4844874 ], [ 9.6634051, 2.4810189 ], [ 9.6634008, 2.4690637 ], [ 9.6633045, 2.4655031 ], [ 9.6658356, 2.449715 ], [ 9.6705657, 2.4377134 ], [ 9.6724831, 2.4329748 ], [ 9.6759238, 2.4261962 ], [ 9.6824603, 2.4162879 ], [ 9.6855379, 2.4027975 ], [ 9.6866706, 2.3996047 ], [ 9.6908671, 2.3913029 ], [ 9.6935465, 2.3830663 ], [ 9.6949479, 2.3788622 ], [ 9.6991515, 2.3663517 ], [ 9.7035416, 2.3541788 ], [ 9.7047393, 2.3496906 ], [ 9.7102124, 2.3331695 ], [ 9.7106009, 2.3282151 ], [ 9.7106023, 2.3217151 ], [ 9.7110034, 2.3165842 ], [ 9.7113072, 2.3121513 ], [ 9.7127076, 2.3029384 ], [ 9.713001, 2.2999068 ], [ 9.713001, 2.283396 ], [ 9.7127078, 2.2804644 ], [ 9.7113072, 2.2712494 ], [ 9.7110033, 2.2667165 ], [ 9.7106053, 2.2616417 ], [ 9.7099054, 2.2559369 ], [ 9.7095066, 2.2500646 ], [ 9.7080155, 2.2420125 ], [ 9.7065103, 2.2334767 ], [ 9.7058031, 2.226698 ], [ 9.705801, 2.2233913 ], [ 9.7052025, 2.2166913 ], [ 9.7052022, 2.2106183 ], [ 9.705501, 2.2064182 ], [ 9.7055015, 2.19993 ], [ 9.7058024, 2.1933007 ], [ 9.7060019, 2.1902082 ], [ 9.7061996, 2.1833864 ], [ 9.7055042, 2.1769221 ], [ 9.7053032, 2.1729172 ], [ 9.7047073, 2.1667589 ], [ 9.70401, 2.1618777 ], [ 9.7029091, 2.1539712 ], [ 9.7024041, 2.1500086 ], [ 9.702401, 2.1466772 ], [ 9.701702, 2.1346891 ], [ 9.701602, 2.1308981 ], [ 9.700504, 2.1168238 ], [ 9.6991074, 2.1000644 ], [ 9.6965083, 2.0846596 ], [ 9.6962023, 2.0804839 ], [ 9.6962012, 2.0695398 ], [ 9.6963029, 2.0653004 ], [ 9.697507, 2.0514498 ], [ 9.6978116, 2.0492135 ], [ 9.6991149, 2.0414929 ], [ 9.7005142, 2.0338964 ], [ 9.7009077, 2.0314372 ], [ 9.7020073, 2.019447 ], [ 9.7023949, 2.0166335 ], [ 9.702103, 2.013696 ], [ 9.7021011, 2.003106 ], [ 9.7016244, 1.9991965 ], [ 9.6991588, 1.9936662 ], [ 9.6964522, 1.9848534 ], [ 9.6938642, 1.9783833 ], [ 9.6921681, 1.9739937 ], [ 9.6891658, 1.9669865 ], [ 9.6873915, 1.9621585 ], [ 9.6825392, 1.9546322 ], [ 9.6805054, 1.9512702 ], [ 9.6783667, 1.9461894 ], [ 9.6760616, 1.9401766 ], [ 9.6735456, 1.9336274 ], [ 9.6720244, 1.9272547 ], [ 9.6708245, 1.9218555 ], [ 9.6696121, 1.9167719 ], [ 9.6695022, 1.9129989 ], [ 9.6687031, 1.9029082 ], [ 9.6685029, 1.898709 ], [ 9.6674027, 1.8850874 ], [ 9.6674012, 1.8825963 ], [ 9.6642093, 1.8508764 ], [ 9.6637125, 1.848091 ], [ 9.6624136, 1.8368104 ], [ 9.6616337, 1.8335933 ], [ 9.6597354, 1.8274962 ], [ 9.6588406, 1.8239201 ], [ 9.6563064, 1.8170973 ], [ 9.6533162, 1.8132389 ], [ 9.6493085, 1.8089264 ], [ 9.6457504, 1.8039483 ], [ 9.643675, 1.8004922 ], [ 9.6385652, 1.7947928 ], [ 9.6326668, 1.7894912 ], [ 9.6300067, 1.786525 ], [ 9.6280672, 1.783874 ], [ 9.6231714, 1.7766807 ], [ 9.6159791, 1.7671906 ], [ 9.6089836, 1.757497 ], [ 9.6034945, 1.7505109 ], [ 9.6017399, 1.7482689 ], [ 9.5993377, 1.7460593 ], [ 9.5939754, 1.7391849 ], [ 9.59038, 1.7338934 ], [ 9.5869631, 1.7296955 ], [ 9.5826911, 1.7262134 ], [ 9.5783501, 1.7213375 ], [ 9.5764966, 1.7170598 ], [ 9.5726785, 1.7105006 ], [ 9.5660668, 1.7035928 ], [ 9.5638098, 1.7014242 ], [ 9.5583761, 1.6926915 ], [ 9.5503669, 1.6834678 ], [ 9.5491973, 1.6813558 ], [ 9.5447562, 1.671456 ], [ 9.543512, 1.6666908 ], [ 9.544298, 1.6618935 ], [ 9.5440035, 1.6550207 ], [ 9.5445924, 1.6499728 ], [ 9.5437095, 1.6446682 ], [ 9.5432099, 1.6393845 ], [ 9.5420141, 1.6334998 ], [ 9.5410097, 1.6251747 ], [ 9.5397123, 1.6167916 ], [ 9.53872, 1.6105402 ], [ 9.5372246, 1.6049522 ], [ 9.53632, 1.6001348 ], [ 9.535645, 1.5971454 ], [ 9.5324954, 1.5903541 ], [ 9.5296129, 1.5848873 ], [ 9.5242444, 1.5754427 ], [ 9.5183236, 1.5672524 ], [ 9.5166908, 1.5657156 ], [ 9.5085105, 1.5582336 ], [ 9.4994407, 1.5506588 ], [ 9.4900472, 1.5434636 ], [ 9.4818238, 1.5368445 ], [ 9.4785987, 1.5340226 ], [ 9.4720667, 1.5278917 ], [ 9.4660208, 1.5214421 ], [ 9.4633945, 1.5182107 ], [ 9.456898, 1.5096157 ], [ 9.4492937, 1.500509 ], [ 9.4423029, 1.4909233 ], [ 9.4360691, 1.4839968 ], [ 9.4335875, 1.4818118 ], [ 9.4258473, 1.4740717 ], [ 9.4198636, 1.4672914 ], [ 9.4171372, 1.4648572 ], [ 9.4083647, 1.458477 ], [ 9.4036594, 1.4548731 ], [ 9.3988086, 1.4512296 ], [ 9.3906134, 1.4428402 ], [ 9.3827317, 1.4371499 ], [ 9.3803348, 1.4349551 ], [ 9.3738594, 1.4261993 ], [ 9.3651025, 1.419723 ], [ 9.3628117, 1.417231 ], [ 9.3570254, 1.4095521 ], [ 9.3490862, 1.4018089 ], [ 9.3467682, 1.4007421 ], [ 9.3384064, 1.3952064 ], [ 9.3327726, 1.3914821 ], [ 9.3286906, 1.3881987 ], [ 9.3215277, 1.3839019 ], [ 9.3202181, 1.3790207 ], [ 9.3188191, 1.3698354 ], [ 9.3178633, 1.3662035 ], [ 9.3159327, 1.3629214 ], [ 9.3111193, 1.3551971 ], [ 9.3086402, 1.3501713 ], [ 9.3086014, 1.3335083 ], [ 9.3061412, 1.3266141 ], [ 9.3052349, 1.3229965 ], [ 9.3033304, 1.3168753 ], [ 9.3026401, 1.313434 ], [ 9.2992104, 1.3059867 ], [ 9.2963876, 1.3015234 ], [ 9.2949254, 1.2960561 ], [ 9.2935191, 1.2890291 ], [ 9.2924261, 1.2835638 ], [ 9.2900315, 1.2750821 ], [ 9.2880436, 1.2669327 ], [ 9.2864898, 1.2631453 ], [ 9.2824996, 1.2559602 ], [ 9.280358, 1.2512612 ], [ 9.2791218, 1.2468379 ], [ 9.2777296, 1.2382973 ], [ 9.2758675, 1.233691 ], [ 9.2729428, 1.2264118 ], [ 9.2724236, 1.2235553 ], [ 9.2705174, 1.2168066 ], [ 9.2702062, 1.2123503 ], [ 9.2688077, 1.2031501 ], [ 9.2685069, 1.198761 ], [ 9.2658072, 1.1834295 ], [ 9.2658015, 1.1667531 ], [ 9.2627361, 1.1533048 ], [ 9.2617011, 1.1503881 ], [ 9.2563843, 1.1433974 ], [ 9.2492406, 1.1338311 ], [ 9.2433918, 1.1228441 ], [ 9.2408509, 1.1169418 ], [ 9.2391173, 1.1102104 ], [ 9.2387112, 1.1063906 ], [ 9.2374105, 1.1000556 ], [ 9.2374015, 1.0834366 ], [ 9.2366292, 1.0793818 ], [ 9.2324428, 1.066921 ], [ 9.2287341, 1.0539919 ], [ 9.2277192, 1.0501239 ], [ 9.2269108, 1.0445805 ], [ 9.2262108, 1.0396804 ], [ 9.2253109, 1.0334808 ], [ 9.2229075, 1.0167498 ], [ 9.2224067, 1.0101527 ], [ 9.2218081, 1.0061554 ], [ 9.2213031, 0.9999879 ], [ 9.2213015, 0.9833863 ], [ 9.2209078, 0.9783659 ], [ 9.2195111, 0.9704786 ], [ 9.2191119, 0.9667953 ], [ 9.21852, 0.9640328 ], [ 9.215821, 0.9501386 ], [ 9.2127372, 0.9366094 ], [ 9.2116747, 0.9337117 ], [ 9.2074686, 0.9252896 ], [ 9.2047193, 0.9167981 ], [ 9.2047016, 0.8999952 ], [ 9.2042095, 0.8949757 ], [ 9.2028126, 0.8871892 ], [ 9.2024065, 0.8834449 ], [ 9.2021035, 0.880396 ], [ 9.2021016, 0.869681 ], [ 9.2019026, 0.8666823 ], [ 9.2018018, 0.8321312 ], [ 9.1991073, 0.8167293 ], [ 9.1991016, 0.8000421 ], [ 9.1963178, 0.7863212 ], [ 9.1958094, 0.7834496 ], [ 9.1958016, 0.7666997 ], [ 9.1954038, 0.7629996 ], [ 9.1954016, 0.7538103 ], [ 9.1949048, 0.7500101 ], [ 9.1949016, 0.7167085 ], [ 9.1943047, 0.7120084 ], [ 9.1943016, 0.704826 ], [ 9.1935068, 0.7000256 ], [ 9.1935199, 0.6832014 ], [ 9.1949486, 0.6788619 ], [ 9.1991016, 0.6665019 ], [ 9.1991016, 0.5500995 ], [ 9.1949497, 0.5377426 ], [ 9.1935205, 0.5335019 ], [ 9.1935016, 0.5167307 ], [ 9.1921134, 0.5088962 ], [ 9.1908057, 0.5000173 ], [ 9.1908016, 0.4834053 ], [ 9.1898065, 0.4751429 ], [ 9.1891032, 0.4666885 ], [ 9.1891033, 0.4333124 ], [ 9.1898065, 0.4249586 ], [ 9.1908017, 0.4165967 ], [ 9.1908123, 0.3998381 ], [ 9.1924275, 0.3931354 ], [ 9.1935287, 0.3886304 ], [ 9.1949309, 0.383122 ], [ 9.1958301, 0.3797246 ], [ 9.1991387, 0.3663962 ], [ 9.2033487, 0.3538619 ], [ 9.2047481, 0.3496637 ], [ 9.2102017, 0.3332038 ], [ 9.210207, 0.2998742 ], [ 9.2110371, 0.295012 ], [ 9.2158017, 0.2831741 ], [ 9.2158017, 0.2668273 ], [ 9.211037, 0.2549887 ], [ 9.2102068, 0.2500256 ], [ 9.210207, 0.2165742 ], [ 9.2110369, 0.2117125 ], [ 9.2158017, 0.1997754 ], [ 9.2158587, 0.1663864 ], [ 9.2224674, 0.1562781 ], [ 9.2241017, 0.149837 ], [ 9.2241129, 0.1332358 ], [ 9.2258811, 0.1262949 ], [ 9.2324017, 0.1163776 ], [ 9.2324017, 0.0836237 ], [ 9.2258811, 0.0737065 ], [ 9.2241129, 0.0667656 ], [ 9.2241017, 0.0168689 ], [ 9.2213976, 0.0115573 ], [ 9.2158399, 0.0001701 ], [ 9.2158017, -0.0164328 ], [ 9.2102976, -0.0273427 ], [ 9.2047969, -0.0384442 ], [ 9.1991404, -0.0498287 ], [ 9.1991017, -0.0664328 ], [ 9.1935976, -0.0773427 ], [ 9.1880969, -0.0884442 ], [ 9.1824814, -0.0996789 ], [ 9.1777367, -0.1117119 ], [ 9.1769264, -0.116427 ], [ 9.1713271, -0.1331436 ], [ 9.1705303, -0.1378045 ], [ 9.1658291, -0.1498642 ], [ 9.1658017, -0.1663728 ], [ 9.1593545, -0.1759955 ], [ 9.1492557, -0.1829025 ], [ 9.1491363, -0.1835331 ], [ 9.1547017, -0.1946658 ], [ 9.1547017, -0.1998982 ], [ 9.1533498, -0.2038574 ], [ 9.1491202, -0.2164994 ], [ 9.1491017, -0.2331727 ], [ 9.144337, -0.2450113 ], [ 9.1435256, -0.2498301 ], [ 9.1380198, -0.2665005 ], [ 9.1380017, -0.2832016 ], [ 9.1366487, -0.2872606 ], [ 9.1324202, -0.2998994 ], [ 9.1324096, -0.3667493 ], [ 9.1352073, -0.3820626 ], [ 9.1355017, -0.3863803 ], [ 9.1355034, -0.3969932 ], [ 9.1357973, -0.4000479 ], [ 9.1355054, -0.4030633 ], [ 9.136897, -0.4122873 ], [ 9.1366044, -0.4166762 ], [ 9.1372088, -0.4215631 ], [ 9.1380088, -0.4278631 ], [ 9.138687, -0.4332891 ], [ 9.1374177, -0.4381885 ], [ 9.1366112, -0.4457115 ], [ 9.135529, -0.4511222 ], [ 9.1324531, -0.460846 ], [ 9.1307213, -0.4652719 ], [ 9.1235899, -0.4734778 ], [ 9.1161048, -0.4789749 ], [ 9.1134146, -0.4818658 ], [ 9.1069706, -0.4902898 ], [ 9.0983645, -0.4964235 ], [ 9.0946706, -0.4993181 ], [ 9.0877671, -0.504052 ], [ 9.0828858, -0.5061482 ], [ 9.0767099, -0.5097922 ], [ 9.0682068, -0.5159731 ], [ 9.0667224, -0.5175478 ], [ 9.0606356, -0.5214748 ], [ 9.0570867, -0.5235107 ], [ 9.0488004, -0.5305763 ], [ 9.0466549, -0.5326234 ], [ 9.0379977, -0.5378008 ], [ 9.0328024, -0.5417939 ], [ 9.0282085, -0.544433 ], [ 9.0161384, -0.549367 ], [ 9.0093155, -0.5594537 ], [ 9.0022327, -0.5659462 ], [ 9.0001374, -0.5674701 ], [ 8.9958964, -0.5695415 ], [ 8.9898542, -0.5727109 ], [ 8.9830118, -0.574893 ], [ 8.9774453, -0.5769196 ], [ 8.9664875, -0.582445 ], [ 8.9497786, -0.5824851 ], [ 8.9387516, -0.5882124 ], [ 8.9330784, -0.5900709 ], [ 8.9245152, -0.5916646 ], [ 8.9164289, -0.5935883 ], [ 8.9124059, -0.5950945 ], [ 8.8996968, -0.5991984 ], [ 8.8877716, -0.6039076 ], [ 8.8829667, -0.6058095 ], [ 8.8758652, -0.6087101 ], [ 8.8718746, -0.6103063 ], [ 8.865156, -0.6128752 ], [ 8.8498877, -0.6157504 ], [ 8.8331734, -0.6168553 ], [ 8.8203159, -0.6195641 ], [ 8.8164029, -0.6203996 ], [ 8.8075629, -0.62476 ], [ 8.7985971, -0.6302376 ], [ 8.7929548, -0.6325145 ], [ 8.7861734, -0.6354627 ], [ 8.783209, -0.6357496 ], [ 8.779429, -0.6361631 ], [ 8.7721565, -0.6381514 ], [ 8.7666552, -0.6384461 ], [ 8.7601503, -0.6387608 ], [ 8.7570609, -0.6396485 ], [ 8.7500733, -0.6398426 ], [ 8.7438721, -0.6386519 ], [ 8.7397408, -0.6388419 ], [ 8.7335253, -0.6379679 ], [ 8.7299689, -0.6366 ], [ 8.7274503, -0.633126 ], [ 8.7283362, -0.6279879 ], [ 8.7335431, -0.6227809 ], [ 8.7412581, -0.6253194 ], [ 8.7499937, -0.6273433 ], [ 8.7586062, -0.6257366 ], [ 8.7675115, -0.6169393 ], [ 8.7659667, -0.6006503 ], [ 8.7584066, -0.599152 ], [ 8.7500743, -0.598548 ], [ 8.734376, -0.5970577 ], [ 8.7301588, -0.5957624 ], [ 8.7208516, -0.5951592 ], [ 8.7164872, -0.5931421 ], [ 8.7130398, -0.5964365 ], [ 8.7103163, -0.5996348 ], [ 8.7083176, -0.6076842 ], [ 8.7071513, -0.6162233 ], [ 8.7035509, -0.6198237 ], [ 8.6996957, -0.6207022 ], [ 8.691582, -0.6249303 ], [ 8.6884343, -0.6331215 ], [ 8.6877182, -0.6383654 ], [ 8.6853201, -0.6469765 ], [ 8.684907, -0.6511494 ], [ 8.6830153, -0.6664826 ], [ 8.6824413, -0.6687784 ], [ 8.6785644, -0.6791169 ], [ 8.6769627, -0.6830221 ], [ 8.6739406, -0.6913892 ], [ 8.6719606, -0.6996948 ], [ 8.6698343, -0.7031154 ], [ 8.666096, -0.7057854 ], [ 8.6613091, -0.7114713 ], [ 8.6575113, -0.7162333 ], [ 8.6554765, -0.7226708 ], [ 8.6491569, -0.7330811 ], [ 8.6484137, -0.7494453 ], [ 8.6464539, -0.752246 ], [ 8.6421682, -0.7590224 ], [ 8.6355087, -0.7674406 ], [ 8.6324559, -0.7788259 ], [ 8.6313464, -0.781045 ], [ 8.6178019, -0.7811198 ], [ 8.6156041, -0.7830233 ], [ 8.6156406, -0.7837821 ], [ 8.619105, -0.7869746 ], [ 8.6290274, -0.7870537 ], [ 8.6256371, -0.7930549 ], [ 8.6270813, -0.8000538 ], [ 8.6254314, -0.8080123 ], [ 8.6226256, -0.8164523 ], [ 8.6218326, -0.8223564 ], [ 8.6158445, -0.8331205 ], [ 8.6158016, -0.8495338 ], [ 8.6059256, -0.8554215 ], [ 8.5996451, -0.8575217 ], [ 8.5944108, -0.8605725 ], [ 8.5876162, -0.8613663 ], [ 8.5831643, -0.862745 ], [ 8.5801933, -0.8627545 ], [ 8.5663582, -0.8658203 ], [ 8.5560034, -0.872233 ], [ 8.5495532, -0.8746721 ], [ 8.5450138, -0.8784831 ], [ 8.542872, -0.8830004 ], [ 8.5400889, -0.89055 ], [ 8.5377228, -0.8943962 ], [ 8.5348397, -0.8998945 ], [ 8.5352966, -0.9029019 ], [ 8.5346043, -0.9160966 ], [ 8.5419107, -0.9246297 ], [ 8.5495303, -0.9340918 ], [ 8.5633411, -0.937218 ], [ 8.5665172, -0.9384266 ], [ 8.5708632, -0.93845 ], [ 8.5806974, -0.9370488 ], [ 8.584671, -0.9367333 ], [ 8.5920237, -0.9341922 ], [ 8.5978248, -0.9315451 ], [ 8.6005497, -0.9298606 ], [ 8.6069964, -0.9235144 ], [ 8.6107563, -0.9171387 ], [ 8.613403, -0.9133156 ], [ 8.6173301, -0.9089958 ], [ 8.6217324, -0.9050901 ], [ 8.625754, -0.9005265 ], [ 8.6280574, -0.8944892 ], [ 8.6340046, -0.889395 ], [ 8.6362957, -0.8846705 ], [ 8.6411869, -0.8760619 ], [ 8.643799, -0.8741029 ], [ 8.651416, -0.8695524 ], [ 8.6560928, -0.8673971 ], [ 8.6614704, -0.8620537 ], [ 8.6670067, -0.861966 ], [ 8.672884, -0.8561331 ], [ 8.6768535, -0.8506817 ], [ 8.6806707, -0.847628 ], [ 8.6836182, -0.8462968 ], [ 8.6915787, -0.843809 ], [ 8.7002919, -0.8408046 ], [ 8.7052142, -0.8390963 ], [ 8.716954, -0.8342221 ], [ 8.732201, -0.83145 ], [ 8.7361842, -0.8312647 ], [ 8.7413584, -0.8341819 ], [ 8.7485713, -0.8362389 ], [ 8.7550531, -0.8446555 ], [ 8.7582237, -0.8501575 ], [ 8.756123, -0.8568654 ], [ 8.7558124, -0.8598961 ], [ 8.7542122, -0.8665368 ], [ 8.7542016, -0.8716693 ], [ 8.7528073, -0.8795704 ], [ 8.7528101, -0.883452 ], [ 8.7537122, -0.8880917 ], [ 8.7545165, -0.894708 ], [ 8.7558075, -0.9001806 ], [ 8.756198, -0.9071124 ], [ 8.755805, -0.9100408 ], [ 8.756507, -0.9167488 ], [ 8.7584016, -0.9334009 ], [ 8.7584023, -0.9500753 ], [ 8.7588136, -0.9571829 ], [ 8.7597108, -0.9607985 ], [ 8.7602015, -0.9666872 ], [ 8.7602029, -0.9833849 ], [ 8.7606115, -0.9885779 ], [ 8.7621117, -0.9963886 ], [ 8.7627142, -1.0014974 ], [ 8.765824, -1.0168493 ], [ 8.769127, -1.0301631 ], [ 8.7699466, -1.0336276 ], [ 8.7730535, -1.0414542 ], [ 8.7758556, -1.0503571 ], [ 8.7778217, -1.0551941 ], [ 8.7826629, -1.0617807 ], [ 8.7857688, -1.0642991 ], [ 8.7881023, -1.0670993 ], [ 8.7909491, -1.0755225 ], [ 8.7992822, -1.0839064 ], [ 8.8053639, -1.0944643 ], [ 8.8103033, -1.1004984 ], [ 8.8116496, -1.1044412 ], [ 8.8160039, -1.1171836 ], [ 8.8260516, -1.1240013 ], [ 8.8326456, -1.1339602 ], [ 8.8421223, -1.141512 ], [ 8.8494403, -1.1451793 ], [ 8.8518747, -1.1479882 ], [ 8.8533336, -1.1503589 ], [ 8.8539015, -1.1548072 ], [ 8.8539069, -1.1620258 ], [ 8.8547461, -1.1669142 ], [ 8.8588681, -1.1756943 ], [ 8.8616377, -1.1836074 ], [ 8.8624815, -1.1870045 ], [ 8.8660496, -1.1922644 ], [ 8.8705727, -1.1957521 ], [ 8.871327, -1.2002548 ], [ 8.8769487, -1.2169385 ], [ 8.8783474, -1.2211349 ], [ 8.8824015, -1.2334947 ], [ 8.8825323, -1.250424 ], [ 8.8926561, -1.2573058 ], [ 8.8991666, -1.2670229 ], [ 8.9024015, -1.2800605 ], [ 8.9024302, -1.2835377 ], [ 8.9047444, -1.2891345 ], [ 8.9058802, -1.2937029 ], [ 8.9102014, -1.3003212 ], [ 8.9102411, -1.3168718 ], [ 8.912244, -1.3208336 ], [ 8.915975, -1.3255846 ], [ 8.9191636, -1.3303193 ], [ 8.9199014, -1.3334549 ], [ 8.9199014, -1.3374039 ], [ 8.9158519, -1.3501437 ], [ 8.9233408, -1.3597427 ], [ 8.9269363, -1.3669337 ], [ 8.9277363, -1.3716861 ], [ 8.9324563, -1.3836614 ], [ 8.9367491, -1.3963227 ], [ 8.940887, -1.4005112 ], [ 8.9424014, -1.4067581 ], [ 8.9424066, -1.4101242 ], [ 8.9435492, -1.4169207 ], [ 8.945545, -1.420835 ], [ 8.9529427, -1.4301444 ], [ 8.9547371, -1.4336387 ], [ 8.9558014, -1.4400246 ], [ 8.9558119, -1.4434611 ], [ 8.957535, -1.450491 ], [ 8.9660034, -1.4589284 ], [ 8.9692526, -1.4638514 ], [ 8.9714546, -1.4671545 ], [ 8.9760718, -1.4739841 ], [ 8.9827026, -1.4784358 ], [ 8.9851746, -1.4812882 ], [ 8.9866884, -1.4837481 ], [ 8.9895699, -1.4915941 ], [ 8.9935922, -1.500445 ], [ 8.9955461, -1.5042365 ], [ 9.0030678, -1.5135871 ], [ 9.0077679, -1.5173772 ], [ 9.0128054, -1.5208043 ], [ 9.016134, -1.5229583 ], [ 9.0271034, -1.5339276 ], [ 9.0293714, -1.5372835 ], [ 9.0327025, -1.5395358 ], [ 9.0377746, -1.5453882 ], [ 9.0409584, -1.5505586 ], [ 9.0444818, -1.5552929 ], [ 9.0493057, -1.5617228 ], [ 9.0518798, -1.5646942 ], [ 9.053395, -1.5670616 ], [ 9.0563518, -1.5747493 ], [ 9.0592117, -1.5837663 ], [ 9.0622415, -1.5875443 ], [ 9.0658811, -1.5948236 ], [ 9.0677824, -1.599523 ], [ 9.0706165, -1.6051914 ], [ 9.0733128, -1.6096869 ], [ 9.0770064, -1.6170732 ], [ 9.0789864, -1.6206381 ], [ 9.0824637, -1.6294805 ], [ 9.083855, -1.6330581 ], [ 9.0848536, -1.6360529 ], [ 9.0880557, -1.6447592 ], [ 9.0900766, -1.6504067 ], [ 9.0932903, -1.6562449 ], [ 9.0967785, -1.6646156 ], [ 9.0980848, -1.6674301 ], [ 9.0991897, -1.6698402 ], [ 9.1037781, -1.6791172 ], [ 9.105553, -1.683653 ], [ 9.1082408, -1.6921148 ], [ 9.1106321, -1.700285 ], [ 9.1116379, -1.7044019 ], [ 9.115817, -1.7168449 ], [ 9.1175048, -1.7326313 ], [ 9.1177013, -1.735283 ], [ 9.1177013, -1.7507948 ], [ 9.1139123, -1.782303 ], [ 9.1132224, -1.7856539 ], [ 9.1110179, -1.795078 ], [ 9.1102064, -1.7999744 ], [ 9.110202, -1.816675 ], [ 9.1105012, -1.8219751 ], [ 9.1105019, -1.828075 ], [ 9.1108133, -1.8334827 ], [ 9.1118217, -1.8375434 ], [ 9.1138258, -1.8482555 ], [ 9.1145451, -1.8508264 ], [ 9.1158509, -1.8544462 ], [ 9.1189332, -1.8637925 ], [ 9.1196617, -1.8669633 ], [ 9.1294081, -1.8849771 ], [ 9.1325203, -1.8908987 ], [ 9.1360604, -1.8967018 ], [ 9.1369636, -1.9003693 ], [ 9.1419212, -1.9094006 ], [ 9.1469881, -1.9179452 ], [ 9.1491616, -1.9236753 ], [ 9.1519584, -1.9308671 ], [ 9.1529589, -1.9336677 ], [ 9.1554617, -1.9398759 ], [ 9.1565595, -1.9428698 ], [ 9.1594254, -1.9502817 ], [ 9.1602339, -1.9557784 ], [ 9.1634308, -1.9644918 ], [ 9.1640411, -1.9677082 ], [ 9.1658668, -1.972588 ], [ 9.1691721, -1.9803015 ], [ 9.1706021, -1.9837627 ], [ 9.1750649, -1.9914661 ], [ 9.1825599, -2.0005682 ], [ 9.1886657, -2.0111671 ], [ 9.1937169, -2.0172371 ], [ 9.196261, -2.0201727 ], [ 9.1992074, -2.0254762 ], [ 9.2019985, -2.0309587 ], [ 9.2033965, -2.0337548 ], [ 9.2116995, -2.0504607 ], [ 9.2131, -2.0531617 ], [ 9.2159232, -2.0588023 ], [ 9.2192523, -2.0638513 ], [ 9.2214543, -2.0671544 ], [ 9.2258668, -2.073724 ], [ 9.226947, -2.0780312 ], [ 9.2291368, -2.0836126 ], [ 9.2297561, -2.0864506 ], [ 9.232544, -2.0921327 ], [ 9.2362404, -2.0967426 ], [ 9.238097, -2.1004557 ], [ 9.2418447, -2.1079342 ], [ 9.2491861, -2.1170752 ], [ 9.2528673, -2.1299834 ], [ 9.2547689, -2.1337012 ], [ 9.2602482, -2.1503384 ], [ 9.2616491, -2.154441 ], [ 9.2658561, -2.1669603 ], [ 9.2706228, -2.1789953 ], [ 9.2778094, -2.1884977 ], [ 9.2824919, -2.2004417 ], [ 9.2885843, -2.211037 ], [ 9.2930889, -2.2231344 ], [ 9.2991905, -2.2337478 ], [ 9.3040224, -2.2456956 ], [ 9.311111, -2.2551986 ], [ 9.3158923, -2.2670434 ], [ 9.3218842, -2.2776357 ], [ 9.3241792, -2.283716 ], [ 9.3269968, -2.2892557 ], [ 9.3325233, -2.300502 ], [ 9.3392539, -2.3105539 ], [ 9.343655, -2.3171556 ], [ 9.3459538, -2.3205538 ], [ 9.3492339, -2.3255237 ], [ 9.3522674, -2.3308681 ], [ 9.3549166, -2.333937 ], [ 9.3598597, -2.3398688 ], [ 9.3659999, -2.3506102 ], [ 9.3994764, -2.3840786 ], [ 9.410088, -2.3900972 ], [ 9.416164, -2.3951743 ], [ 9.4195024, -2.3974026 ], [ 9.4295024, -2.4041026 ], [ 9.4327627, -2.4062761 ], [ 9.4389052, -2.4114015 ], [ 9.449407, -2.4173514 ], [ 9.4567675, -2.4265869 ], [ 9.4661744, -2.434082 ], [ 9.4762011, -2.4407017 ], [ 9.4827258, -2.4451504 ], [ 9.4882371, -2.4506617 ], [ 9.4932806, -2.4567015 ], [ 9.499464, -2.4618743 ], [ 9.5026614, -2.4640086 ], [ 9.504885, -2.4671965 ], [ 9.5099671, -2.4733873 ], [ 9.5161224, -2.4784425 ], [ 9.5190578, -2.4809865 ], [ 9.5215138, -2.4839337 ], [ 9.5266674, -2.4899892 ], [ 9.5327555, -2.4951674 ], [ 9.5360515, -2.497305 ], [ 9.5381782, -2.5005867 ], [ 9.5432806, -2.5067015 ], [ 9.5493696, -2.5117983 ], [ 9.5518793, -2.514694 ], [ 9.553441, -2.5171343 ], [ 9.5582852, -2.5248952 ], [ 9.5660654, -2.5339876 ], [ 9.5750587, -2.5417692 ], [ 9.5827755, -2.5465863 ], [ 9.5849631, -2.5483935 ], [ 9.5867717, -2.5505829 ], [ 9.5915862, -2.5581969 ], [ 9.5994494, -2.5673552 ], [ 9.6102203, -2.5735668 ], [ 9.6223181, -2.5780715 ], [ 9.632912, -2.5841634 ], [ 9.6447591, -2.5888468 ], [ 9.6543581, -2.5960326 ], [ 9.6663319, -2.6008752 ], [ 9.6827717, -2.6090951 ], [ 9.6910179, -2.6172431 ], [ 9.6945669, -2.622084 ], [ 9.6994112, -2.6257359 ], [ 9.7076238, -2.6339485 ], [ 9.7112694, -2.6386874 ], [ 9.7160719, -2.6423064 ], [ 9.7196339, -2.6467349 ], [ 9.7213923, -2.6504469 ], [ 9.7251438, -2.6579334 ], [ 9.7399394, -2.6764414 ], [ 9.7435987, -2.6837599 ], [ 9.7455454, -2.6875363 ], [ 9.75294, -2.6967424 ], [ 9.7547965, -2.7004556 ], [ 9.7585443, -2.7079341 ], [ 9.7659147, -2.717111 ], [ 9.7706216, -2.7289941 ], [ 9.7743242, -2.7339441 ], [ 9.7826056, -2.7422303 ], [ 9.7859518, -2.7471512 ], [ 9.788178, -2.7505867 ], [ 9.7932805, -2.7567015 ], [ 9.7994638, -2.7618742 ], [ 9.8028048, -2.7641042 ], [ 9.8077304, -2.7673551 ], [ 9.8160313, -2.7756561 ], [ 9.8197672, -2.780287 ], [ 9.8244721, -2.7840807 ], [ 9.8295039, -2.7874036 ], [ 9.8494293, -2.8007536 ], [ 9.8660304, -2.8172554 ], [ 9.8734666, -2.8265863 ], [ 9.8827002, -2.834025 ], [ 9.8993313, -2.850656 ], [ 9.9067679, -2.8598876 ], [ 9.9161008, -2.8673258 ], [ 9.9327388, -2.8840528 ], [ 9.9428034, -2.8907033 ], [ 9.949553, -2.8952324 ], [ 9.9532118, -2.8970165 ], [ 9.9577674, -2.900777 ], [ 9.9628038, -2.9041036 ], [ 9.9726565, -2.9107049 ], [ 9.9771112, -2.9172279 ], [ 9.9800819, -2.9201817 ], [ 9.9829879, -2.9216942 ], [ 9.9887871, -2.9231427 ], [ 9.9941887, -2.9231537 ], [ 9.9994239, -2.9257713 ], [ 10.0030671, -2.930287 ], [ 10.0077022, -2.9340267 ], [ 10.0161842, -2.9423832 ], [ 10.0327225, -2.9507695 ], [ 10.0400678, -2.9598876 ], [ 10.0493321, -2.9672712 ], [ 10.0560705, -2.9772835 ], [ 10.0659429, -2.9839288 ], [ 10.0700479, -2.9963218 ], [ 10.0742643, -3.0005892 ], [ 10.0769004, -3.0057673 ], [ 10.0769117, -3.0112643 ], [ 10.0783588, -3.0169623 ], [ 10.0798691, -3.0199669 ], [ 10.0826986, -3.0229206 ], [ 10.0887625, -3.0278936 ], [ 10.0935999, -3.0337953 ], [ 10.0949474, -3.0378377 ], [ 10.099229, -3.050496 ], [ 10.1070685, -3.059591 ], [ 10.1160513, -3.0672819 ], [ 10.1234664, -3.0765862 ], [ 10.1327273, -3.0840469 ], [ 10.1417592, -3.09177 ], [ 10.1495968, -3.0966545 ], [ 10.1526166, -3.0977714 ], [ 10.1577941, -3.1007997 ], [ 10.1625236, -3.1045133 ], [ 10.1736144, -3.110017 ], [ 10.1828846, -3.1174432 ], [ 10.1955158, -3.1217074 ], [ 10.1996058, -3.1230707 ], [ 10.2063484, -3.1274747 ], [ 10.2108266, -3.1286129 ], [ 10.2164715, -3.1308199 ], [ 10.2194097, -3.1312229 ], [ 10.2243989, -3.134047 ], [ 10.2282111, -3.138831 ], [ 10.2331424, -3.1397397 ], [ 10.2411488, -3.1412407 ], [ 10.2497268, -3.1425228 ], [ 10.2550651, -3.1451919 ], [ 10.2603634, -3.1505866 ], [ 10.262245, -3.1542362 ], [ 10.2662011, -3.159077 ], [ 10.2670675, -3.1591086 ], [ 10.2708405, -3.1535398 ], [ 10.2700111, -3.1502823 ], [ 10.2763673, -3.1433733 ], [ 10.2831845, -3.1418993 ], [ 10.288779, -3.1446507 ], [ 10.2923481, -3.1502332 ], [ 10.2908699, -3.1579014 ], [ 10.2824948, -3.1664376 ], [ 10.2826959, -3.1672985 ], [ 10.2932426, -3.1734131 ], [ 10.2993441, -3.1839537 ], [ 10.3000734, -3.1841961 ], [ 10.3103023, -3.1775336 ], [ 10.3164648, -3.1770737 ], [ 10.3203472, -3.1796017 ], [ 10.3228801, -3.183582 ], [ 10.3224205, -3.1896479 ], [ 10.3158613, -3.2000307 ], [ 10.3226707, -3.2106831 ], [ 10.3330376, -3.2174966 ], [ 10.3491003, -3.2175537 ], [ 10.3493016, -3.2505154 ], [ 10.3614586, -3.2555467 ], [ 10.3664068, -3.2591829 ], [ 10.3741002, -3.2592537 ], [ 10.3742034, -3.2669757 ], [ 10.3791178, -3.2711097 ], [ 10.3827689, -3.2729921 ], [ 10.3881636, -3.2782905 ], [ 10.39085, -3.2836634 ], [ 10.3924793, -3.2903029 ], [ 10.3992755, -3.3005846 ], [ 10.4066394, -3.3097422 ], [ 10.4103474, -3.3171386 ], [ 10.4129656, -3.3202873 ], [ 10.4161246, -3.3229446 ], [ 10.4220632, -3.3278935 ], [ 10.4269542, -3.3337434 ], [ 10.4278781, -3.338536 ], [ 10.4326683, -3.3423026 ], [ 10.4362394, -3.3467422 ], [ 10.4381474, -3.3505386 ], [ 10.44328, -3.3567014 ], [ 10.449517, -3.3619079 ], [ 10.4532168, -3.363719 ], [ 10.4576494, -3.3672844 ], [ 10.4612678, -3.3720858 ], [ 10.4661106, -3.3757357 ], [ 10.4744389, -3.3840531 ], [ 10.4795043, -3.3874041 ], [ 10.4828506, -3.3896315 ], [ 10.4902137, -3.3933163 ], [ 10.5088203, -3.4082111 ], [ 10.5162491, -3.411934 ], [ 10.5195042, -3.4141041 ], [ 10.5244275, -3.4173534 ], [ 10.5327681, -3.425771 ], [ 10.5494693, -3.4340945 ], [ 10.5664026, -3.4508728 ], [ 10.582654, -3.4509537 ], [ 10.5868571, -3.4631174 ], [ 10.5995412, -3.4674501 ], [ 10.6083933, -3.475339 ], [ 10.6163093, -3.4769927 ], [ 10.620171, -3.4800799 ], [ 10.6259297, -3.4839211 ], [ 10.6274265, -3.4888904 ], [ 10.6326851, -3.4951062 ], [ 10.6356379, -3.4974943 ], [ 10.6367079, -3.5004657 ], [ 10.6422675, -3.5077861 ], [ 10.6494126, -3.5132368 ], [ 10.6534608, -3.5171885 ], [ 10.6575823, -3.5255841 ], [ 10.6661789, -3.5340805 ], [ 10.6773108, -3.5401169 ], [ 10.6830199, -3.5397751 ], [ 10.6889126, -3.5443583 ], [ 10.6923735, -3.5502512 ], [ 10.6915196, -3.5583161 ], [ 10.688047, -3.5666687 ], [ 10.6883773, -3.5673726 ], [ 10.6956658, -3.5707599 ], [ 10.6969168, -3.5813152 ], [ 10.6977217, -3.58435 ], [ 10.6993521, -3.5921954 ], [ 10.7003551, -3.5924225 ], [ 10.7045438, -3.5871227 ], [ 10.7031527, -3.5835143 ], [ 10.7093607, -3.5763933 ], [ 10.7164813, -3.5752978 ], [ 10.7213186, -3.5786748 ], [ 10.7240372, -3.5834777 ], [ 10.7224932, -3.5894721 ], [ 10.7164457, -3.5952446 ], [ 10.7112644, -3.5940235 ], [ 10.7048532, -3.5995756 ], [ 10.7047359, -3.6002024 ], [ 10.7050593, -3.600751 ], [ 10.7134219, -3.6040318 ], [ 10.7165035, -3.6035061 ], [ 10.7243219, -3.6087811 ], [ 10.7288392, -3.6167804 ], [ 10.7277121, -3.6214477 ], [ 10.7297978, -3.6304236 ], [ 10.7269898, -3.6331698 ], [ 10.7272025, -3.6340021 ], [ 10.7307418, -3.6357852 ], [ 10.732579, -3.6421541 ], [ 10.7378067, -3.6460829 ], [ 10.745072, -3.6461537 ], [ 10.7495088, -3.6474477 ], [ 10.7514607, -3.6495694 ], [ 10.7520821, -3.653031 ], [ 10.7491599, -3.6668156 ], [ 10.7569731, -3.6761871 ], [ 10.7616876, -3.6837499 ], [ 10.7627961, -3.686751 ], [ 10.7659905, -3.6921993 ], [ 10.7826039, -3.7089288 ], [ 10.7859543, -3.713856 ], [ 10.7881503, -3.7171499 ], [ 10.7925509, -3.7238508 ], [ 10.799345, -3.7339612 ], [ 10.808821, -3.7415117 ], [ 10.8162055, -3.7452122 ], [ 10.8190566, -3.7475882 ], [ 10.8214392, -3.7505426 ], [ 10.8251434, -3.7579339 ], [ 10.8325158, -3.7671133 ], [ 10.8373212, -3.7789953 ], [ 10.8444088, -3.788497 ], [ 10.8492266, -3.8005023 ], [ 10.8566389, -3.8097421 ], [ 10.8602977, -3.8170595 ], [ 10.8622433, -3.8208346 ], [ 10.8696347, -3.830136 ], [ 10.8713933, -3.8337508 ], [ 10.8751422, -3.8412324 ], [ 10.8824846, -3.850473 ], [ 10.8861659, -3.8632835 ], [ 10.8880976, -3.8670595 ], [ 10.8918422, -3.8745324 ], [ 10.8992544, -3.8838608 ], [ 10.9053618, -3.8944636 ], [ 10.9103438, -3.9005496 ], [ 10.9120996, -3.9039688 ], [ 10.9121179, -3.9130984 ], [ 10.9137273, -3.9178945 ], [ 10.9161868, -3.9207776 ], [ 10.9219213, -3.9231079 ], [ 10.9263336, -3.9241905 ], [ 10.9326459, -3.9283987 ], [ 10.9354492, -3.9327485 ], [ 10.9414925, -3.941707 ], [ 10.9492718, -3.9505872 ], [ 10.9555292, -3.9609168 ], [ 10.9592442, -3.9671399 ], [ 10.961996, -3.9711116 ], [ 10.9660464, -3.9756708 ], [ 10.9743454, -3.9839709 ], [ 10.9781841, -3.9883018 ], [ 10.9825358, -3.9949282 ], [ 10.9852446, -3.9995401 ], [ 10.9915008, -4.0084176 ], [ 10.9993593, -4.0172837 ], [ 11.0081265, -4.0253454 ], [ 11.0169354, -4.0318549 ], [ 11.0194027, -4.0340261 ], [ 11.0264253, -4.0403449 ], [ 11.0328257, -4.0452156 ], [ 11.0439768, -4.0508478 ], [ 11.0484988, -4.0534038 ], [ 11.0568429, -4.0599598 ], [ 11.0661874, -4.0673914 ], [ 11.0766374, -4.0737252 ], [ 11.0828403, -4.077427 ], [ 11.0870369, -4.079925 ], [ 11.0939226, -4.0841162 ], [ 11.0972502, -4.0862694 ], [ 11.0994265, -4.0882456 ], [ 11.1065619, -4.0935745 ], [ 11.1162487, -4.1008286 ], [ 11.1277773, -4.1059505 ], [ 11.132791, -4.1090963 ], [ 11.137562, -4.1126745 ], [ 11.1438364, -4.1173555 ], [ 11.1468589, -4.1199699 ], [ 11.149495, -4.1215992 ], [ 11.1565618, -4.1268745 ], [ 11.1661359, -4.134055 ], [ 11.1750574, -4.1417689 ], [ 11.182792, -4.1465971 ], [ 11.1883097, -4.1507354 ], [ 11.1937644, -4.1561901 ], [ 11.199437, -4.1618521 ], [ 11.2028035, -4.1641038 ], [ 11.2078375, -4.1674249 ], [ 11.2130858, -4.1703964 ], [ 11.2160923, -4.172918 ], [ 11.2326416, -4.1894673 ], [ 11.2377723, -4.1953873 ], [ 11.2409562, -4.2005577 ], [ 11.2444795, -4.2052921 ], [ 11.2493036, -4.2117223 ], [ 11.2518776, -4.2146934 ], [ 11.2534589, -4.2171625 ], [ 11.2587794, -4.2243919 ], [ 11.266038, -4.2339589 ], [ 11.2749357, -4.2418529 ], [ 11.2827263, -4.2473499 ], [ 11.2851976, -4.2497261 ], [ 11.2909965, -4.2589091 ], [ 11.2994198, -4.2673386 ], [ 11.3093325, -4.2744642 ], [ 11.3163476, -4.2759009 ], [ 11.3209539, -4.2790032 ], [ 11.3241324, -4.2836774 ], [ 11.325046, -4.2910138 ], [ 11.3269516, -4.2947708 ], [ 11.3285204, -4.3005972 ], [ 11.3309755, -4.3022581 ], [ 11.3327732, -4.3062362 ], [ 11.3415105, -4.3092305 ], [ 11.3496286, -4.3101186 ], [ 11.3532845, -4.3132261 ], [ 11.3551875, -4.3168509 ], [ 11.3549072, -4.3222706 ], [ 11.35212, -4.3301773 ], [ 11.351977, -4.333607 ], [ 11.359211, -4.3404508 ], [ 11.3606527, -4.3451548 ], [ 11.3632437, -4.3515365 ], [ 11.3658648, -4.3614775 ], [ 11.3683446, -4.3658406 ], [ 11.3749934, -4.3750068 ], [ 11.3826735, -4.3798233 ], [ 11.3847365, -4.3826936 ], [ 11.3851945, -4.386174 ], [ 11.3842476, -4.3993723 ], [ 11.3881477, -4.4060453 ], [ 11.3904203, -4.4092102 ], [ 11.3940763, -4.4170163 ], [ 11.3955785, -4.42062 ], [ 11.3991951, -4.4281553 ], [ 11.4016173, -4.4327967 ], [ 11.407024, -4.4417091 ], [ 11.4127132, -4.4516901 ], [ 11.4159169, -4.4575965 ], [ 11.4193998, -4.4635674 ], [ 11.4210001, -4.4670641 ], [ 11.4251932, -4.4743555 ], [ 11.4266714, -4.4778045 ], [ 11.4296662, -4.4848923 ], [ 11.4325037, -4.4920671 ], [ 11.4357952, -4.497166 ], [ 11.4371484, -4.5005331 ], [ 11.4432262, -4.5069425 ], [ 11.4494676, -4.5109809 ], [ 11.4528359, -4.5137718 ], [ 11.4552103, -4.517096 ], [ 11.4584085, -4.5245774 ], [ 11.4617499, -4.5296504 ], [ 11.4652464, -4.5348626 ], [ 11.4738161, -4.5414105 ], [ 11.4854581, -4.547981 ], [ 11.4882607, -4.550687 ], [ 11.4937022, -4.5564237 ], [ 11.4995577, -4.5608325 ], [ 11.5044156, -4.5627693 ], [ 11.5128816, -4.56745 ], [ 11.5157368, -4.5688762 ], [ 11.5189013, -4.5701021 ], [ 11.5277023, -4.5728036 ], [ 11.5330078, -4.5749037 ], [ 11.5403274, -4.576912 ], [ 11.5436129, -4.5781063 ], [ 11.5497782, -4.580025 ], [ 11.5532966, -4.5807307 ], [ 11.566432, -4.5842136 ], [ 11.5785454, -4.5885824 ], [ 11.5829312, -4.5907736 ], [ 11.5901616, -4.5936875 ], [ 11.5940637, -4.5952883 ], [ 11.6007825, -4.5979561 ], [ 11.6050562, -4.6007729 ], [ 11.6108626, -4.6057919 ], [ 11.6160833, -4.6118061 ], [ 11.6190612, -4.6142925 ], [ 11.6215626, -4.6172855 ], [ 11.6275617, -4.6223919 ], [ 11.6325756, -4.6282906 ], [ 11.6353979, -4.6326701 ], [ 11.6380649, -4.6391894 ], [ 11.639662, -4.6431821 ], [ 11.6424997, -4.6504604 ], [ 11.6450295, -4.6546185 ], [ 11.6492223, -4.6616065 ], [ 11.6516707, -4.6659157 ], [ 11.6533268, -4.6710787 ], [ 11.6547522, -4.6780455 ], [ 11.657536, -4.6838242 ], [ 11.6611097, -4.6885017 ], [ 11.6659255, -4.7005021 ], [ 11.6733953, -4.7098132 ], [ 11.6799497, -4.7181552 ], [ 11.6825143, -4.7226925 ], [ 11.6865306, -4.7299188 ], [ 11.6893202, -4.7339386 ], [ 11.6945632, -4.7386909 ], [ 11.6993678, -4.7439927 ], [ 11.7029281, -4.7471476 ], [ 11.7077518, -4.7507673 ], [ 11.7124443, -4.7544613 ], [ 11.7161164, -4.7573395 ], [ 11.7213294, -4.7621478 ], [ 11.7286604, -4.767374 ], [ 11.7319652, -4.7699768 ], [ 11.7418176, -4.7768124 ], [ 11.750355, -4.7817777 ], [ 11.7526558, -4.7839826 ], [ 11.7590692, -4.7909941 ], [ 11.7669629, -4.7979914 ], [ 11.769329, -4.8006532 ], [ 11.7756641, -4.8076892 ], [ 11.7826283, -4.8139597 ], [ 11.784434, -4.8164306 ], [ 11.7872898, -4.8218468 ], [ 11.7895044, -4.8267728 ], [ 11.7936252, -4.8338115 ], [ 11.7957022, -4.8372734 ], [ 11.7991862, -4.8448382 ], [ 11.8015112, -4.849586 ], [ 11.80651, -4.8580858 ], [ 11.811107, -4.867079 ], [ 11.8128516, -4.8701491 ], [ 11.815986, -4.8739027 ], [ 11.8200658, -4.8796742 ], [ 11.8230127, -4.8837998 ], [ 11.8258726, -4.8903085 ], [ 11.8283741, -4.8962118 ], [ 11.8305957, -4.9011561 ], [ 11.8325277, -4.904615 ], [ 11.8376005, -4.9122161 ], [ 11.8426113, -4.9172376 ], [ 11.845335, -4.9210313 ], [ 11.8491858, -4.9281405 ], [ 11.8512054, -4.9329723 ], [ 11.8566274, -4.9414163 ], [ 11.8617068, -4.9504796 ], [ 11.8631325, -4.9532215 ], [ 11.8660136, -4.9572327 ], [ 11.8710633, -4.9622897 ], [ 11.876044, -4.9672704 ], [ 11.8791589, -4.970784 ], [ 11.8826976, -4.9740222 ], [ 11.8879622, -4.9786908 ], [ 11.8925695, -4.9838863 ], [ 11.895028, -4.9880167 ], [ 11.8992546, -4.9949569 ], [ 11.9016794, -4.9981929 ], [ 11.9031739, -5.0001856 ], [ 11.9021424, -5.0027758 ], [ 11.8991374, -5.0168019 ], [ 11.9050844, -5.0278386 ], [ 11.9074809, -5.0337257 ], [ 11.910342, -5.0393342 ], [ 11.9159721, -5.0463846 ], [ 11.9180814, -5.0495485 ], [ 11.9195235, -5.053971 ], [ 11.9209233, -5.0617574 ], [ 11.9224835, -5.0670228 ], [ 11.9263271, -5.0734153 ], [ 11.9324901, -5.0837533 ], [ 11.9372628, -5.0955857 ], [ 11.9391636, -5.1003875 ], [ 11.9420604, -5.1074799 ], [ 11.9435589, -5.1114757 ], [ 11.9462637, -5.1182879 ], [ 11.9491654, -5.125392 ], [ 11.9520523, -5.1324601 ], [ 11.9539285, -5.1382863 ], [ 11.955235, -5.1442008 ], [ 11.9574373, -5.1503167 ], [ 11.9591253, -5.15687 ], [ 11.960225, -5.1613688 ], [ 11.9616132, -5.1668224 ], [ 11.9621179, -5.1705317 ], [ 11.9658284, -5.1835826 ], [ 11.9691233, -5.1968623 ], [ 11.9699113, -5.200211 ], [ 11.970498, -5.204807 ], [ 11.9705033, -5.2120255 ], [ 11.971312, -5.2168081 ], [ 11.9728104, -5.2247999 ], [ 11.975411, -5.242202 ], [ 11.9768979, -5.2501336 ], [ 11.9769162, -5.2667983 ], [ 11.9783437, -5.2711338 ], [ 11.9823979, -5.2834942 ], [ 11.9824163, -5.3001989 ], [ 11.9866457, -5.3128401 ], [ 11.9879978, -5.3167998 ], [ 11.9880029, -5.3501239 ], [ 11.9890978, -5.3567243 ], [ 11.9891092, -5.3601648 ], [ 11.9907686, -5.366651 ], [ 11.989164, -5.372975 ], [ 11.9824744, -5.3833525 ], [ 11.990909, -5.3921376 ], [ 11.9934515, -5.4000477 ], [ 11.9909102, -5.4078598 ], [ 11.9824852, -5.4163405 ], [ 11.9825299, -5.4170738 ], [ 11.9909093, -5.4255361 ], [ 11.9934509, -5.4333493 ], [ 11.9909092, -5.4411626 ], [ 11.9825305, -5.4496039 ], [ 11.9825426, -5.4504189 ], [ 11.992652, -5.4573045 ], [ 11.9990976, -5.4669247 ], [ 11.9990974, -5.6165229 ], [ 11.9954172, -5.6294671 ], [ 11.9949007, -5.6332886 ], [ 11.9948972, -5.6999359 ], [ 11.9935085, -5.7054345 ], [ 11.9934972, -5.710939 ], [ 11.9908354, -5.7164303 ], [ 11.9907972, -5.733295 ], [ 11.989802, -5.7415575 ], [ 11.9891009, -5.7499666 ], [ 11.9885069, -5.7559063 ], [ 11.9872112, -5.7617938 ], [ 11.9866104, -5.7664878 ], [ 11.9858074, -5.7699385 ], [ 11.9857971, -5.7798694 ], [ 11.9850246, -5.7842146 ], [ 11.9824573, -5.7913242 ], [ 11.9795419, -5.7984739 ], [ 11.9783167, -5.8039623 ], [ 11.9769147, -5.8109717 ], [ 11.9758312, -5.8163891 ], [ 11.9729383, -5.8235889 ], [ 11.9724191, -5.8264457 ], [ 11.9705234, -5.8331348 ], [ 11.9697106, -5.8370953 ], [ 11.9683058, -5.8473237 ], [ 11.9678007, -5.8509211 ], [ 11.9688957, -5.863475 ], [ 11.9688064, -5.8667367 ], [ 11.9699201, -5.8710542 ], [ 11.9713294, -5.877985 ], [ 11.973233, -5.883605 ], [ 11.975318, -5.891945 ], [ 11.9769287, -5.9002815 ], [ 11.9783437, -5.9044367 ], [ 11.9823969, -5.916794 ], [ 11.982406, -5.9334548 ], [ 11.9852968, -5.9472434 ], [ 11.9853272, -5.9502412 ], [ 11.9876967, -5.9555611 ], [ 11.9899552, -5.9594925 ], [ 11.9920288, -5.967191 ], [ 11.9985215, -5.9701706 ], [ 12.0074878, -5.9745563 ], [ 12.009241, -5.9771399 ], [ 12.0135938, -5.9840677 ], [ 12.0166308, -5.9851341 ], [ 12.0323246, -5.9863505 ], [ 12.0356778, -5.9866523 ], [ 12.0489099, -5.9861613 ], [ 12.0544438, -5.9888095 ], [ 12.0603968, -5.9894629 ], [ 12.0604343, -5.9948669 ], [ 12.0633789, -6.0007493 ], [ 12.0665744, -6.0019369 ], [ 12.0834216, -6.0016419 ], [ 12.0865683, -6.0006999 ], [ 12.0891777, -5.9951271 ], [ 12.0872597, -5.9872472 ], [ 12.0948438, -5.9893291 ], [ 12.101456, -5.9866803 ], [ 12.1073508, -5.9839382 ], [ 12.1105861, -5.977309 ], [ 12.1166968, -5.9740739 ], [ 12.1227179, -5.9773091 ], [ 12.1260779, -5.9839744 ], [ 12.1319841, -5.9868166 ], [ 12.1361185, -5.9868155 ], [ 12.1418243, -5.9839719 ], [ 12.1446961, -5.9779939 ], [ 12.15, -5.9749884 ], [ 12.1553039, -5.9779939 ], [ 12.1581491, -5.9839372 ], [ 12.1652401, -5.987128 ], [ 12.1696104, -5.9870448 ], [ 12.1832842, -5.9843738 ], [ 12.19642, -5.9874126 ], [ 12.1996401, -5.9887787 ], [ 12.2076189, -5.9923356 ], [ 12.2115234, -6.0007074 ], [ 12.2156708, -6.0025186 ], [ 12.2186732, -6.0028518 ], [ 12.2333797, -6.0022494 ], [ 12.2433375, -6.0007194 ], [ 12.245999, -5.995863 ], [ 12.2502328, -5.9928903 ], [ 12.2569574, -5.9937427 ], [ 12.2600448, -5.99434 ], [ 12.2665095, -5.9953349 ], [ 12.2707194, -5.9965098 ], [ 12.2825043, -6.0009262 ], [ 12.2999256, -6.0019514 ], [ 12.3089856, -6.0008303 ], [ 12.3126347, -5.9960135 ], [ 12.3172775, -5.9929409 ], [ 12.3214296, -5.9886078 ], [ 12.3302279, -5.9875199 ], [ 12.3332613, -5.9863363 ], [ 12.33711, -5.9882011 ], [ 12.344073, -5.9894561 ], [ 12.349207, -6.0005751 ], [ 12.3626826, -6.0038869 ], [ 12.3641339, -6.0152863 ], [ 12.3650311, -6.01732 ], [ 12.3660918, -6.0220309 ], [ 12.3724022, -6.0234323 ], [ 12.3762073, -6.024432 ], [ 12.3831452, -6.0256402 ], [ 12.3917456, -6.0271403 ], [ 12.4000289, -6.0285453 ], [ 12.4086334, -6.0269212 ], [ 12.4162876, -6.0242512 ], [ 12.4195803, -6.0300357 ], [ 12.4209779, -6.0337212 ], [ 12.4255746, -6.0424213 ], [ 12.4284553, -6.0501032 ], [ 12.4272053, -6.0551991 ], [ 12.4279608, -6.0619868 ], [ 12.4248674, -6.06599 ], [ 12.4199675, -6.0694764 ], [ 12.4163975, -6.0699096 ], [ 12.4083685, -6.075017 ], [ 12.4032857, -6.0829679 ], [ 12.4023359, -6.085875 ], [ 12.3996815, -6.0876732 ], [ 12.3941254, -6.088248 ], [ 12.3893204, -6.0885489 ], [ 12.3832692, -6.0892427 ], [ 12.3768208, -6.0889455 ], [ 12.3732139, -6.0889451 ], [ 12.3669128, -6.0887512 ], [ 12.3628782, -6.0868746 ], [ 12.3582074, -6.0831553 ], [ 12.3615773, -6.0780089 ], [ 12.3675299, -6.0670018 ], [ 12.3717622, -6.0549066 ], [ 12.3774985, -6.0503767 ], [ 12.377295, -6.0494614 ], [ 12.3688088, -6.0470566 ], [ 12.3661805, -6.0475323 ], [ 12.3533223, -6.0456598 ], [ 12.3488946, -6.0470985 ], [ 12.3431594, -6.0493461 ], [ 12.3388339, -6.055288 ], [ 12.3330647, -6.0572741 ], [ 12.325994, -6.0586695 ], [ 12.3226818, -6.0595716 ], [ 12.3162275, -6.0611065 ], [ 12.3138962, -6.0638597 ], [ 12.3104686, -6.0660188 ], [ 12.3062713, -6.0728443 ], [ 12.2996614, -6.0759098 ], [ 12.2948979, -6.0775624 ], [ 12.2871468, -6.078459 ], [ 12.2817816, -6.0796721 ], [ 12.2683313, -6.083394 ], [ 12.2662628, -6.0854983 ], [ 12.2643364, -6.0857735 ], [ 12.2647787, -6.0832662 ], [ 12.2644514, -6.0826735 ], [ 12.2530765, -6.0796865 ], [ 12.250322, -6.0786045 ], [ 12.2440609, -6.0762855 ], [ 12.2406444, -6.0755961 ], [ 12.233778, -6.0711821 ], [ 12.2306155, -6.0692653 ], [ 12.2281083, -6.0659906 ], [ 12.2216869, -6.0618786 ], [ 12.2189124, -6.0510718 ], [ 12.2172307, -6.0489637 ], [ 12.2138935, -6.0492123 ], [ 12.2054909, -6.0549642 ], [ 12.2000847, -6.0553371 ], [ 12.1953906, -6.0541166 ], [ 12.1885651, -6.0492338 ], [ 12.1833515, -6.0482579 ], [ 12.1697604, -6.0461591 ], [ 12.1667493, -6.0455518 ], [ 12.1632855, -6.045853 ], [ 12.1499028, -6.0480683 ], [ 12.146094, -6.0493329 ], [ 12.1411102, -6.0578106 ], [ 12.1365677, -6.0663034 ], [ 12.1356726, -6.0690614 ], [ 12.1331032, -6.070056 ], [ 12.1286171, -6.0703492 ], [ 12.1219209, -6.0711481 ], [ 12.1168182, -6.0714369 ], [ 12.1128428, -6.0701426 ], [ 12.10775, -6.0659327 ], [ 12.1032196, -6.0628082 ], [ 12.0988091, -6.0635656 ], [ 12.085112, -6.0669155 ], [ 12.0848142, -6.0675055 ], [ 12.0871824, -6.0785815 ], [ 12.0865057, -6.0832218 ], [ 12.086038, -6.0865885 ], [ 12.0826718, -6.0909833 ], [ 12.0777428, -6.0943388 ], [ 12.0719997, -6.0993736 ], [ 12.0691341, -6.1019618 ], [ 12.0656638, -6.1021311 ], [ 12.0616061, -6.0993004 ], [ 12.0547441, -6.0948219 ], [ 12.049996, -6.0938561 ], [ 12.0455989, -6.0948677 ], [ 12.0350981, -6.097168 ], [ 12.0324845, -6.097806 ], [ 12.0295976, -6.0993963 ], [ 12.0245974, -6.1076383 ], [ 12.02113, -6.1164243 ], [ 12.0206144, -6.1213284 ], [ 12.0158407, -6.1333671 ], [ 12.0221308, -6.1442235 ], [ 12.026162, -6.1505697 ], [ 12.0290104, -6.1542328 ], [ 12.0326992, -6.1582217 ], [ 12.0379912, -6.1621237 ], [ 12.0426227, -6.1672479 ], [ 12.04573, -6.1708556 ], [ 12.0493294, -6.1746557 ], [ 12.053566, -6.179582 ], [ 12.0561096, -6.1837888 ], [ 12.0594167, -6.1902986 ], [ 12.0659844, -6.2005988 ], [ 12.073762, -6.2094878 ], [ 12.0825879, -6.2172273 ], [ 12.0885382, -6.2278333 ], [ 12.0931087, -6.2339302 ], [ 12.0961206, -6.2371462 ], [ 12.099344, -6.2410681 ], [ 12.1045092, -6.2455335 ], [ 12.1104778, -6.2507064 ], [ 12.1131135, -6.2534396 ], [ 12.1160045, -6.2572261 ], [ 12.120762, -6.2625882 ], [ 12.1260394, -6.2672718 ], [ 12.1288895, -6.2709081 ], [ 12.1326246, -6.2756486 ], [ 12.1410163, -6.2839446 ], [ 12.1444763, -6.2885909 ], [ 12.1534765, -6.3005913 ], [ 12.158705, -6.3075954 ], [ 12.1602681, -6.3115022 ], [ 12.1632614, -6.3181883 ], [ 12.1658998, -6.3254613 ], [ 12.1692458, -6.3304477 ], [ 12.1714473, -6.3338498 ], [ 12.1759484, -6.3404516 ], [ 12.1824802, -6.3504472 ], [ 12.186644, -6.3628395 ], [ 12.1880642, -6.3669902 ], [ 12.1918387, -6.3745315 ], [ 12.199211, -6.3838096 ], [ 12.2040157, -6.3956919 ], [ 12.2075272, -6.400524 ], [ 12.210293, -6.4059568 ], [ 12.2213922, -6.4281553 ], [ 12.2269908, -6.4392524 ], [ 12.2325389, -6.4505315 ], [ 12.2399348, -6.4597406 ], [ 12.2436199, -6.4671038 ], [ 12.2460676, -6.4706837 ], [ 12.2494615, -6.472977 ], [ 12.2554577, -6.4778919 ], [ 12.260249, -6.4837373 ], [ 12.2610312, -6.4882869 ], [ 12.2659025, -6.5004696 ], [ 12.272667, -6.5106824 ], [ 12.2825421, -6.5172325 ], [ 12.2866426, -6.5294363 ], [ 12.2880634, -6.5336886 ], [ 12.2918384, -6.5412315 ], [ 12.2992106, -6.5505095 ], [ 12.304017, -6.562394 ], [ 12.307527, -6.5671253 ], [ 12.3213912, -6.5948537 ], [ 12.3242345, -6.6005264 ], [ 12.3278063, -6.6052003 ], [ 12.3373168, -6.6289935 ], [ 12.3444044, -6.6384954 ], [ 12.3491764, -6.6504208 ], [ 12.3547911, -6.6615537 ], [ 12.3602903, -6.6726522 ], [ 12.371391, -6.6948536 ], [ 12.3742343, -6.7005264 ], [ 12.3778051, -6.7051989 ], [ 12.3825211, -6.7170992 ], [ 12.3899332, -6.7264382 ], [ 12.3935622, -6.7336961 ], [ 12.395045, -6.7380232 ], [ 12.3993291, -6.7422583 ], [ 12.4029343, -6.7467404 ], [ 12.4047909, -6.7504536 ], [ 12.408539, -6.7579328 ], [ 12.4157954, -6.7669678 ], [ 12.4160193, -6.7838463 ], [ 12.4281501, -6.7888439 ], [ 12.4327024, -6.7923308 ], [ 12.4408806, -6.800509 ], [ 12.4423953, -6.8067573 ], [ 12.4424005, -6.8101237 ], [ 12.4435968, -6.8170243 ], [ 12.4463612, -6.8202875 ], [ 12.44949, -6.822991 ], [ 12.4569106, -6.8267157 ], [ 12.466024, -6.8339672 ], [ 12.4726654, -6.8439816 ], [ 12.482599, -6.8506683 ], [ 12.4880929, -6.8615579 ], [ 12.4909668, -6.8671692 ], [ 12.507617, -6.8839452 ], [ 12.5112648, -6.8886866 ], [ 12.5161033, -6.8923323 ], [ 12.5242573, -6.9005846 ], [ 12.5269913, -6.905955 ], [ 12.5326378, -6.9172442 ], [ 12.5426476, -6.9240009 ], [ 12.5492978, -6.9339159 ], [ 12.5659549, -6.9505835 ], [ 12.5713912, -6.9615549 ], [ 12.5743123, -6.9672205 ], [ 12.5791137, -6.9711087 ], [ 12.5828006, -6.9730095 ], [ 12.5887567, -6.9778916 ], [ 12.593548, -6.983737 ], [ 12.5943303, -6.9882868 ], [ 12.5991757, -7.0004206 ], [ 12.6047896, -7.0115519 ], [ 12.6075657, -7.0171672 ], [ 12.6242583, -7.033887 ], [ 12.6269914, -7.0392556 ], [ 12.6380892, -7.0615512 ], [ 12.6435902, -7.0726534 ], [ 12.6547902, -7.0948534 ], [ 12.6602902, -7.1059533 ], [ 12.6659173, -7.1171016 ], [ 12.67246, -7.1270195 ], [ 12.67419, -7.1337326 ], [ 12.6779629, -7.1386854 ], [ 12.682608, -7.1422588 ], [ 12.6855752, -7.1473318 ], [ 12.6866142, -7.1502599 ], [ 12.6871947, -7.1548067 ], [ 12.6872, -7.1620252 ], [ 12.6880613, -7.166961 ], [ 12.6925453, -7.1738487 ], [ 12.6992165, -7.1838059 ], [ 12.7046946, -7.1946642 ], [ 12.7047334, -7.2002694 ], [ 12.7085382, -7.2079326 ], [ 12.7158792, -7.2170728 ], [ 12.7195575, -7.2299754 ], [ 12.7213831, -7.2337394 ], [ 12.7254628, -7.2423965 ], [ 12.7283718, -7.2504118 ], [ 12.7297898, -7.2531534 ], [ 12.732506, -7.2587828 ], [ 12.7355774, -7.2640358 ], [ 12.7366688, -7.2670059 ], [ 12.7449893, -7.2837523 ], [ 12.7463905, -7.2865547 ], [ 12.7519905, -7.2976547 ], [ 12.7534131, -7.3004954 ], [ 12.75828, -7.3081953 ], [ 12.7659382, -7.3171511 ], [ 12.7713897, -7.3281532 ], [ 12.7769889, -7.3392517 ], [ 12.7825313, -7.3505232 ], [ 12.7897757, -7.3600923 ], [ 12.7950743, -7.3671905 ], [ 12.796875, -7.3695913 ], [ 12.7992968, -7.3728187 ], [ 12.8044604, -7.3788868 ], [ 12.8104162, -7.3839557 ], [ 12.81246, -7.3870214 ], [ 12.8159107, -7.4004656 ], [ 12.8237804, -7.409402 ], [ 12.8296934, -7.4182715 ], [ 12.835394, -7.4325583 ], [ 12.8464786, -7.4515383 ], [ 12.8491563, -7.4586785 ], [ 12.8520953, -7.4658614 ], [ 12.8632206, -7.4848102 ], [ 12.8659125, -7.4892968 ], [ 12.869778, -7.4964332 ], [ 12.8713739, -7.5004188 ], [ 12.8751376, -7.5079324 ], [ 12.8824511, -7.5170384 ], [ 12.8853476, -7.5324431 ], [ 12.8897755, -7.5414252 ], [ 12.8935793, -7.550431 ], [ 12.8954914, -7.5541574 ], [ 12.8991946, -7.5615636 ], [ 12.9015919, -7.5660588 ], [ 12.9047677, -7.5726088 ], [ 12.9063139, -7.5765903 ], [ 12.9117256, -7.5838259 ], [ 12.9130353, -7.5864454 ], [ 12.9158407, -7.6003259 ], [ 12.9210606, -7.611792 ], [ 12.9229474, -7.6169559 ], [ 12.925458, -7.6239814 ], [ 12.9277703, -7.6289138 ], [ 12.9301472, -7.634658 ], [ 12.9324476, -7.6419552 ], [ 12.9353591, -7.6491865 ], [ 12.9380718, -7.6559154 ], [ 12.9398522, -7.6595775 ], [ 12.9420363, -7.666923 ], [ 12.9438559, -7.6722759 ], [ 12.949125, -7.6836164 ], [ 12.9516106, -7.6990211 ], [ 12.9528273, -7.7039919 ], [ 12.955021, -7.7109751 ], [ 12.9561914, -7.7167297 ], [ 12.9559938, -7.7252277 ], [ 12.9558056, -7.7334583 ], [ 12.9581135, -7.7418444 ], [ 12.9594889, -7.7500968 ], [ 12.959097, -7.7566859 ], [ 12.9596867, -7.7606717 ], [ 12.9591149, -7.7667714 ], [ 12.9610211, -7.7716914 ], [ 12.9624076, -7.7801082 ], [ 12.9633073, -7.7847078 ], [ 12.9657933, -7.8001216 ], [ 12.9658112, -7.8167966 ], [ 12.9698933, -7.8292934 ], [ 12.9699325, -7.8335701 ], [ 12.9742644, -7.8421681 ], [ 12.9823932, -7.8504199 ], [ 12.9824351, -7.8668755 ], [ 12.9883822, -7.8778425 ], [ 12.9908234, -7.8836038 ], [ 12.992027, -7.8906828 ], [ 12.9935325, -7.8947179 ], [ 12.9949529, -7.9003634 ], [ 12.9963359, -7.9030518 ], [ 12.9992118, -7.9170619 ], [ 13.0073931, -7.9254199 ], [ 13.0074711, -7.9336449 ], [ 13.0116552, -7.9384617 ], [ 13.0161813, -7.9407028 ], [ 13.0211846, -7.9453212 ], [ 13.0241331, -7.9503623 ], [ 13.0253283, -7.9573864 ], [ 13.0269355, -7.9614292 ], [ 13.0284086, -7.9670645 ], [ 13.0303016, -7.9693107 ], [ 13.0325048, -7.9754695 ], [ 13.0364952, -7.9803761 ], [ 13.0487828, -7.9839432 ], [ 13.044315, -7.9951307 ], [ 13.0450022, -8.0004215 ], [ 13.0482751, -8.0034057 ], [ 13.055553, -8.0108804 ], [ 13.0586387, -8.0169554 ], [ 13.0599534, -8.0228612 ], [ 13.0659613, -8.0338674 ], [ 13.074859, -8.0436646 ], [ 13.0827144, -8.0473741 ], [ 13.0844465, -8.0496258 ], [ 13.0849778, -8.0525482 ], [ 13.0824715, -8.0668922 ], [ 13.0905418, -8.075863 ], [ 13.0943389, -8.0836521 ], [ 13.0952534, -8.087563 ], [ 13.099267, -8.0949733 ], [ 13.1020535, -8.0977838 ], [ 13.103429, -8.1005223 ], [ 13.1088613, -8.1077844 ], [ 13.1160433, -8.1131885 ], [ 13.1181569, -8.1161292 ], [ 13.1190926, -8.1201527 ], [ 13.1191029, -8.1300599 ], [ 13.1199867, -8.1337285 ], [ 13.1254026, -8.1408979 ], [ 13.1269642, -8.1448009 ], [ 13.1299553, -8.151482 ], [ 13.132504, -8.1587685 ], [ 13.1361343, -8.1633188 ], [ 13.1366731, -8.1669861 ], [ 13.1422618, -8.1744849 ], [ 13.1493513, -8.1797949 ], [ 13.1515883, -8.1827775 ], [ 13.1533224, -8.1877873 ], [ 13.1547459, -8.1947444 ], [ 13.1575298, -8.2005227 ], [ 13.1611038, -8.2052003 ], [ 13.1658994, -8.2170697 ], [ 13.1724576, -8.2270187 ], [ 13.1741877, -8.2337323 ], [ 13.1779609, -8.238685 ], [ 13.1826601, -8.2422997 ], [ 13.1862309, -8.2467391 ], [ 13.1880269, -8.2503311 ], [ 13.1890923, -8.2567239 ], [ 13.1891038, -8.2601645 ], [ 13.1908852, -8.2670292 ], [ 13.1943996, -8.2718902 ], [ 13.1992001, -8.283771 ], [ 13.2058546, -8.2937163 ], [ 13.2074869, -8.3004296 ], [ 13.2112623, -8.3053861 ], [ 13.2160628, -8.3090033 ], [ 13.2196276, -8.3134352 ], [ 13.2212922, -8.3168568 ], [ 13.2212922, -8.3221589 ], [ 13.219901, -8.3290456 ], [ 13.2199638, -8.3336448 ], [ 13.2254021, -8.3408977 ], [ 13.2269574, -8.344786 ], [ 13.2297224, -8.3515997 ], [ 13.2324529, -8.3669554 ], [ 13.2386438, -8.3777461 ], [ 13.243492, -8.3836715 ], [ 13.243492, -8.3887409 ], [ 13.2424028, -8.3932369 ], [ 13.2424089, -8.4001932 ], [ 13.2440498, -8.405464 ], [ 13.249092, -8.4168401 ], [ 13.2491103, -8.4334984 ], [ 13.2533126, -8.4460581 ], [ 13.2538919, -8.4501133 ], [ 13.2538919, -8.4546714 ], [ 13.2523974, -8.4632719 ], [ 13.2524012, -8.4667554 ], [ 13.2533252, -8.4710882 ], [ 13.2554104, -8.4772525 ], [ 13.2561918, -8.4834062 ], [ 13.2561918, -8.4903875 ], [ 13.2557953, -8.4932878 ], [ 13.2558064, -8.5001852 ], [ 13.258112, -8.5084455 ], [ 13.2594917, -8.5167238 ], [ 13.2594956, -8.5230143 ], [ 13.2601917, -8.5278146 ], [ 13.260197, -8.5334249 ], [ 13.2609917, -8.5381254 ], [ 13.2609946, -8.5453052 ], [ 13.2615878, -8.5500748 ], [ 13.2612954, -8.5544848 ], [ 13.2626848, -8.5636726 ], [ 13.2623987, -8.5666977 ], [ 13.2629931, -8.5695518 ], [ 13.2631908, -8.5819055 ], [ 13.2626992, -8.5862308 ], [ 13.2613078, -8.5953744 ], [ 13.2602007, -8.5999735 ], [ 13.2605915, -8.6051846 ], [ 13.2605929, -8.6115845 ], [ 13.2609816, -8.6165589 ], [ 13.2591152, -8.6231473 ], [ 13.2586209, -8.6259048 ], [ 13.2558188, -8.6331651 ], [ 13.255795, -8.6400108 ], [ 13.2561914, -8.6429111 ], [ 13.2561914, -8.6498079 ], [ 13.253749, -8.6540352 ], [ 13.2493414, -8.6594222 ], [ 13.2458055, -8.6625745 ], [ 13.2435552, -8.6663431 ], [ 13.2424012, -8.6733885 ], [ 13.2434392, -8.6776517 ], [ 13.2410335, -8.6826415 ], [ 13.2351557, -8.6850443 ], [ 13.2325141, -8.6884049 ], [ 13.2293971, -8.6964081 ], [ 13.2270429, -8.699551 ], [ 13.2228749, -8.7066814 ], [ 13.2218411, -8.7103473 ], [ 13.2188125, -8.7172838 ], [ 13.2160195, -8.7208473 ], [ 13.2100157, -8.7267568 ], [ 13.2055527, -8.7328353 ], [ 13.2030318, -8.7366664 ], [ 13.1991949, -8.7429336 ], [ 13.1968761, -8.7485649 ], [ 13.1931005, -8.7556193 ], [ 13.1915149, -8.7584932 ], [ 13.1866945, -8.766235 ], [ 13.1854448, -8.7693445 ], [ 13.182435, -8.7788715 ], [ 13.1812839, -8.782325 ], [ 13.1752497, -8.7903406 ], [ 13.1688068, -8.8007096 ], [ 13.1658578, -8.8068115 ], [ 13.1628783, -8.815248 ], [ 13.1571574, -8.8240265 ], [ 13.1540856, -8.8279901 ], [ 13.1499833, -8.8330692 ], [ 13.1472872, -8.8348031 ], [ 13.140239, -8.8398652 ], [ 13.1328341, -8.8432767 ], [ 13.1294972, -8.845892 ], [ 13.1231444, -8.8493441 ], [ 13.1198359, -8.8532297 ], [ 13.1159624, -8.856936 ], [ 13.1131084, -8.8633926 ], [ 13.111052, -8.8661366 ], [ 13.1064905, -8.873274 ], [ 13.098854, -8.8806204 ], [ 13.0901559, -8.8825196 ], [ 13.0852831, -8.8855696 ], [ 13.0845018, -8.8977087 ], [ 13.0833006, -8.9000254 ], [ 13.079721, -8.9023804 ], [ 13.0730811, -8.9062095 ], [ 13.0661881, -8.9118968 ], [ 13.0638268, -8.9131682 ], [ 13.0509927, -8.9145122 ], [ 13.0486457, -8.9162024 ], [ 13.0460378, -8.9299113 ], [ 13.0441912, -8.9327734 ], [ 13.0384253, -8.9383439 ], [ 13.032663, -8.9422159 ], [ 13.0296296, -8.9466699 ], [ 13.0278926, -8.9496365 ], [ 13.0244827, -8.9578484 ], [ 13.0188928, -8.9674343 ], [ 13.0158756, -8.9739676 ], [ 13.0130481, -8.9799151 ], [ 13.0101376, -8.9827308 ], [ 13.0051533, -8.9885101 ], [ 12.9993068, -8.9935731 ], [ 12.9971758, -8.9971224 ], [ 12.9917468, -8.9992712 ], [ 12.9867786, -9.0032061 ], [ 12.9826418, -9.0057487 ], [ 12.9790203, -9.0126792 ], [ 12.9764686, -9.0163178 ], [ 12.9754012, -9.0249057 ], [ 12.9737011, -9.0332173 ], [ 12.9729945, -9.0416635 ], [ 12.9721077, -9.0498419 ], [ 12.9704669, -9.0542815 ], [ 12.9659347, -9.0628533 ], [ 12.963885, -9.0654771 ], [ 12.9632116, -9.0690504 ], [ 12.9607053, -9.0781037 ], [ 12.9604929, -9.0832659 ], [ 12.9595974, -9.089339 ], [ 12.9591964, -9.0933439 ], [ 12.9583022, -9.0999013 ], [ 12.9566107, -9.1084582 ], [ 12.9547012, -9.116526 ], [ 12.9544916, -9.1219971 ], [ 12.9539917, -9.1283048 ], [ 12.9538934, -9.1331791 ], [ 12.9526736, -9.1364632 ], [ 12.9491879, -9.142444 ], [ 12.9465466, -9.1485385 ], [ 12.9448257, -9.1540995 ], [ 12.9431245, -9.160403 ], [ 12.9413211, -9.1664169 ], [ 12.9396163, -9.1736337 ], [ 12.9388178, -9.176728 ], [ 12.9372056, -9.1831897 ], [ 12.9366977, -9.1875319 ], [ 12.9352972, -9.1970376 ], [ 12.9349943, -9.2000659 ], [ 12.9355012, -9.2031908 ], [ 12.9369007, -9.2123875 ], [ 12.9376264, -9.2168877 ], [ 12.9412654, -9.2255096 ], [ 12.9449864, -9.2337527 ], [ 12.9464906, -9.2364634 ], [ 12.9492253, -9.2421193 ], [ 12.9528702, -9.2469895 ], [ 12.9555801, -9.2506022 ], [ 12.9601736, -9.2562946 ], [ 12.9659682, -9.2643866 ], [ 12.9676242, -9.2665302 ], [ 12.9699864, -9.2712544 ], [ 12.9727863, -9.2767544 ], [ 12.9762931, -9.2837672 ], [ 12.9785181, -9.2878109 ], [ 12.9825852, -9.2939066 ], [ 12.9857965, -9.2974247 ], [ 12.9881073, -9.3005058 ], [ 12.9919798, -9.3093399 ], [ 12.9966002, -9.3180808 ], [ 12.999213, -9.3227035 ], [ 13.0034187, -9.3296133 ], [ 13.0059167, -9.3338099 ], [ 13.0096175, -9.3400112 ], [ 13.0159078, -9.3504952 ], [ 13.021725, -9.3612218 ], [ 13.0259532, -9.3671664 ], [ 13.0286217, -9.371021 ], [ 13.0324949, -9.3781715 ], [ 13.0348868, -9.3827559 ], [ 13.0380819, -9.389246 ], [ 13.0436148, -9.4005036 ], [ 13.0459448, -9.4038545 ], [ 13.0492505, -9.4088622 ], [ 13.0527386, -9.4136468 ], [ 13.0548153, -9.417108 ], [ 13.0588883, -9.4240619 ], [ 13.0610764, -9.4289344 ], [ 13.0639032, -9.434586 ], [ 13.0659272, -9.4380268 ], [ 13.0709395, -9.4455466 ], [ 13.0742104, -9.4505025 ], [ 13.0769851, -9.4559528 ], [ 13.0824779, -9.4670384 ], [ 13.0877559, -9.4783911 ], [ 13.089649, -9.4836704 ], [ 13.0924606, -9.4903001 ], [ 13.0949643, -9.4962087 ], [ 13.0971954, -9.501171 ], [ 13.0992182, -9.504613 ], [ 13.1039999, -9.5123835 ], [ 13.1062715, -9.5170255 ], [ 13.1091629, -9.5237056 ], [ 13.111664, -9.5295081 ], [ 13.1138631, -9.5345062 ], [ 13.1158526, -9.5391814 ], [ 13.1188429, -9.5472555 ], [ 13.1199357, -9.5503351 ], [ 13.1218262, -9.5563051 ], [ 13.1228317, -9.5599198 ], [ 13.1253416, -9.5669519 ], [ 13.1272284, -9.5722151 ], [ 13.1294246, -9.5805983 ], [ 13.1306221, -9.5843923 ], [ 13.1343155, -9.5993657 ], [ 13.1352155, -9.6029659 ], [ 13.1374165, -9.61187 ], [ 13.1387169, -9.6168717 ], [ 13.1429386, -9.6336382 ], [ 13.1448787, -9.6380395 ], [ 13.1491754, -9.6462355 ], [ 13.1506414, -9.6496562 ], [ 13.1515164, -9.6525727 ], [ 13.1536324, -9.6624193 ], [ 13.1554661, -9.6670124 ], [ 13.1588829, -9.6740494 ], [ 13.1616886, -9.6795607 ], [ 13.1642095, -9.684398 ], [ 13.1659079, -9.6870977 ], [ 13.1705073, -9.6958946 ], [ 13.1732884, -9.7004649 ], [ 13.1760659, -9.7068134 ], [ 13.1791639, -9.713709 ], [ 13.1808451, -9.7176649 ], [ 13.1824261, -9.7225069 ], [ 13.1851126, -9.7323573 ], [ 13.1860983, -9.7371871 ], [ 13.1870018, -9.745597 ], [ 13.1880159, -9.7502672 ], [ 13.1903253, -9.7584031 ], [ 13.1929109, -9.7668565 ], [ 13.1938086, -9.7721347 ], [ 13.1961156, -9.7805688 ], [ 13.197017, -9.7844727 ], [ 13.1991222, -9.7918928 ], [ 13.2012224, -9.7993935 ], [ 13.202424, -9.8035995 ], [ 13.2047225, -9.8113943 ], [ 13.2062156, -9.816869 ], [ 13.2082131, -9.8254584 ], [ 13.2101969, -9.8334928 ], [ 13.2105884, -9.8384844 ], [ 13.2105897, -9.8448837 ], [ 13.2109988, -9.8501791 ], [ 13.2118178, -9.8541743 ], [ 13.2157883, -9.8667872 ], [ 13.2157923, -9.8834152 ], [ 13.2180991, -9.8989888 ], [ 13.2188066, -9.9032265 ], [ 13.2210099, -9.9116478 ], [ 13.2220098, -9.9168434 ], [ 13.2262021, -9.9335159 ], [ 13.2268951, -9.9389615 ], [ 13.227695, -9.9453605 ], [ 13.2283147, -9.950252 ], [ 13.2294221, -9.9533015 ], [ 13.2324307, -9.9669176 ], [ 13.2370389, -9.9790479 ], [ 13.2385476, -9.9836683 ], [ 13.241867, -9.9910174 ], [ 13.2435697, -9.9948234 ], [ 13.2466871, -10.0014582 ], [ 13.2492128, -10.0060054 ], [ 13.2535139, -10.0128086 ], [ 13.2559138, -10.0171072 ], [ 13.2598182, -10.0232155 ], [ 13.2659282, -10.0338296 ], [ 13.272946, -10.0434587 ], [ 13.2775356, -10.0505428 ], [ 13.2795502, -10.0535639 ], [ 13.282592, -10.0577183 ], [ 13.2871139, -10.0628452 ], [ 13.290986, -10.0672137 ], [ 13.2944662, -10.0719865 ], [ 13.2992937, -10.078321 ], [ 13.3019044, -10.0813343 ], [ 13.3041032, -10.0839329 ], [ 13.3096044, -10.0903343 ], [ 13.3160276, -10.0978594 ], [ 13.3181266, -10.0999604 ], [ 13.3250983, -10.1081272 ], [ 13.3326154, -10.1172458 ], [ 13.3659868, -10.1506207 ], [ 13.3725803, -10.1606029 ], [ 13.3785117, -10.167243 ], [ 13.3803657, -10.1693897 ], [ 13.382525, -10.1727268 ], [ 13.3867162, -10.1796124 ], [ 13.3892169, -10.1838135 ], [ 13.393016, -10.1900122 ], [ 13.3991971, -10.2004801 ], [ 13.4047821, -10.2115506 ], [ 13.4102814, -10.2226491 ], [ 13.4213828, -10.244852 ], [ 13.4269827, -10.255952 ], [ 13.4380819, -10.2781505 ], [ 13.4409091, -10.2837986 ], [ 13.444237, -10.2888457 ], [ 13.449224, -10.2963263 ], [ 13.4511972, -10.2996808 ], [ 13.4539748, -10.3051367 ], [ 13.4561873, -10.3100594 ], [ 13.4603127, -10.317107 ], [ 13.4623898, -10.320569 ], [ 13.4658755, -10.3281375 ], [ 13.4682082, -10.3327975 ], [ 13.4803358, -10.3513441 ], [ 13.4825288, -10.3546337 ], [ 13.4873014, -10.3623892 ], [ 13.4896834, -10.3670538 ], [ 13.4929032, -10.3734898 ], [ 13.4991799, -10.3837538 ], [ 13.5039731, -10.3956308 ], [ 13.5065896, -10.4004662 ], [ 13.5097311, -10.4066321 ], [ 13.5159152, -10.4143251 ], [ 13.5169749, -10.4166366 ], [ 13.5185656, -10.4198186 ], [ 13.5218086, -10.4277931 ], [ 13.5263285, -10.4338373 ], [ 13.5285148, -10.4378101 ], [ 13.5325179, -10.4438176 ], [ 13.5349282, -10.4481304 ], [ 13.5367557, -10.4505737 ], [ 13.5418654, -10.4579856 ], [ 13.5492686, -10.4671916 ], [ 13.5562014, -10.4769285 ], [ 13.5639507, -10.4846853 ], [ 13.5660368, -10.4867713 ], [ 13.5726521, -10.4939854 ], [ 13.5806572, -10.5012925 ], [ 13.5826092, -10.5033421 ], [ 13.5888033, -10.5110336 ], [ 13.5945374, -10.5172715 ], [ 13.5969982, -10.5197278 ], [ 13.5994226, -10.5215507 ], [ 13.6060937, -10.5273256 ], [ 13.6142692, -10.5346039 ], [ 13.6160394, -10.536374 ], [ 13.6229523, -10.5437861 ], [ 13.6309535, -10.5511889 ], [ 13.6326197, -10.5529531 ], [ 13.6393519, -10.5606845 ], [ 13.6469731, -10.5673078 ], [ 13.6487072, -10.5690419 ], [ 13.6553802, -10.577806 ], [ 13.660362, -10.5838842 ], [ 13.6625801, -10.5872039 ], [ 13.665979, -10.5910075 ], [ 13.6698824, -10.5966077 ], [ 13.6733589, -10.6005836 ], [ 13.6768345, -10.6062423 ], [ 13.6825541, -10.6143716 ], [ 13.6841612, -10.6165814 ], [ 13.6975477, -10.6345633 ], [ 13.6992153, -10.6371139 ], [ 13.7039971, -10.6456813 ], [ 13.7065792, -10.6504482 ], [ 13.709496, -10.6568768 ], [ 13.7158469, -10.6670041 ], [ 13.719111, -10.6801595 ], [ 13.7198859, -10.6834531 ], [ 13.7198859, -10.6999086 ], [ 13.7189188, -10.7029118 ], [ 13.7158156, -10.7164185 ], [ 13.7119118, -10.7292398 ], [ 13.7112518, -10.7329018 ], [ 13.7050916, -10.7388844 ], [ 13.7045012, -10.744344 ], [ 13.7024131, -10.7498591 ], [ 13.7022871, -10.7530921 ], [ 13.7010882, -10.765655 ], [ 13.7014877, -10.7691187 ], [ 13.7020141, -10.7823434 ], [ 13.7047415, -10.7891614 ], [ 13.7061478, -10.7932746 ], [ 13.7094996, -10.8004837 ], [ 13.7120758, -10.8043992 ], [ 13.719819, -10.8133524 ], [ 13.7235036, -10.8172368 ], [ 13.7274885, -10.822317 ], [ 13.7326135, -10.8283462 ], [ 13.7353135, -10.8312469 ], [ 13.7375837, -10.8339119 ], [ 13.7425776, -10.8405035 ], [ 13.7499396, -10.8495572 ], [ 13.7519825, -10.8531566 ], [ 13.7554929, -10.8608727 ], [ 13.759175, -10.8670462 ], [ 13.7610742, -10.8718346 ], [ 13.7659083, -10.8804019 ], [ 13.7676184, -10.8832189 ], [ 13.7714121, -10.8893088 ], [ 13.7777772, -10.9004478 ], [ 13.7791946, -10.9037736 ], [ 13.7824935, -10.9087822 ], [ 13.7850957, -10.9145771 ], [ 13.7866876, -10.9170712 ], [ 13.7901967, -10.9251774 ], [ 13.7966187, -10.934721 ], [ 13.799176, -10.9392454 ], [ 13.8024958, -10.9470754 ], [ 13.8047495, -10.9504189 ], [ 13.8067088, -10.958354 ], [ 13.8086131, -10.9668696 ], [ 13.8102195, -10.9724949 ], [ 13.812418, -10.9801898 ], [ 13.8136016, -10.9845296 ], [ 13.8157989, -11.0002047 ], [ 13.8186827, -11.0138323 ], [ 13.8185868, -11.0178582 ], [ 13.8157956, -11.0332158 ], [ 13.8142912, -11.0491394 ], [ 13.8139015, -11.0516727 ], [ 13.811302, -11.062078 ], [ 13.8105951, -11.066514 ], [ 13.8096947, -11.0726162 ], [ 13.8090948, -11.0765155 ], [ 13.808102, -11.0831673 ], [ 13.8062132, -11.0902255 ], [ 13.8054098, -11.093439 ], [ 13.8039051, -11.0998598 ], [ 13.8031035, -11.1038665 ], [ 13.8007028, -11.1148705 ], [ 13.8003109, -11.116927 ], [ 13.7991239, -11.1205875 ], [ 13.7963193, -11.1303027 ], [ 13.7955157, -11.1331161 ], [ 13.7943089, -11.1378427 ], [ 13.7930093, -11.1437398 ], [ 13.7914336, -11.1497471 ], [ 13.7886677, -11.1557727 ], [ 13.7848631, -11.1638832 ], [ 13.7836809, -11.1666409 ], [ 13.7825054, -11.1686004 ], [ 13.7774317, -11.1777524 ], [ 13.7734429, -11.182843 ], [ 13.770646, -11.1875318 ], [ 13.7660039, -11.1931617 ], [ 13.7630477, -11.1964134 ], [ 13.7597265, -11.199439 ], [ 13.7550054, -11.2051597 ], [ 13.7493414, -11.2113206 ], [ 13.747002, -11.2135625 ], [ 13.7438181, -11.2159518 ], [ 13.7379478, -11.2210251 ], [ 13.7328068, -11.2242876 ], [ 13.7277645, -11.2274514 ], [ 13.7162602, -11.2325583 ], [ 13.7062833, -11.2391369 ], [ 13.6996689, -11.2415067 ], [ 13.6939701, -11.243928 ], [ 13.6909181, -11.2495741 ], [ 13.687519, -11.2542358 ], [ 13.682696, -11.2583698 ], [ 13.6785572, -11.2620423 ], [ 13.676929, -11.2663717 ], [ 13.6745359, -11.2746437 ], [ 13.6708204, -11.2831175 ], [ 13.6703016, -11.2876425 ], [ 13.6658118, -11.2998401 ], [ 13.6633956, -11.3154059 ], [ 13.6626893, -11.3195741 ], [ 13.6626839, -11.3303048 ], [ 13.6623923, -11.3332212 ], [ 13.6615922, -11.3374486 ], [ 13.6615839, -11.3457045 ], [ 13.6602088, -11.3498477 ], [ 13.6590889, -11.3565759 ], [ 13.6590838, -11.3599362 ], [ 13.6573952, -11.3665347 ], [ 13.6573951, -11.4001639 ], [ 13.6590837, -11.4067624 ], [ 13.6590887, -11.4101227 ], [ 13.6601958, -11.416796 ], [ 13.6610191, -11.4216855 ], [ 13.6658626, -11.4337149 ], [ 13.6713774, -11.4448478 ], [ 13.6742223, -11.4505234 ], [ 13.6777922, -11.4551943 ], [ 13.6825092, -11.4670965 ], [ 13.6899202, -11.4764335 ], [ 13.6935802, -11.4837535 ], [ 13.6955281, -11.487532 ], [ 13.6992553, -11.492178 ], [ 13.7025347, -11.4971468 ], [ 13.7048043, -11.500502 ], [ 13.708527, -11.5079298 ], [ 13.7159201, -11.5171343 ], [ 13.7213771, -11.5281477 ], [ 13.7241352, -11.5336639 ], [ 13.7258101, -11.5401665 ], [ 13.7269093, -11.5446634 ], [ 13.7283235, -11.5503113 ], [ 13.729468, -11.5534243 ], [ 13.7324537, -11.5587091 ], [ 13.7346871, -11.5657007 ], [ 13.7347863, -11.5691163 ], [ 13.7360831, -11.5797038 ], [ 13.7360857, -11.583402 ], [ 13.7365831, -11.5876022 ], [ 13.7365868, -11.5959124 ], [ 13.737188, -11.6001473 ], [ 13.7375831, -11.6051842 ], [ 13.7375844, -11.6115842 ], [ 13.7379803, -11.6166493 ], [ 13.7375844, -11.6217145 ], [ 13.737583, -11.6282144 ], [ 13.7371854, -11.6332842 ], [ 13.7368875, -11.6376518 ], [ 13.7354946, -11.6468054 ], [ 13.7348071, -11.6507338 ], [ 13.7324374, -11.6580403 ], [ 13.7295128, -11.6651437 ], [ 13.729089, -11.6699389 ], [ 13.7276878, -11.6784768 ], [ 13.7276828, -11.6832539 ], [ 13.7263975, -11.68919 ], [ 13.7257992, -11.6931731 ], [ 13.7240922, -11.6999713 ], [ 13.724685, -11.7083136 ], [ 13.7252827, -11.7166811 ], [ 13.7252884, -11.7239278 ], [ 13.7257827, -11.7267283 ], [ 13.7257845, -11.7333937 ], [ 13.7263826, -11.7393938 ], [ 13.7263841, -11.7439857 ], [ 13.7268765, -11.7500119 ], [ 13.7257876, -11.756576 ], [ 13.7257825, -11.7599364 ], [ 13.7240912, -11.766597 ], [ 13.7249871, -11.7750396 ], [ 13.7257784, -11.7833488 ], [ 13.724987, -11.7915591 ], [ 13.724085, -11.8000497 ], [ 13.724987, -11.8084401 ], [ 13.7257824, -11.8166921 ], [ 13.7257823, -11.8333006 ], [ 13.7248869, -11.841459 ], [ 13.7240994, -11.8498257 ], [ 13.7216705, -11.8554606 ], [ 13.7158317, -11.8663776 ], [ 13.7133089, -11.8820117 ], [ 13.7110524, -11.8877019 ], [ 13.7088448, -11.8926222 ], [ 13.706225, -11.8997787 ], [ 13.7046995, -11.905382 ], [ 13.7038948, -11.9117922 ], [ 13.702798, -11.9164835 ], [ 13.702298, -11.9196776 ], [ 13.6990965, -11.9331949 ], [ 13.6972884, -11.949042 ], [ 13.6968887, -11.9521396 ], [ 13.6955923, -11.9630091 ], [ 13.6949083, -11.9664289 ], [ 13.6930153, -11.9725088 ], [ 13.6921191, -11.9760908 ], [ 13.6896255, -11.9830749 ], [ 13.6880017, -11.9886694 ], [ 13.6871962, -11.9950786 ], [ 13.6856306, -12.0009493 ], [ 13.6824523, -12.0080024 ], [ 13.679632, -12.015157 ], [ 13.6780085, -12.0209338 ], [ 13.6766074, -12.0273356 ], [ 13.6750098, -12.0331275 ], [ 13.6729122, -12.0419163 ], [ 13.6705563, -12.0496711 ], [ 13.6687729, -12.0524652 ], [ 13.6658268, -12.0608695 ], [ 13.6643195, -12.0656923 ], [ 13.6634256, -12.068771 ], [ 13.6602218, -12.0774874 ], [ 13.6588113, -12.0831203 ], [ 13.6564134, -12.0916129 ], [ 13.654198, -12.0998873 ], [ 13.6536891, -12.104431 ], [ 13.6522908, -12.1133201 ], [ 13.6516913, -12.1177156 ], [ 13.6491059, -12.1331283 ], [ 13.6448249, -12.1454745 ], [ 13.6435073, -12.1498393 ], [ 13.6419991, -12.1579712 ], [ 13.6401227, -12.1663654 ], [ 13.6377625, -12.1715774 ], [ 13.632465, -12.182972 ], [ 13.6271787, -12.1942427 ], [ 13.6241697, -12.1996644 ], [ 13.6217466, -12.2056141 ], [ 13.6185431, -12.2135229 ], [ 13.6172556, -12.2168899 ], [ 13.6159086, -12.2195838 ], [ 13.6103503, -12.2272265 ], [ 13.6063177, -12.2328766 ], [ 13.6037375, -12.2373394 ], [ 13.5992589, -12.2428158 ], [ 13.5965922, -12.2467636 ], [ 13.5937449, -12.2494161 ], [ 13.5884973, -12.255058 ], [ 13.582735, -12.2588378 ], [ 13.5789976, -12.2620796 ], [ 13.5703413, -12.2658689 ], [ 13.5669859, -12.2682804 ], [ 13.5596069, -12.2763557 ], [ 13.5540879, -12.2827781 ], [ 13.5520463, -12.2854018 ], [ 13.5494354, -12.2873361 ], [ 13.54281, -12.2925768 ], [ 13.5365449, -12.2954661 ], [ 13.5326105, -12.2980835 ], [ 13.5304145, -12.2993608 ], [ 13.5236987, -12.3070649 ], [ 13.5160194, -12.3160406 ], [ 13.4992152, -12.3329045 ], [ 13.4954957, -12.3462008 ], [ 13.4952945, -12.3497664 ], [ 13.4904764, -12.3572827 ], [ 13.4820577, -12.3656243 ], [ 13.4805542, -12.3683012 ], [ 13.4774598, -12.3778636 ], [ 13.4742553, -12.3828159 ], [ 13.4704783, -12.3872895 ], [ 13.465962, -12.39321 ], [ 13.4633083, -12.3967483 ], [ 13.4603732, -12.3995051 ], [ 13.456324, -12.4066608 ], [ 13.449188, -12.4162369 ], [ 13.4447898, -12.4283901 ], [ 13.4408971, -12.4329348 ], [ 13.4391459, -12.4395817 ], [ 13.4326072, -12.4494384 ], [ 13.4235943, -12.4566879 ], [ 13.416204, -12.4603917 ], [ 13.4131853, -12.4628143 ], [ 13.3994755, -12.4659426 ], [ 13.3926316, -12.4760031 ], [ 13.3827109, -12.4826579 ], [ 13.3744229, -12.4909367 ], [ 13.3660619, -12.4960121 ], [ 13.3640433, -12.4989349 ], [ 13.3575939, -12.5077656 ], [ 13.3493572, -12.5160023 ], [ 13.3407497, -12.5239173 ], [ 13.3326395, -12.5285529 ], [ 13.3313259, -12.5313102 ], [ 13.3272832, -12.5326262 ], [ 13.3222837, -12.539081 ], [ 13.315556, -12.5466736 ], [ 13.3011951, -12.5476741 ], [ 13.2986685, -12.5486545 ], [ 13.2890454, -12.555191 ], [ 13.2829823, -12.5562124 ], [ 13.2770074, -12.5600855 ], [ 13.2665968, -12.5662327 ], [ 13.2544495, -12.5707667 ], [ 13.2494467, -12.574527 ], [ 13.2446587, -12.578007 ], [ 13.2406847, -12.5827806 ], [ 13.2372091, -12.5870285 ], [ 13.2330836, -12.5890454 ], [ 13.2267884, -12.5890454 ], [ 13.2226038, -12.5882538 ], [ 13.2170313, -12.5882454 ], [ 13.2140928, -12.5858579 ], [ 13.2101969, -12.5825946 ], [ 13.2031646, -12.5794717 ], [ 13.1987676, -12.579546 ], [ 13.1854001, -12.5801738 ], [ 13.1816332, -12.5817727 ], [ 13.180013, -12.5858045 ], [ 13.1823077, -12.5915732 ], [ 13.1784364, -12.5981427 ], [ 13.1770065, -12.6038624 ], [ 13.1747315, -12.607272 ], [ 13.1653946, -12.613334 ], [ 13.1563045, -12.6097741 ], [ 13.1498468, -12.6093695 ], [ 13.1450152, -12.6112291 ], [ 13.1358612, -12.6160284 ], [ 13.135597, -12.6166032 ], [ 13.1363246, -12.6204622 ], [ 13.1324933, -12.6262172 ], [ 13.1304865, -12.6306026 ], [ 13.1268063, -12.6325884 ], [ 13.1208691, -12.6370592 ], [ 13.1163111, -12.6373791 ], [ 13.1113099, -12.6449856 ], [ 13.108545, -12.6497277 ], [ 13.1067477, -12.6571599 ], [ 13.1018514, -12.6636235 ], [ 13.0997511, -12.6666233 ], [ 13.0927564, -12.6758525 ], [ 13.088584, -12.6769029 ], [ 13.0827178, -12.6797645 ], [ 13.080822, -12.6821693 ], [ 13.0778517, -12.6877025 ], [ 13.0760015, -12.6930466 ], [ 13.0691868, -12.6993746 ], [ 13.0668686, -12.7012928 ], [ 13.0593091, -12.7091471 ], [ 13.0513635, -12.7141159 ], [ 13.0487832, -12.7162025 ], [ 13.0436309, -12.7272261 ], [ 13.0379539, -12.7328298 ], [ 13.0361368, -12.7363276 ], [ 13.0326779, -12.7399786 ], [ 13.0277169, -12.7437228 ], [ 13.0223176, -12.7433555 ], [ 13.0162478, -12.7449771 ], [ 13.0138504, -12.7472087 ], [ 13.0115158, -12.7495983 ], [ 13.0087732, -12.757723 ], [ 13.0023158, -12.7660392 ], [ 13.0001606, -12.7679991 ], [ 12.9924243, -12.7756355 ], [ 12.9857051, -12.7796872 ], [ 12.9819373, -12.7821351 ], [ 12.9730503, -12.7896211 ], [ 12.9661754, -12.7939072 ], [ 12.963085, -12.7961983 ], [ 12.9576837, -12.7993894 ], [ 12.9541349, -12.8041105 ], [ 12.9493314, -12.8077369 ], [ 12.945942, -12.8126885 ], [ 12.9407365, -12.8159369 ], [ 12.9364726, -12.8197875 ], [ 12.9325706, -12.8234084 ], [ 12.9293196, -12.829562 ], [ 12.9266902, -12.8329317 ], [ 12.9238188, -12.84071 ], [ 12.9159772, -12.8471136 ], [ 12.9148064, -12.8500593 ], [ 12.9142833, -12.8657915 ], [ 12.9131968, -12.8691021 ], [ 12.9131786, -12.8804588 ], [ 12.9114331, -12.8828493 ], [ 12.9068051, -12.8902322 ], [ 12.8993243, -12.8958473 ], [ 12.8973849, -12.8990302 ], [ 12.8954262, -12.9034698 ], [ 12.8937198, -12.910968 ], [ 12.8913018, -12.9165231 ], [ 12.8920149, -12.923979 ], [ 12.8940109, -12.9285108 ], [ 12.895004, -12.9337567 ], [ 12.8973414, -12.935983 ], [ 12.8995093, -12.9382976 ], [ 12.9076446, -12.9411847 ], [ 12.9161938, -12.9452136 ], [ 12.9189707, -12.9475277 ], [ 12.9205259, -12.9503637 ], [ 12.9218046, -12.9562621 ], [ 12.9228004, -12.9598495 ], [ 12.9240577, -12.9666199 ], [ 12.9223938, -12.9731925 ], [ 12.9219873, -12.9769185 ], [ 12.9208212, -12.9830402 ], [ 12.9190536, -12.9861971 ], [ 12.9158288, -12.9955539 ], [ 12.9145558, -12.9990791 ], [ 12.9122005, -13.003299 ], [ 12.9086993, -13.0090019 ], [ 12.904904, -13.0160072 ], [ 12.9014546, -13.0181211 ], [ 12.899252, -13.0217133 ], [ 12.8939755, -13.0274925 ], [ 12.8903909, -13.0327625 ], [ 12.8863921, -13.0364761 ], [ 12.8825457, -13.0425268 ], [ 12.8794282, -13.0463586 ], [ 12.8776324, -13.0495422 ], [ 12.8723489, -13.0559273 ], [ 12.865991, -13.066054 ], [ 12.857039, -13.0735304 ], [ 12.8494986, -13.0785904 ], [ 12.8468544, -13.0802212 ], [ 12.8452531, -13.0828111 ], [ 12.8392715, -13.0892831 ], [ 12.8327297, -13.0942391 ], [ 12.8298286, -13.0965379 ], [ 12.8277829, -13.0994752 ], [ 12.8161866, -13.1110714 ], [ 12.8125256, -13.1124684 ], [ 12.8100918, -13.1160577 ], [ 12.8044044, -13.1210587 ], [ 12.7997917, -13.1246566 ], [ 12.7939351, -13.1230893 ], [ 12.7949061, -13.1165691 ], [ 12.7919862, -13.1083974 ], [ 12.7836164, -13.0998346 ], [ 12.782856, -13.099888 ], [ 12.7749426, -13.108543 ], [ 12.7712201, -13.1167206 ], [ 12.7753626, -13.1245747 ], [ 12.7831458, -13.1285162 ], [ 12.7896067, -13.1273981 ], [ 12.7909527, -13.1329408 ], [ 12.7860774, -13.1360913 ], [ 12.7827364, -13.1402864 ], [ 12.7762376, -13.1425797 ], [ 12.7689587, -13.1493997 ], [ 12.7670139, -13.1512519 ], [ 12.7636021, -13.1523079 ], [ 12.7609542, -13.1493384 ], [ 12.7534495, -13.1458756 ], [ 12.7486155, -13.1466129 ], [ 12.7459551, -13.1497437 ], [ 12.7457864, -13.1533333 ], [ 12.7489614, -13.166285 ], [ 12.7399195, -13.1729722 ], [ 12.7327811, -13.1763083 ], [ 12.729381, -13.1792791 ], [ 12.7255363, -13.1827234 ], [ 12.7211687, -13.1877809 ], [ 12.7161526, -13.1913218 ], [ 12.7115259, -13.1947422 ], [ 12.7059941, -13.1992853 ], [ 12.7015472, -13.201436 ], [ 12.6994112, -13.2037384 ], [ 12.6916193, -13.2081539 ], [ 12.6834823, -13.2168715 ], [ 12.6783712, -13.2204958 ], [ 12.6697037, -13.2192512 ], [ 12.6691345, -13.2201205 ], [ 12.6728198, -13.226311 ], [ 12.6713927, -13.2327328 ], [ 12.6678681, -13.234526 ], [ 12.6660434, -13.2385464 ], [ 12.6597244, -13.2396564 ], [ 12.6553275, -13.2333629 ], [ 12.6602679, -13.2266491 ], [ 12.6640834, -13.2205268 ], [ 12.6663648, -13.2167216 ], [ 12.6660344, -13.2159396 ], [ 12.6535303, -13.2122611 ], [ 12.6488075, -13.213441 ], [ 12.6452023, -13.216261 ], [ 12.6443857, -13.2213874 ], [ 12.6467803, -13.2324585 ], [ 12.6469198, -13.2357806 ], [ 12.6493361, -13.2401536 ], [ 12.6555499, -13.2437415 ], [ 12.6533228, -13.2492681 ], [ 12.6500705, -13.2501845 ], [ 12.6491223, -13.2551764 ], [ 12.6441877, -13.2612396 ], [ 12.6427874, -13.2661339 ], [ 12.637484, -13.2704139 ], [ 12.6328518, -13.2714793 ], [ 12.6270129, -13.2773018 ], [ 12.6252095, -13.283113 ], [ 12.6230115, -13.2919029 ], [ 12.6203927, -13.3000099 ], [ 12.6215429, -13.3057748 ], [ 12.6185124, -13.3140119 ], [ 12.6187512, -13.314575 ], [ 12.6232419, -13.3173735 ], [ 12.6280359, -13.3216036 ], [ 12.6294139, -13.3305866 ], [ 12.6304199, -13.3329399 ], [ 12.6213019, -13.3376911 ], [ 12.6161546, -13.341719 ], [ 12.6115307, -13.3447396 ], [ 12.6064002, -13.3492733 ], [ 12.6001474, -13.3518429 ], [ 12.5932233, -13.3601668 ], [ 12.5901413, -13.3663229 ], [ 12.5884268, -13.3722506 ], [ 12.5848708, -13.380548 ], [ 12.5833318, -13.3831733 ], [ 12.5811786, -13.384293 ], [ 12.5704116, -13.3866413 ], [ 12.5665612, -13.3896017 ], [ 12.5617982, -13.3875754 ], [ 12.5551185, -13.3874471 ], [ 12.5498306, -13.3863077 ], [ 12.5426177, -13.3926427 ], [ 12.537006, -13.3995968 ], [ 12.5356424, -13.4028147 ], [ 12.5324371, -13.4109276 ], [ 12.5306535, -13.4155848 ], [ 12.5280005, -13.4206942 ], [ 12.5248554, -13.4254044 ], [ 12.5231852, -13.4333165 ], [ 12.5245853, -13.4417753 ], [ 12.5255807, -13.4501367 ], [ 12.5260927, -13.4565062 ], [ 12.5276921, -13.462128 ], [ 12.5282595, -13.4665728 ], [ 12.5264926, -13.4724088 ], [ 12.5264764, -13.4771655 ], [ 12.5223374, -13.4830694 ], [ 12.5217886, -13.4891662 ], [ 12.519401, -13.4961529 ], [ 12.5188853, -13.5000948 ], [ 12.5199091, -13.504287 ], [ 12.5218998, -13.5107589 ], [ 12.5229591, -13.5166335 ], [ 12.5217239, -13.5223346 ], [ 12.5158288, -13.5333476 ], [ 12.5221357, -13.5439965 ], [ 12.5236526, -13.5500642 ], [ 12.5223241, -13.5562322 ], [ 12.5167067, -13.5664739 ], [ 12.5198916, -13.5793213 ], [ 12.5204612, -13.5833085 ], [ 12.519595, -13.5869682 ], [ 12.5175886, -13.5980006 ], [ 12.5171798, -13.6006332 ], [ 12.5184737, -13.6139698 ], [ 12.5182789, -13.6177672 ], [ 12.5161795, -13.6332793 ], [ 12.5157788, -13.6499114 ], [ 12.5119962, -13.662767 ], [ 12.5114784, -13.6666157 ], [ 12.5116796, -13.6708257 ], [ 12.5130622, -13.6818971 ], [ 12.5117974, -13.6870549 ], [ 12.5103124, -13.6942801 ], [ 12.5079214, -13.6997769 ], [ 12.5064086, -13.7069993 ], [ 12.5051248, -13.7103603 ], [ 12.5033879, -13.7165431 ], [ 12.5035755, -13.7211689 ], [ 12.5035759, -13.7288689 ], [ 12.5037708, -13.7332655 ], [ 12.5029047, -13.7369222 ], [ 12.4990956, -13.7498687 ], [ 12.4970921, -13.7655613 ], [ 12.4957925, -13.7697941 ], [ 12.4952885, -13.7792718 ], [ 12.49298, -13.782936 ], [ 12.4900111, -13.7902416 ], [ 12.4825129, -13.7975991 ], [ 12.4816936, -13.8000841 ], [ 12.4805331, -13.8140125 ], [ 12.4721839, -13.8159292 ], [ 12.4696384, -13.8190304 ], [ 12.4664863, -13.818405 ], [ 12.4659356, -13.8187726 ], [ 12.46282, -13.8296129 ], [ 12.4563974, -13.832698 ], [ 12.4540751, -13.8375195 ], [ 12.449437, -13.8402366 ], [ 12.4448123, -13.8446466 ], [ 12.43767, -13.8493966 ], [ 12.4355366, -13.8522047 ], [ 12.4328415, -13.8541563 ], [ 12.4244312, -13.8577025 ], [ 12.42314, -13.8660949 ], [ 12.4186807, -13.8686908 ], [ 12.4160384, -13.8722976 ], [ 12.4098231, -13.8765518 ], [ 12.4061594, -13.8829761 ], [ 12.4042645, -13.8880491 ], [ 12.3992191, -13.8958646 ], [ 12.3973041, -13.898789 ], [ 12.3937526, -13.9049917 ], [ 12.3921972, -13.9092569 ], [ 12.384447, -13.9169358 ], [ 12.3824455, -13.9211046 ], [ 12.379308, -13.9295317 ], [ 12.3756998, -13.932763 ], [ 12.3717284, -13.9384077 ], [ 12.3660031, -13.942473 ], [ 12.3635185, -13.9470582 ], [ 12.3615207, -13.9495658 ], [ 12.3572663, -13.9574697 ], [ 12.3492562, -13.9640427 ], [ 12.3482906, -13.9667313 ], [ 12.3490639, -13.9831539 ], [ 12.3435223, -13.9938481 ], [ 12.3385631, -13.999701 ], [ 12.3375973, -14.0049418 ], [ 12.3348047, -14.014022 ], [ 12.3340879, -14.0172011 ], [ 12.3323804, -14.0332442 ], [ 12.3302779, -14.048977 ], [ 12.3301758, -14.0521832 ], [ 12.3288781, -14.063157 ], [ 12.329577, -14.0679344 ], [ 12.3301796, -14.0812395 ], [ 12.3306776, -14.0843422 ], [ 12.3314722, -14.1000375 ], [ 12.3302811, -14.1154222 ], [ 12.3293871, -14.1196011 ], [ 12.3282937, -14.1289282 ], [ 12.32662, -14.1330718 ], [ 12.3246061, -14.1413106 ], [ 12.3219272, -14.1497441 ], [ 12.3201715, -14.1539383 ], [ 12.3159521, -14.1606108 ], [ 12.3133612, -14.1635078 ], [ 12.3116301, -14.1663821 ], [ 12.3113747, -14.1710058 ], [ 12.3109746, -14.1785075 ], [ 12.3107745, -14.1833562 ], [ 12.3110751, -14.1880006 ], [ 12.3114752, -14.1958026 ], [ 12.3117761, -14.2001166 ], [ 12.3120754, -14.2037084 ], [ 12.3125757, -14.21351 ], [ 12.3129735, -14.2180876 ], [ 12.3129747, -14.2305831 ], [ 12.3132763, -14.23452 ], [ 12.3145747, -14.250002 ], [ 12.3151761, -14.2667121 ], [ 12.315781, -14.272364 ], [ 12.3173759, -14.2826349 ], [ 12.3174732, -14.2850669 ], [ 12.3174731, -14.2982493 ], [ 12.3174736, -14.3008689 ], [ 12.3180719, -14.3143422 ], [ 12.3178805, -14.3175005 ], [ 12.3157938, -14.3248629 ], [ 12.3143813, -14.3332795 ], [ 12.3158037, -14.3406751 ], [ 12.3181846, -14.3477289 ], [ 12.318465, -14.3511876 ], [ 12.315788, -14.3631889 ], [ 12.315278, -14.3665613 ], [ 12.3144758, -14.3825676 ], [ 12.3141855, -14.3846964 ], [ 12.3117872, -14.3957923 ], [ 12.3111768, -14.4000438 ], [ 12.3116821, -14.4041764 ], [ 12.3133768, -14.4143472 ], [ 12.3135693, -14.4177149 ], [ 12.3119772, -14.429467 ], [ 12.3117773, -14.4333968 ], [ 12.312397, -14.4368522 ], [ 12.3157507, -14.4500736 ], [ 12.3127848, -14.4651051 ], [ 12.31218, -14.4701338 ], [ 12.3109803, -14.4784316 ], [ 12.3103861, -14.4831847 ], [ 12.3083131, -14.4912791 ], [ 12.3050187, -14.4997699 ], [ 12.303795, -14.5044525 ], [ 12.3019984, -14.5135309 ], [ 12.3009014, -14.5170276 ], [ 12.2990847, -14.5258059 ], [ 12.2982768, -14.5332596 ], [ 12.2967793, -14.5487326 ], [ 12.2960787, -14.552849 ], [ 12.2954792, -14.5629037 ], [ 12.294507, -14.5664034 ], [ 12.2924942, -14.5730582 ], [ 12.2920037, -14.575986 ], [ 12.2887223, -14.583063 ], [ 12.2875074, -14.5880976 ], [ 12.2834111, -14.5995915 ], [ 12.2823937, -14.6035563 ], [ 12.2800949, -14.6154455 ], [ 12.2787974, -14.6200409 ], [ 12.2772009, -14.6278181 ], [ 12.2753953, -14.6331602 ], [ 12.2744785, -14.6415396 ], [ 12.2732792, -14.6499349 ], [ 12.2724775, -14.6566485 ], [ 12.2720778, -14.6602453 ], [ 12.2713061, -14.6663222 ], [ 12.2690505, -14.669609 ], [ 12.2665921, -14.6829567 ], [ 12.2657889, -14.6859814 ], [ 12.2639814, -14.699117 ], [ 12.2634758, -14.7022109 ], [ 12.2644671, -14.7160214 ], [ 12.2641746, -14.7182414 ], [ 12.2657762, -14.733442 ], [ 12.2673778, -14.7485551 ], [ 12.2676502, -14.7505548 ], [ 12.2658393, -14.7556063 ], [ 12.2623283, -14.7628438 ], [ 12.2614235, -14.7663345 ], [ 12.2571407, -14.7747094 ], [ 12.25425, -14.7829742 ], [ 12.2523634, -14.7861608 ], [ 12.2491916, -14.7941767 ], [ 12.24679, -14.7968666 ], [ 12.2446098, -14.799443 ], [ 12.2386731, -14.8052807 ], [ 12.2326414, -14.8101173 ], [ 12.2299189, -14.8135628 ], [ 12.2284384, -14.8161229 ], [ 12.2225812, -14.8225657 ], [ 12.2160188, -14.8269561 ], [ 12.2134799, -14.8319233 ], [ 12.2081575, -14.8407938 ], [ 12.1991847, -14.8496738 ], [ 12.1982724, -14.8667947 ], [ 12.1970818, -14.8822707 ], [ 12.1956007, -14.8866278 ], [ 12.1941063, -14.8947744 ], [ 12.1917288, -14.8997413 ], [ 12.189718, -14.9070578 ], [ 12.1882292, -14.9105346 ], [ 12.1862145, -14.9163751 ], [ 12.185352, -14.9191533 ], [ 12.1825407, -14.923128 ], [ 12.1784621, -14.9285992 ], [ 12.1749659, -14.9327952 ], [ 12.1710378, -14.9379328 ], [ 12.1659082, -14.9455765 ], [ 12.1639938, -14.9487993 ], [ 12.1603026, -14.9550844 ], [ 12.1580822, -14.9585224 ], [ 12.1545092, -14.9664061 ], [ 12.1536789, -14.9711318 ], [ 12.1528769, -14.9794385 ], [ 12.1522737, -14.9833045 ], [ 12.1523721, -14.9867003 ], [ 12.1531711, -14.9959977 ], [ 12.1532699, -15.0000493 ], [ 12.1531721, -15.0040618 ], [ 12.1513896, -15.0141622 ], [ 12.1507432, -15.0166551 ], [ 12.1493055, -15.0185422 ], [ 12.141744, -15.0253429 ], [ 12.1387869, -15.032883 ], [ 12.1359369, -15.0361398 ], [ 12.1326432, -15.0424105 ], [ 12.1276784, -15.0440503 ], [ 12.1183556, -15.0507452 ], [ 12.1181943, -15.0513606 ], [ 12.1220728, -15.0605367 ], [ 12.1221656, -15.0663827 ], [ 12.1196867, -15.0700141 ], [ 12.1158209, -15.0782611 ], [ 12.1145866, -15.0832816 ], [ 12.112477, -15.096641 ], [ 12.1121833, -15.0998607 ], [ 12.1102896, -15.1052891 ], [ 12.1100819, -15.1105978 ], [ 12.1051014, -15.116207 ], [ 12.1035979, -15.1209316 ], [ 12.1013768, -15.1320076 ], [ 12.1018696, -15.1362027 ], [ 12.1019473, -15.1475502 ], [ 12.1042977, -15.1504092 ], [ 12.1047869, -15.155911 ], [ 12.1059769, -15.1599031 ], [ 12.1063555, -15.1664336 ], [ 12.1038501, -15.170702 ], [ 12.0994021, -15.17515 ], [ 12.094982, -15.1779986 ], [ 12.0880246, -15.1825706 ], [ 12.0844845, -15.184391 ], [ 12.0826861, -15.1870072 ], [ 12.0749446, -15.1898147 ], [ 12.0662989, -15.193634 ], [ 12.0626549, -15.1954064 ], [ 12.0494837, -15.1993274 ], [ 12.0424938, -15.2095001 ], [ 12.0390012, -15.2164999 ], [ 12.0401849, -15.2251114 ], [ 12.0421304, -15.2332897 ], [ 12.0395153, -15.2401707 ], [ 12.0386045, -15.2436016 ], [ 12.0365871, -15.2498919 ], [ 12.0363714, -15.2538823 ], [ 12.0353725, -15.2636728 ], [ 12.0350703, -15.2678449 ], [ 12.0357667, -15.279936 ], [ 12.0354768, -15.2834163 ], [ 12.0363044, -15.2874902 ], [ 12.0386886, -15.2939596 ], [ 12.0394673, -15.3000919 ], [ 12.0392697, -15.3068091 ], [ 12.0390701, -15.310002 ], [ 12.0387691, -15.3166405 ], [ 12.0388688, -15.3231561 ], [ 12.0388688, -15.3268561 ], [ 12.0389675, -15.3332783 ], [ 12.0379767, -15.3388357 ], [ 12.0374744, -15.3448448 ], [ 12.0367005, -15.349778 ], [ 12.035378, -15.3524229 ], [ 12.0326623, -15.3569178 ], [ 12.0261609, -15.3594299 ], [ 12.0226141, -15.3663944 ], [ 12.0219716, -15.3729606 ], [ 12.022465, -15.3765842 ], [ 12.0220733, -15.3832418 ], [ 12.0210799, -15.3885124 ], [ 12.0203762, -15.39523 ], [ 12.0195763, -15.3999383 ], [ 12.0192755, -15.4034287 ], [ 12.0167778, -15.4164295 ], [ 12.0157725, -15.4332532 ], [ 12.013274, -15.4487564 ], [ 12.0130688, -15.4526431 ], [ 12.0134674, -15.4654387 ], [ 12.013269, -15.4690114 ], [ 12.0128695, -15.4818893 ], [ 12.0123718, -15.4865701 ], [ 12.0116712, -15.4958739 ], [ 12.0112809, -15.499874 ], [ 12.0093091, -15.5061838 ], [ 12.0084073, -15.5089897 ], [ 12.0061889, -15.516465 ], [ 12.0052741, -15.5227484 ], [ 12.004873, -15.5273524 ], [ 12.0040704, -15.5333094 ], [ 12.0041688, -15.5384866 ], [ 12.0045683, -15.544586 ], [ 12.0046664, -15.5499847 ], [ 12.0038823, -15.5546893 ], [ 12.0020882, -15.5634603 ], [ 12.0012067, -15.567182 ], [ 11.9991528, -15.5722679 ], [ 11.9953433, -15.5790975 ], [ 11.9939121, -15.5830747 ], [ 11.9914962, -15.5911296 ], [ 11.989625, -15.5996916 ], [ 11.9868104, -15.6037693 ], [ 11.9826206, -15.6106858 ], [ 11.9793395, -15.6125315 ], [ 11.9754895, -15.6160682 ], [ 11.9714498, -15.6218956 ], [ 11.9696152, -15.6291504 ], [ 11.967576, -15.6334229 ], [ 11.9660361, -15.6358686 ], [ 11.9580035, -15.6400702 ], [ 11.9559399, -15.6428256 ], [ 11.9505011, -15.6502068 ], [ 11.9475562, -15.6513328 ], [ 11.9335004, -15.6504325 ], [ 11.9249626, -15.6588532 ], [ 11.9260935, -15.6662995 ], [ 11.9208045, -15.6707535 ], [ 11.9161759, -15.6742988 ], [ 11.9107039, -15.6773668 ], [ 11.9062162, -15.6828631 ], [ 11.9037033, -15.6873766 ], [ 11.8993944, -15.693409 ], [ 11.8952164, -15.695069 ], [ 11.8920472, -15.6997011 ], [ 11.8900818, -15.7080931 ], [ 11.8889783, -15.7165064 ], [ 11.8878901, -15.7219468 ], [ 11.8857046, -15.729894 ], [ 11.884428, -15.7337239 ], [ 11.8825334, -15.7377972 ], [ 11.8762114, -15.7432055 ], [ 11.8747463, -15.7495913 ], [ 11.8703949, -15.753659 ], [ 11.8667089, -15.7563163 ], [ 11.8633546, -15.75382 ], [ 11.86353, -15.7500123 ], [ 11.8628409, -15.7452396 ], [ 11.8638211, -15.7370751 ], [ 11.8626574, -15.7330029 ], [ 11.8580875, -15.7253508 ], [ 11.8494414, -15.7187142 ], [ 11.8448376, -15.7158533 ], [ 11.8369288, -15.712604 ], [ 11.8336252, -15.711502 ], [ 11.8256756, -15.7084215 ], [ 11.8169995, -15.7043978 ], [ 11.8124173, -15.7035692 ], [ 11.8007392, -15.7002593 ], [ 11.7981281, -15.7006882 ], [ 11.7884845, -15.7045975 ], [ 11.7828161, -15.7063058 ], [ 11.7785032, -15.7121807 ], [ 11.7761025, -15.7164929 ], [ 11.7768898, -15.7224399 ], [ 11.7794977, -15.7305824 ], [ 11.7804288, -15.7345609 ], [ 11.7825206, -15.7383414 ], [ 11.7881288, -15.7449638 ], [ 11.7912006, -15.7501766 ], [ 11.7894271, -15.7567105 ], [ 11.7858948, -15.7628919 ], [ 11.7834629, -15.7666857 ], [ 11.7748466, -15.7751243 ], [ 11.7704963, -15.7827143 ], [ 11.7672737, -15.7847398 ], [ 11.7625786, -15.786489 ], [ 11.7499178, -15.7824766 ], [ 11.7492044, -15.7830072 ], [ 11.751037, -15.7977924 ], [ 11.7498046, -15.8001691 ], [ 11.7425346, -15.8094335 ], [ 11.7380585, -15.8162683 ], [ 11.7366272, -15.8205253 ], [ 11.7324245, -15.8296401 ], [ 11.7312995, -15.8334114 ], [ 11.7280991, -15.8454121 ], [ 11.726796, -15.849825 ], [ 11.7248896, -15.8579489 ], [ 11.7228886, -15.8664532 ], [ 11.7215889, -15.8722518 ], [ 11.7199902, -15.8789461 ], [ 11.7189781, -15.8833493 ], [ 11.7199924, -15.8877617 ], [ 11.72169, -15.894253 ], [ 11.7229606, -15.9001175 ], [ 11.7225872, -15.9064662 ], [ 11.7159922, -15.9131608 ], [ 11.715011, -15.9145798 ], [ 11.7181912, -15.9242309 ], [ 11.7248016, -15.925148 ], [ 11.7327047, -15.9259007 ], [ 11.7353307, -15.9307906 ], [ 11.7361887, -15.9335551 ], [ 11.7369521, -15.9379446 ], [ 11.7352911, -15.947262 ], [ 11.7367179, -15.950533 ], [ 11.742833, -15.95741 ], [ 11.7494518, -15.9591445 ], [ 11.7529293, -15.9635619 ], [ 11.755057, -15.9668921 ], [ 11.7548799, -15.9720269 ], [ 11.7495779, -15.9765061 ], [ 11.7445766, -15.9774631 ], [ 11.7388182, -15.9828822 ], [ 11.7387012, -15.9834987 ], [ 11.7425909, -15.9905226 ], [ 11.7497294, -15.9960729 ], [ 11.7563294, -15.9948249 ], [ 11.7599174, -15.9938291 ], [ 11.7661028, -15.9926804 ], [ 11.7686107, -15.9991293 ], [ 11.7701918, -16.0046634 ], [ 11.7715916, -16.0110593 ], [ 11.7731936, -16.0168693 ], [ 11.7750058, -16.0243078 ], [ 11.7761112, -16.02723 ], [ 11.7779525, -16.0334326 ], [ 11.7774714, -16.0381471 ], [ 11.776671, -16.044154 ], [ 11.7761715, -16.0499424 ], [ 11.774876, -16.0580139 ], [ 11.7735844, -16.0664584 ], [ 11.7717862, -16.0725654 ], [ 11.7709811, -16.0779787 ], [ 11.7696817, -16.083185 ], [ 11.7696194, -16.0838451 ], [ 11.7951998, -16.1628911 ], [ 11.7958563, -16.1632531 ], [ 11.7946815, -16.1385612 ], [ 11.7943449, -16.1291599 ], [ 11.7932987, -16.119997 ], [ 11.7941046, -16.1064587 ], [ 11.7976379, -16.0816555 ], [ 11.8033428, -16.0602722 ], [ 11.8082628, -16.0322475 ], [ 11.8095531, -16.0198517 ], [ 11.808279, -16.0116081 ], [ 11.8032904, -16.0 ], [ 11.7723684, -15.9443626 ], [ 11.7462978, -15.910141 ], [ 11.7377815, -15.8957348 ], [ 11.7351646, -15.8913097 ], [ 11.7323275, -15.8814373 ], [ 11.7344704, -15.8738651 ], [ 11.741601, -15.8603306 ], [ 11.745182, -15.8380699 ], [ 11.7451897, -15.8295774 ], [ 11.748044, -15.8215485 ], [ 11.761344, -15.8041153 ], [ 11.7675209, -15.7931032 ], [ 11.774642, -15.7857637 ], [ 11.7782602, -15.7837791 ], [ 11.7850828, -15.780035 ], [ 11.7950411, -15.7832565 ], [ 11.8066645, -15.7825785 ], [ 11.8384485, -15.7738781 ], [ 11.8460379, -15.773654 ], [ 11.851017, -15.7768707 ], [ 11.852438, -15.7798567 ], [ 11.8299065, -15.7812185 ], [ 11.8189955, -15.7846537 ], [ 11.8156719, -15.787405 ], [ 11.8123474, -15.7919941 ], [ 11.817873, -15.794672 ], [ 11.8261013, -15.7961359 ], [ 11.8427048, -15.7956886 ], [ 11.8574114, -15.792944 ], [ 11.8756771, -15.7865267 ], [ 11.8830328, -15.7791853 ], [ 11.8911047, -15.7612848 ], [ 11.9069996, -15.745223 ], [ 11.9091368, -15.737649 ], [ 11.9089022, -15.7305326 ], [ 11.9095097, -15.7288856 ], [ 11.9100885, -15.7273188 ], [ 11.9122229, -15.7264023 ], [ 11.9110384, -15.7234173 ], [ 11.9131765, -15.7119398 ], [ 11.9117575, -15.7052813 ], [ 11.9186373, -15.688755 ], [ 11.9307337, -15.6731491 ], [ 11.9390316, -15.6706266 ], [ 11.9584732, -15.6589241 ], [ 11.9611778, -15.6566954 ], [ 11.9696159, -15.6497431 ], [ 11.9826546, -15.6414785 ], [ 11.9855003, -15.6336765 ], [ 11.9916639, -15.625411 ], [ 12.0030413, -15.5969429 ], [ 12.0127583, -15.5815601 ], [ 12.0160751, -15.5714579 ], [ 12.0174961, -15.548727 ], [ 12.0179701, -15.5400019 ], [ 12.0255499, -15.5060186 ], [ 12.0250759, -15.499589 ], [ 12.0298128, -15.4858112 ], [ 12.0317059, -15.4633074 ], [ 12.0274401, -15.4467735 ], [ 12.0312243, -15.4249334 ], [ 12.0321751, -15.419446 ], [ 12.0324106, -15.400156 ], [ 12.0376196, -15.3891315 ], [ 12.0399847, -15.3686934 ], [ 12.0449553, -15.3572102 ], [ 12.0525322, -15.3477936 ], [ 12.0544252, -15.3425112 ], [ 12.0518179, -15.3303375 ], [ 12.0519772, -15.2984867 ], [ 12.0520468, -15.2846336 ], [ 12.0553532, -15.2409925 ], [ 12.0581913, -15.2304268 ], [ 12.0660009, -15.2253733 ], [ 12.0697861, -15.2194004 ], [ 12.0761757, -15.2173319 ], [ 12.0927372, -15.2014799 ], [ 12.0965233, -15.2010202 ], [ 12.0996008, -15.2040052 ], [ 12.1029139, -15.2030859 ], [ 12.1037455, -15.2021399 ], [ 12.1083546, -15.1968822 ], [ 12.1142712, -15.1964216 ], [ 12.1234961, -15.1872301 ], [ 12.1326122, -15.1899099 ], [ 12.1352549, -15.19067 ], [ 12.1410332, -15.194869 ], [ 12.1457453, -15.19384 ], [ 12.1513805, -15.184288 ], [ 12.1562729, -15.1681938 ], [ 12.1560459, -15.1666965 ], [ 12.1523466, -15.151845 ], [ 12.148653, -15.1440458 ], [ 12.1416883, -15.1293364 ], [ 12.1376657, -15.1279602 ], [ 12.1251316, -15.1399097 ], [ 12.1203995, -15.1406002 ], [ 12.1159039, -15.1389933 ], [ 12.1137733, -15.1357784 ], [ 12.1255827, -15.0896006 ], [ 12.1291285, -15.0831671 ], [ 12.1340942, -15.0806379 ], [ 12.1364555, -15.074894 ], [ 12.1459398, -15.073761 ], [ 12.1463394, -15.0712728 ], [ 12.1378717, -15.0670824 ], [ 12.1357412, -15.0634079 ], [ 12.1369209, -15.0581236 ], [ 12.143218, -15.0518408 ], [ 12.1459045, -15.04916 ], [ 12.1485033, -15.0424967 ], [ 12.1683588, -15.0234194 ], [ 12.1707182, -15.0149183 ], [ 12.1700048, -15.0087147 ], [ 12.1638603, -15.0 ], [ 12.1607742, -14.9956236 ], [ 12.1593523, -14.9905701 ], [ 12.1664371, -14.9744825 ], [ 12.1678486, -14.9625359 ], [ 12.1718655, -14.9563303 ], [ 12.1756449, -14.9533405 ], [ 12.1865215, -14.9535656 ], [ 12.1900654, -14.9501181 ], [ 12.1980925, -14.933341 ], [ 12.2004423, -14.9128904 ], [ 12.2035065, -14.9002485 ], [ 12.2041054, -14.8998566 ], [ 12.2122478, -14.8945007 ], [ 12.2134266, -14.8905935 ], [ 12.2075043, -14.874054 ], [ 12.2119732, -14.8448696 ], [ 12.2235432, -14.8322239 ], [ 12.2384319, -14.8324432 ], [ 12.2429209, -14.8306017 ], [ 12.2526016, -14.8211727 ], [ 12.2589693, -14.8061838 ], [ 12.262269, -14.7984161 ], [ 12.2646189, -14.7855453 ], [ 12.2712231, -14.7731314 ], [ 12.2773619, -14.7692194 ], [ 12.2813692, -14.7595644 ], [ 12.2891569, -14.7512856 ], [ 12.289381, -14.7397938 ], [ 12.2820463, -14.729229 ], [ 12.2844038, -14.7239418 ], [ 12.2749338, -14.7037258 ], [ 12.2744513, -14.6938448 ], [ 12.2777481, -14.6835003 ], [ 12.2812881, -14.6811991 ], [ 12.2858181, -14.673893 ], [ 12.2874193, -14.6713114 ], [ 12.29568, -14.6660175 ], [ 12.297328, -14.6609602 ], [ 12.2956638, -14.6508493 ], [ 12.2977819, -14.6439524 ], [ 12.2937489, -14.6271791 ], [ 12.2939806, -14.6225824 ], [ 12.3001137, -14.6168308 ], [ 12.30268, -14.5890188 ], [ 12.3052673, -14.5795927 ], [ 12.303607, -14.5729284 ], [ 12.3102102, -14.5664873 ], [ 12.3107805, -14.5592937 ], [ 12.311142, -14.5547638 ], [ 12.315383, -14.5474043 ], [ 12.3160686, -14.5285568 ], [ 12.3214874, -14.5191269 ], [ 12.3254681, -14.4920006 ], [ 12.3304186, -14.4871683 ], [ 12.3318243, -14.4788923 ], [ 12.3388872, -14.4644032 ], [ 12.3407516, -14.4455519 ], [ 12.3438177, -14.4443998 ], [ 12.3459444, -14.4464645 ], [ 12.3490009, -14.4377279 ], [ 12.3492279, -14.4306021 ], [ 12.3527594, -14.4243917 ], [ 12.3572178, -14.4053068 ], [ 12.355319, -14.3968039 ], [ 12.3601913, -14.3754215 ], [ 12.3607149, -14.3731203 ], [ 12.3587961, -14.3494444 ], [ 12.3542995, -14.3391047 ], [ 12.3575964, -14.3335838 ], [ 12.3606491, -14.3234653 ], [ 12.3684273, -14.3193188 ], [ 12.3710089, -14.30966 ], [ 12.3660402, -14.2979412 ], [ 12.3716965, -14.2928772 ], [ 12.3716879, -14.2882786 ], [ 12.365777, -14.2774811 ], [ 12.3690748, -14.2744884 ], [ 12.3810978, -14.2714853 ], [ 12.3795605, -14.2638407 ], [ 12.3624659, -14.2703581 ], [ 12.3575106, -14.2680635 ], [ 12.3560896, -14.2636986 ], [ 12.359374, -14.2505903 ], [ 12.3591318, -14.2453032 ], [ 12.3528013, -14.235096 ], [ 12.3494415, -14.2296801 ], [ 12.3390522, -14.2165871 ], [ 12.3376331, -14.2131395 ], [ 12.3392744, -14.2060108 ], [ 12.3354816, -14.1894617 ], [ 12.3371258, -14.1841717 ], [ 12.3447437, -14.178091 ], [ 12.3465958, -14.1791477 ], [ 12.3437271, -14.1843948 ], [ 12.3456163, -14.1871519 ], [ 12.3505688, -14.1878357 ], [ 12.3581095, -14.185298 ], [ 12.3649368, -14.1781626 ], [ 12.3684626, -14.1703405 ], [ 12.3696299, -14.1616039 ], [ 12.3727522, -14.1528378 ], [ 12.3731518, -14.1517115 ], [ 12.3643904, -14.1222935 ], [ 12.3584814, -14.1091948 ], [ 12.3565817, -14.0986204 ], [ 12.3572702, -14.0843639 ], [ 12.3615017, -14.0765409 ], [ 12.3647776, -14.0588331 ], [ 12.3675985, -14.0546904 ], [ 12.3753748, -14.0535316 ], [ 12.3833742, -14.0445547 ], [ 12.387248, -14.0436993 ], [ 12.3881044, -14.0407372 ], [ 12.3876066, -14.0383406 ], [ 12.3944225, -14.0277548 ], [ 12.3953524, -14.0174065 ], [ 12.4005089, -13.999464 ], [ 12.4030714, -13.9794559 ], [ 12.4084673, -13.9647322 ], [ 12.4141073, -13.955987 ], [ 12.4202232, -13.9502296 ], [ 12.4232874, -13.9516048 ], [ 12.4265795, -13.9474611 ], [ 12.4249239, -13.9435549 ], [ 12.428442, -13.9341211 ], [ 12.4279613, -13.9279137 ], [ 12.4206152, -13.8989487 ], [ 12.4220066, -13.8846893 ], [ 12.4257603, -13.8757162 ], [ 12.4337683, -13.8763943 ], [ 12.435462, -13.8760366 ], [ 12.4622517, -13.8703737 ], [ 12.4697914, -13.8726616 ], [ 12.4749603, -13.8662148 ], [ 12.4862642, -13.8666573 ], [ 12.494503, -13.8648033 ], [ 12.4869881, -13.8763142 ], [ 12.48911, -13.8772306 ], [ 12.4938173, -13.8763027 ], [ 12.4985304, -13.8779049 ], [ 12.5067682, -13.8755913 ], [ 12.5117207, -13.8792629 ], [ 12.5145416, -13.876729 ], [ 12.524868, -13.8585434 ], [ 12.5236759, -13.8509569 ], [ 12.5281382, -13.8447399 ], [ 12.5271912, -13.8424416 ], [ 12.5217752, -13.8417616 ], [ 12.5203466, -13.8339453 ], [ 12.525279, -13.8274965 ], [ 12.5255089, -13.8247395 ], [ 12.5205536, -13.8189955 ], [ 12.5212545, -13.8162355 ], [ 12.524313, -13.8148508 ], [ 12.5285511, -13.8155327 ], [ 12.5299606, -13.8134613 ], [ 12.5285387, -13.8086338 ], [ 12.5257101, -13.8067989 ], [ 12.5224018, -13.8003654 ], [ 12.5259209, -13.7941504 ], [ 12.5226097, -13.7861071 ], [ 12.5251884, -13.7805824 ], [ 12.5235119, -13.7658672 ], [ 12.5265579, -13.758503 ], [ 12.5246668, -13.7539062 ], [ 12.5284138, -13.7446985 ], [ 12.5319376, -13.7407846 ], [ 12.5312271, -13.7384863 ], [ 12.5279293, -13.737112 ], [ 12.5269775, -13.7322845 ], [ 12.5309534, -13.7193975 ], [ 12.529767, -13.7138805 ], [ 12.5339756, -13.700304 ], [ 12.5360689, -13.6876507 ], [ 12.5325289, -13.6821365 ], [ 12.531333, -13.6724796 ], [ 12.5331964, -13.6623564 ], [ 12.5364819, -13.6582108 ], [ 12.5355272, -13.6513128 ], [ 12.5397539, -13.6467056 ], [ 12.540452, -13.6430244 ], [ 12.540163, -13.6400509 ], [ 12.5394917, -13.6331358 ], [ 12.5373631, -13.6276197 ], [ 12.5319481, -13.6255598 ], [ 12.5305319, -13.6234922 ], [ 12.531229, -13.6188908 ], [ 12.5361624, -13.6154318 ], [ 12.5314388, -13.6060085 ], [ 12.5373154, -13.60324 ], [ 12.5370741, -13.6002502 ], [ 12.5340052, -13.5951958 ], [ 12.5499783, -13.5832071 ], [ 12.5527735, -13.5694017 ], [ 12.551589, -13.5657234 ], [ 12.5431108, -13.5606794 ], [ 12.5421667, -13.5588408 ], [ 12.5438099, -13.5569973 ], [ 12.5534506, -13.5560598 ], [ 12.555562, -13.5530663 ], [ 12.5550833, -13.5489264 ], [ 12.5501413, -13.5477858 ], [ 12.5484886, -13.5447989 ], [ 12.544487, -13.5427361 ], [ 12.5416536, -13.537221 ], [ 12.541173, -13.5323915 ], [ 12.5474987, -13.5201902 ], [ 12.5448999, -13.5142155 ], [ 12.5509958, -13.5047722 ], [ 12.5505142, -13.4994831 ], [ 12.5457954, -13.4914408 ], [ 12.5361471, -13.4880075 ], [ 12.5354366, -13.4857092 ], [ 12.5401201, -13.4758101 ], [ 12.5401134, -13.4725885 ], [ 12.5361137, -13.4712172 ], [ 12.5351667, -13.4677687 ], [ 12.5403099, -13.4530382 ], [ 12.539834, -13.4495888 ], [ 12.5370121, -13.4495935 ], [ 12.533947, -13.4449987 ], [ 12.5292387, -13.4422474 ], [ 12.5357981, -13.4300442 ], [ 12.532485, -13.4190092 ], [ 12.5341187, -13.4127951 ], [ 12.5367031, -13.4121008 ], [ 12.5447025, -13.4157667 ], [ 12.5468168, -13.4150724 ], [ 12.5493956, -13.4111576 ], [ 12.5528975, -13.3991899 ], [ 12.5573568, -13.395731 ], [ 12.5590038, -13.3964186 ], [ 12.5606632, -13.4030857 ], [ 12.5632544, -13.405611 ], [ 12.5658398, -13.4051466 ], [ 12.5707588, -13.397316 ], [ 12.575223, -13.3956985 ], [ 12.5796785, -13.3917789 ], [ 12.5860271, -13.3919964 ], [ 12.591424, -13.3873844 ], [ 12.6010418, -13.3786249 ], [ 12.6071224, -13.36481 ], [ 12.6132135, -13.3553667 ], [ 12.619545, -13.3493729 ], [ 12.6392727, -13.3431215 ], [ 12.6500587, -13.3327456 ], [ 12.6505203, -13.3290644 ], [ 12.6486254, -13.3228569 ], [ 12.6521282, -13.3136482 ], [ 12.6422796, -13.2920351 ], [ 12.6419706, -13.291357 ], [ 12.6377296, -13.2865353 ], [ 12.6398411, -13.2851505 ], [ 12.6497211, -13.2897301 ], [ 12.6539507, -13.2899504 ], [ 12.6614571, -13.2844124 ], [ 12.6546144, -13.2722359 ], [ 12.654129, -13.2657957 ], [ 12.6581011, -13.2570448 ], [ 12.6620893, -13.2542763 ], [ 12.67313, -13.2537909 ], [ 12.6949377, -13.2374077 ], [ 12.7055035, -13.2343922 ], [ 12.7071524, -13.2317905 ], [ 12.709012, -13.2288628 ], [ 12.710165, -13.2205782 ], [ 12.7089691, -13.2122993 ], [ 12.7110748, -13.2095337 ], [ 12.7138987, -13.2113676 ], [ 12.7195797, -13.2272263 ], [ 12.7235765, -13.2290573 ], [ 12.7315655, -13.2288074 ], [ 12.7465677, -13.2170382 ], [ 12.7509871, -13.2011538 ], [ 12.7549782, -13.2004528 ], [ 12.7582588, -13.1976843 ], [ 12.7636642, -13.1983585 ], [ 12.7706966, -13.193511 ], [ 12.7784462, -13.1927996 ], [ 12.7826633, -13.1888781 ], [ 12.7875748, -13.1819639 ], [ 12.7926865, -13.1619358 ], [ 12.7978258, -13.1531792 ], [ 12.8137503, -13.137722 ], [ 12.8273706, -13.1376839 ], [ 12.8290091, -13.1358395 ], [ 12.8318148, -13.13169 ], [ 12.8352985, -13.119257 ], [ 12.843029, -13.1130238 ], [ 12.8488903, -13.1102457 ], [ 12.8556986, -13.1093063 ], [ 12.8631945, -13.1037626 ], [ 12.8728199, -13.1032743 ], [ 12.8777218, -13.0940571 ], [ 12.8825998, -13.0779381 ], [ 12.8896189, -13.0700951 ], [ 12.8917046, -13.0620375 ], [ 12.898488, -13.0541925 ], [ 12.9050503, -13.050952 ], [ 12.9062719, -13.0475435 ], [ 12.907609, -13.0438128 ], [ 12.913703, -13.040803 ], [ 12.9176788, -13.0361891 ], [ 12.9209347, -13.0272064 ], [ 12.9307632, -13.0182018 ], [ 12.9401407, -13.0144911 ], [ 12.9466705, -13.0022764 ], [ 12.9600086, -12.9907293 ], [ 12.9646778, -12.9835815 ], [ 12.9710207, -12.9851713 ], [ 12.9738321, -12.9837818 ], [ 12.9782648, -12.9761744 ], [ 12.9787064, -12.9685802 ], [ 12.9765654, -12.9603052 ], [ 12.9751759, -12.9575787 ], [ 12.9647465, -12.9371071 ], [ 12.9654369, -12.9329643 ], [ 12.9744759, -12.9227629 ], [ 12.9726725, -12.9193411 ], [ 12.9668055, -12.921916 ], [ 12.9592943, -12.9214802 ], [ 12.9522142, -12.90977 ], [ 12.9514875, -12.9035606 ], [ 12.9540405, -12.8952694 ], [ 12.9516773, -12.8902149 ], [ 12.9592981, -12.87644 ], [ 12.9462671, -12.886322 ], [ 12.935854, -12.8603563 ], [ 12.935338, -12.8467836 ], [ 12.9374208, -12.8384943 ], [ 12.9411488, -12.8311195 ], [ 12.9469957, -12.8260384 ], [ 12.9729939, -12.814909 ], [ 12.9792767, -12.8010826 ], [ 12.980463, -12.8002005 ], [ 12.99261, -12.7911444 ], [ 13.0077848, -12.7719946 ], [ 13.0133944, -12.7669134 ], [ 13.0253372, -12.76227 ], [ 13.0444918, -12.7424145 ], [ 13.0585365, -12.7356901 ], [ 13.0657787, -12.7289925 ], [ 13.0735188, -12.7163496 ], [ 13.075099, -12.7137709 ], [ 13.0800056, -12.7093811 ], [ 13.0970993, -12.7037935 ], [ 13.111083, -12.6832638 ], [ 13.1164551, -12.6784105 ], [ 13.125823, -12.6758432 ], [ 13.139142, -12.6652069 ], [ 13.1377335, -12.6645222 ], [ 13.1411695, -12.6454105 ], [ 13.1439552, -12.638957 ], [ 13.1584415, -12.6280851 ], [ 13.1635609, -12.6193209 ], [ 13.1780577, -12.6109791 ], [ 13.1852827, -12.6017456 ], [ 13.1909412, -12.5975089 ], [ 13.1909558, -12.5973703 ], [ 13.1948624, -12.594573 ], [ 13.1990757, -12.5934048 ], [ 13.2000179, -12.5947809 ], [ 13.198184, -12.6039934 ], [ 13.2012577, -12.6099625 ], [ 13.2026758, -12.6124878 ], [ 13.2066698, -12.6147728 ], [ 13.2162867, -12.6161127 ], [ 13.2242403, -12.612627 ], [ 13.2275286, -12.6142244 ], [ 13.2282476, -12.6176729 ], [ 13.2306004, -12.6197329 ], [ 13.2348242, -12.620636 ], [ 13.2553844, -12.6062813 ], [ 13.2635555, -12.5991135 ], [ 13.2651454, -12.5905783 ], [ 13.2604408, -12.5846291 ], [ 13.260664, -12.5823278 ], [ 13.2644062, -12.5807009 ], [ 13.2754335, -12.5836439 ], [ 13.2796717, -12.5875359 ], [ 13.2827225, -12.588213 ], [ 13.2953367, -12.5796432 ], [ 13.2997847, -12.5784721 ], [ 13.3002758, -12.5830717 ], [ 13.3028774, -12.5881224 ], [ 13.3021975, -12.5927277 ], [ 13.3043203, -12.5957098 ], [ 13.312541, -12.5993538 ], [ 13.324069, -12.6082745 ], [ 13.3449268, -12.6077185 ], [ 13.3615274, -12.5995855 ], [ 13.3942299, -12.5780306 ], [ 13.400526, -12.5717869 ], [ 13.4067907, -12.5597916 ], [ 13.4137678, -12.5496321 ], [ 13.4216995, -12.5426903 ], [ 13.4555779, -12.5241127 ], [ 13.4670038, -12.5136995 ], [ 13.4834719, -12.4830112 ], [ 13.4852972, -12.4740276 ], [ 13.4845543, -12.4666681 ], [ 13.481699, -12.4586306 ], [ 13.477684, -12.4526672 ], [ 13.4797812, -12.4505854 ], [ 13.4825907, -12.4503412 ], [ 13.489151, -12.4505367 ], [ 13.4931068, -12.4456844 ], [ 13.4907455, -12.4427052 ], [ 13.4821053, -12.4473524 ], [ 13.4795113, -12.4441442 ], [ 13.4811249, -12.4393034 ], [ 13.486742, -12.4383535 ], [ 13.4925661, -12.4325705 ], [ 13.4948702, -12.4256554 ], [ 13.4930897, -12.4213877 ], [ 13.486248, -12.433754 ], [ 13.482954, -12.4310102 ], [ 13.4857149, -12.4220219 ], [ 13.5115061, -12.3846092 ], [ 13.5170431, -12.3696222 ], [ 13.5319338, -12.3522854 ], [ 13.5356474, -12.3465128 ], [ 13.5573177, -12.3277569 ], [ 13.5832291, -12.3108215 ], [ 13.5850449, -12.3118038 ], [ 13.5840597, -12.3146 ], [ 13.5680714, -12.3249369 ], [ 13.5531626, -12.3383646 ], [ 13.5520134, -12.3420525 ], [ 13.5532131, -12.3471079 ], [ 13.5492554, -12.3512716 ], [ 13.544116, -12.3533707 ], [ 13.5425081, -12.358902 ], [ 13.5434589, -12.3614283 ], [ 13.546032, -12.3607225 ], [ 13.548564, -12.353116 ], [ 13.5563145, -12.356986 ], [ 13.5626421, -12.357872 ], [ 13.5654345, -12.3548651 ], [ 13.5647163, -12.352108 ], [ 13.5600204, -12.3500624 ], [ 13.5607138, -12.3484478 ], [ 13.5719395, -12.3458557 ], [ 13.5780077, -12.3426008 ], [ 13.5831308, -12.3377399 ], [ 13.5984268, -12.3107319 ], [ 13.606102, -12.3021746 ], [ 13.6132708, -12.2871771 ], [ 13.6211758, -12.2779274 ], [ 13.6227083, -12.2768068 ], [ 13.6290998, -12.27213 ], [ 13.6362762, -12.2585115 ], [ 13.6493082, -12.2460108 ], [ 13.6544037, -12.2370071 ], [ 13.6554823, -12.222043 ], [ 13.6535406, -12.2105494 ], [ 13.6542025, -12.2041016 ], [ 13.6620703, -12.1893291 ], [ 13.6669064, -12.1764135 ], [ 13.6720181, -12.1569948 ], [ 13.6728516, -12.1538277 ], [ 13.6732597, -12.1441603 ], [ 13.6830311, -12.135128 ], [ 13.6863012, -12.1341887 ], [ 13.6904879, -12.130022 ], [ 13.6949253, -12.1288452 ], [ 13.6984091, -12.1246815 ], [ 13.7106533, -12.0997562 ], [ 13.7122107, -12.0870895 ], [ 13.7108889, -12.0629349 ], [ 13.712471, -12.0541811 ], [ 13.7164059, -12.0474844 ], [ 13.7221842, -12.0366325 ], [ 13.7227917, -12.0216722 ], [ 13.7268667, -12.0004759 ], [ 13.732172, -11.9889383 ], [ 13.7391253, -11.9792299 ], [ 13.7547112, -11.9664783 ], [ 13.762125, -11.9558468 ], [ 13.7679663, -11.9192209 ], [ 13.7760477, -11.9035215 ], [ 13.7778711, -11.8963776 ], [ 13.7771177, -11.8885574 ], [ 13.7796278, -11.8791075 ], [ 13.7769079, -11.8563423 ], [ 13.7821703, -11.8329821 ], [ 13.7823591, -11.8321447 ], [ 13.7872124, -11.8238306 ], [ 13.7934151, -11.8074522 ], [ 13.7952909, -11.7729216 ], [ 13.7954636, -11.7637157 ], [ 13.7900314, -11.7193356 ], [ 13.785944, -11.701642 ], [ 13.7893858, -11.6921854 ], [ 13.7830725, -11.655405 ], [ 13.7829142, -11.648303 ], [ 13.7827396, -11.6404495 ], [ 13.7860909, -11.6171856 ], [ 13.7837009, -11.6089163 ], [ 13.7725868, -11.5875835 ], [ 13.769948, -11.5767851 ], [ 13.770854, -11.5724068 ], [ 13.7838535, -11.5608196 ], [ 13.7868557, -11.5557365 ], [ 13.7879801, -11.5492878 ], [ 13.7852497, -11.5321951 ], [ 13.7814083, -11.5081367 ], [ 13.782732, -11.4963922 ], [ 13.7880068, -11.4820919 ], [ 13.7870636, -11.4807167 ], [ 13.788372, -11.466671 ], [ 13.7950459, -11.4521322 ], [ 13.7966309, -11.4447575 ], [ 13.7939348, -11.4252148 ], [ 13.7961178, -11.4204702 ], [ 13.7980766, -11.416214 ], [ 13.8020754, -11.3858128 ], [ 13.8024931, -11.3784466 ], [ 13.7960491, -11.3563957 ], [ 13.8010292, -11.3333521 ], [ 13.8061018, -11.3243456 ], [ 13.8116617, -11.3185577 ], [ 13.8240213, -11.3177881 ], [ 13.8303003, -11.3149862 ], [ 13.8281775, -11.3115482 ], [ 13.8233995, -11.2598028 ], [ 13.8244839, -11.2473698 ], [ 13.8345985, -11.2256737 ], [ 13.8357162, -11.2185345 ], [ 13.8342333, -11.2061167 ], [ 13.836956, -11.1948233 ], [ 13.8367205, -11.1920099 ], [ 13.8361959, -11.185854 ], [ 13.8349543, -11.1745863 ], [ 13.8358364, -11.1669874 ], [ 13.8491488, -11.1015491 ], [ 13.849534, -11.0989475 ], [ 13.8529377, -11.075983 ], [ 13.8552275, -11.0356989 ], [ 13.8607655, -11.027379 ], [ 13.8650627, -11.008482 ], [ 13.8594913, -10.9753141 ], [ 13.8592329, -10.9737749 ], [ 13.8511238, -10.9459858 ], [ 13.8421459, -10.9274063 ], [ 13.8315516, -10.910677 ], [ 13.7972527, -10.8664885 ], [ 13.7666712, -10.8190498 ], [ 13.7546968, -10.8037081 ], [ 13.7382917, -10.7870121 ], [ 13.7377005, -10.7859831 ], [ 13.7272282, -10.7677517 ], [ 13.7234411, -10.7578812 ], [ 13.7241039, -10.7523556 ], [ 13.7266512, -10.7502689 ], [ 13.7343245, -10.7488422 ], [ 13.7387285, -10.7458239 ], [ 13.7447033, -10.733593 ], [ 13.7551165, -10.7240953 ], [ 13.7636995, -10.7199001 ], [ 13.7699528, -10.71457 ], [ 13.777524, -10.6977262 ], [ 13.7783937, -10.6882877 ], [ 13.7747784, -10.6692133 ], [ 13.7613869, -10.6495094 ], [ 13.7274942, -10.6085081 ], [ 13.7123804, -10.5902185 ], [ 13.6535778, -10.5231562 ], [ 13.6470299, -10.5106497 ], [ 13.6420488, -10.5011368 ], [ 13.6230736, -10.4780092 ], [ 13.5919657, -10.447587 ], [ 13.5576282, -10.4212661 ], [ 13.5573997, -10.4210911 ], [ 13.5363588, -10.4005003 ], [ 13.5288677, -10.3911095 ], [ 13.5288448, -10.3871965 ], [ 13.5447512, -10.3631859 ], [ 13.5474787, -10.3523579 ], [ 13.5467319, -10.3436203 ], [ 13.5368032, -10.3139973 ], [ 13.5366735, -10.313118 ], [ 13.5341454, -10.2958384 ], [ 13.5247574, -10.2793264 ], [ 13.5191402, -10.2722235 ], [ 13.4929857, -10.2486687 ], [ 13.4950562, -10.244977 ], [ 13.4985428, -10.2451887 ], [ 13.521452, -10.2681122 ], [ 13.5260706, -10.2698803 ], [ 13.5263462, -10.2687149 ], [ 13.5202284, -10.2588768 ], [ 13.5141506, -10.2524672 ], [ 13.493619, -10.2369337 ], [ 13.4889574, -10.2344255 ], [ 13.4821806, -10.2271013 ], [ 13.4563999, -10.1851377 ], [ 13.455451, -10.1814623 ], [ 13.4602928, -10.1745367 ], [ 13.4605045, -10.1703939 ], [ 13.4541178, -10.1563988 ], [ 13.4480457, -10.1430845 ], [ 13.4465809, -10.1292906 ], [ 13.4393225, -10.1182871 ], [ 13.4113877, -10.0905533 ], [ 13.4020425, -10.0813327 ], [ 13.3900919, -10.0736742 ], [ 13.3769627, -10.0605497 ], [ 13.365819, -10.0494108 ], [ 13.361146, -10.0432224 ], [ 13.3606272, -10.0324144 ], [ 13.3575716, -10.0246096 ], [ 13.3466004, -10.0129308 ], [ 13.3312454, -9.999999 ], [ 13.313735, -9.9852524 ], [ 13.3125563, -9.9818087 ], [ 13.3141584, -9.9772005 ], [ 13.3301678, -9.9721737 ], [ 13.3320045, -9.9715967 ], [ 13.3391857, -9.9681129 ], [ 13.3442678, -9.963028 ], [ 13.3469849, -9.9492168 ], [ 13.3446131, -9.9386463 ], [ 13.3233347, -9.906085 ], [ 13.3174763, -9.8943834 ], [ 13.3153505, -9.8865738 ], [ 13.3192158, -9.8699942 ], [ 13.3189478, -9.8624086 ], [ 13.3082676, -9.8450994 ], [ 13.2698526, -9.7828245 ], [ 13.2525845, -9.7601328 ], [ 13.235939, -9.7413549 ], [ 13.2211123, -9.7246218 ], [ 13.2082834, -9.7081184 ], [ 13.2019625, -9.6943464 ], [ 13.1993589, -9.682169 ], [ 13.2018871, -9.6771011 ], [ 13.216239, -9.6712894 ], [ 13.2303438, -9.6627207 ], [ 13.2358828, -9.6569471 ], [ 13.2404814, -9.6486492 ], [ 13.2406108, -9.6479095 ], [ 13.2422856, -9.6382454 ], [ 13.2415552, -9.6295595 ], [ 13.2364035, -9.6178522 ], [ 13.2179432, -9.5852766 ], [ 13.1941643, -9.553875 ], [ 13.1953077, -9.5504217 ], [ 13.1971998, -9.5501247 ], [ 13.2013285, -9.5494763 ], [ 13.2031727, -9.5469389 ], [ 13.2026834, -9.541193 ], [ 13.2019787, -9.5388975 ], [ 13.2065744, -9.530138 ], [ 13.2072496, -9.5253067 ], [ 13.2042017, -9.5175018 ], [ 13.1899738, -9.4959469 ], [ 13.1817923, -9.4794226 ], [ 13.17945, -9.4733763 ], [ 13.1766367, -9.4661093 ], [ 13.1767187, -9.4309311 ], [ 13.1728792, -9.3996763 ], [ 13.1693258, -9.3812962 ], [ 13.162076, -9.3647728 ], [ 13.1587877, -9.3544397 ], [ 13.1590023, -9.350069 ], [ 13.1559525, -9.3406582 ], [ 13.1364145, -9.31388 ], [ 13.1310301, -9.3064995 ], [ 13.1030397, -9.2553415 ], [ 13.0813322, -9.2110529 ], [ 13.0755997, -9.2030897 ], [ 13.0631809, -9.1858349 ], [ 13.0438538, -9.1551018 ], [ 13.0039577, -9.0987167 ], [ 12.9998875, -9.0929613 ], [ 12.9947615, -9.0828657 ], [ 12.9933462, -9.0755148 ], [ 12.9982939, -9.0364227 ], [ 13.000123, -9.0306702 ], [ 13.0045033, -9.0260553 ], [ 13.0176744, -9.0223322 ], [ 13.0218143, -9.0161104 ], [ 13.0257072, -9.0052958 ], [ 13.0215187, -8.9986439 ], [ 13.0244961, -8.990818 ], [ 13.030673, -8.9726391 ], [ 13.0364199, -8.9631929 ], [ 13.049798, -8.9539518 ], [ 13.0576258, -8.944499 ], [ 13.0716839, -8.9322662 ], [ 13.0801964, -8.9214325 ], [ 13.0915022, -8.9149532 ], [ 13.0981522, -8.9013672 ], [ 13.102993, -8.8969831 ], [ 13.1037331, -8.8966713 ], [ 13.1113005, -8.8935022 ], [ 13.1161385, -8.8888855 ], [ 13.1264782, -8.8734484 ], [ 13.141242, -8.8655767 ], [ 13.1465549, -8.8644056 ], [ 13.1474934, -8.8678493 ], [ 13.1454287, -8.8713045 ], [ 13.1408157, -8.8743095 ], [ 13.1383266, -8.8869619 ], [ 13.1200895, -8.8943872 ], [ 13.1161871, -8.9010696 ], [ 13.1120262, -8.9015446 ], [ 13.1101923, -8.9052296 ], [ 13.1104383, -8.9089041 ], [ 13.1047602, -8.9095793 ], [ 13.1023598, -8.9121523 ], [ 13.1012373, -8.9206619 ], [ 13.0998545, -8.9222755 ], [ 13.0929203, -8.9227619 ], [ 13.0835047, -8.9391165 ], [ 13.0765734, -8.9412117 ], [ 13.0597467, -8.9550648 ], [ 13.0477819, -8.9709673 ], [ 13.048955, -8.9757891 ], [ 13.0390205, -8.9783545 ], [ 13.028203, -8.9924135 ], [ 13.0293808, -8.9983854 ], [ 13.0337811, -8.9997501 ], [ 13.0351858, -9.0041103 ], [ 13.0232439, -9.0271397 ], [ 13.0160913, -9.0322227 ], [ 13.0121775, -9.0372915 ], [ 13.0103493, -9.0435057 ], [ 13.0110731, -9.0520067 ], [ 13.006484, -9.0619059 ], [ 13.012063, -9.0690145 ], [ 13.0090733, -9.0745392 ], [ 13.0111971, -9.0855665 ], [ 13.0119209, -9.0871525 ], [ 13.0132971, -9.0901575 ], [ 13.0183964, -9.0931263 ], [ 13.021863, -9.0912752 ], [ 13.0246191, -9.0859785 ], [ 13.0280399, -9.0724049 ], [ 13.0430222, -9.057869 ], [ 13.0529413, -9.0507069 ], [ 13.0593805, -9.0408001 ], [ 13.0786505, -8.9986649 ], [ 13.0803404, -8.9971399 ], [ 13.0809565, -8.9965878 ], [ 13.0887384, -8.9763317 ], [ 13.099761, -8.9562922 ], [ 13.1043644, -8.9512186 ], [ 13.1154575, -8.9497957 ], [ 13.1233263, -8.9504547 ], [ 13.1351423, -8.9561548 ], [ 13.1418524, -8.9565878 ], [ 13.1457729, -8.954504 ], [ 13.148057, -8.9473696 ], [ 13.154953, -8.9374561 ], [ 13.1558294, -8.9259615 ], [ 13.1534424, -8.9082756 ], [ 13.1571188, -8.9022846 ], [ 13.1681833, -8.8944244 ], [ 13.177352, -8.8757725 ], [ 13.1865768, -8.8706751 ], [ 13.1881666, -8.8685217 ], [ 13.2022066, -8.8494673 ], [ 13.2023697, -8.8338394 ], [ 13.2055922, -8.8308382 ], [ 13.2079248, -8.8356533 ], [ 13.2104559, -8.8331156 ], [ 13.2134123, -8.8218412 ], [ 13.2175522, -8.8174572 ], [ 13.2223654, -8.807785 ], [ 13.2276669, -8.8045444 ], [ 13.2332125, -8.8040628 ], [ 13.2382793, -8.8003626 ], [ 13.2447166, -8.7925215 ], [ 13.24681, -8.7954988 ], [ 13.2604914, -8.7956486 ], [ 13.2618341, -8.7956619 ], [ 13.2689695, -8.7896547 ], [ 13.2781935, -8.7847891 ], [ 13.2822628, -8.7652378 ], [ 13.2866192, -8.757864 ], [ 13.2914553, -8.7543955 ], [ 13.2990713, -8.7522926 ], [ 13.3041582, -8.7529583 ], [ 13.3101912, -8.7579851 ], [ 13.3217545, -8.7597685 ], [ 13.3377399, -8.7675085 ], [ 13.346508, -8.7649403 ], [ 13.3515997, -8.7662954 ], [ 13.3553228, -8.7715645 ], [ 13.3661871, -8.7719688 ], [ 13.3873405, -8.7507257 ], [ 13.3981867, -8.7474566 ], [ 13.4000244, -8.7453775 ], [ 13.3967648, -8.7405672 ], [ 13.3951302, -8.7371283 ], [ 13.4088039, -8.7000637 ], [ 13.413763, -8.6759129 ], [ 13.4151278, -8.6601057 ], [ 13.4157267, -8.6531534 ], [ 13.4140377, -8.6391459 ], [ 13.4112301, -8.6324968 ], [ 13.4024172, -8.6254187 ], [ 13.3982325, -8.6196957 ], [ 13.3915186, -8.6167412 ], [ 13.3882637, -8.6128502 ], [ 13.3858463, -8.6026581 ], [ 13.373558, -8.5819025 ], [ 13.3704872, -8.5683613 ], [ 13.371912, -8.5495806 ], [ 13.362359, -8.5121117 ], [ 13.3574581, -8.5020256 ], [ 13.3585434, -8.4875479 ], [ 13.3475885, -8.4666929 ], [ 13.3519545, -8.4618483 ], [ 13.3563395, -8.4615965 ], [ 13.3637323, -8.4634008 ], [ 13.3815533, -8.4725016 ], [ 13.383781, -8.4682077 ], [ 13.3842735, -8.4619226 ], [ 13.3927526, -8.4499321 ], [ 13.3940945, -8.4414263 ], [ 13.3935766, -8.4304018 ], [ 13.3898163, -8.417098 ], [ 13.3907185, -8.4124975 ], [ 13.3953276, -8.4117851 ], [ 13.3990068, -8.4087811 ], [ 13.3989763, -8.4030399 ], [ 13.387002, -8.3622055 ], [ 13.3609037, -8.3111086 ], [ 13.3554602, -8.3004923 ], [ 13.3464594, -8.2829275 ], [ 13.3014269, -8.223877 ], [ 13.3007059, -8.2179089 ], [ 13.2900677, -8.1937456 ], [ 13.2751389, -8.1750755 ], [ 13.2688913, -8.1709709 ], [ 13.2651014, -8.149168 ], [ 13.2680578, -8.1401997 ], [ 13.2671185, -8.1363001 ], [ 13.2650099, -8.1289606 ], [ 13.259902, -8.1214027 ], [ 13.2422895, -8.1015034 ], [ 13.2402678, -8.0988188 ], [ 13.234868, -8.0916586 ], [ 13.2276621, -8.0779123 ], [ 13.219326, -8.0696802 ], [ 13.2121181, -8.055933 ], [ 13.2055569, -8.0313911 ], [ 13.1916313, -8.0087175 ], [ 13.1887188, -8.000001 ], [ 13.1853352, -7.9749107 ], [ 13.1807232, -7.9627433 ], [ 13.1721992, -7.9547105 ], [ 13.164134, -7.9425449 ], [ 13.1610098, -7.9291201 ], [ 13.1597519, -7.9237208 ], [ 13.1523781, -7.909718 ], [ 13.1450043, -7.902142 ], [ 13.1357889, -7.8863025 ], [ 13.1231155, -7.8695431 ], [ 13.1148195, -7.8484206 ], [ 13.1157398, -7.836025 ], [ 13.115335, -7.8346859 ], [ 13.1099777, -7.8169699 ], [ 13.1060591, -7.8059502 ], [ 13.0899353, -7.7864323 ], [ 13.0814114, -7.7699008 ], [ 13.0728874, -7.7591095 ], [ 13.0625219, -7.7329345 ], [ 13.0629807, -7.7260451 ], [ 13.0569897, -7.7037725 ], [ 13.0410967, -7.6743798 ], [ 13.0346432, -7.6545448 ], [ 13.0270453, -7.631206 ], [ 13.019907, -7.6204119 ], [ 13.0067825, -7.6070919 ], [ 13.0060911, -7.6041069 ], [ 13.0102358, -7.592165 ], [ 13.0097723, -7.5861955 ], [ 13.0033255, -7.5735641 ], [ 12.9842138, -7.5471497 ], [ 12.9833593, -7.5456991 ], [ 12.9733915, -7.5287747 ], [ 12.9671745, -7.510169 ], [ 12.9644117, -7.4924855 ], [ 12.9579668, -7.484674 ], [ 12.9572754, -7.4775543 ], [ 12.9540529, -7.4718127 ], [ 12.9517508, -7.4610162 ], [ 12.9436922, -7.450448 ], [ 12.9398947, -7.4298172 ], [ 12.9395504, -7.4279404 ], [ 12.9363279, -7.4178333 ], [ 12.92735, -7.3987665 ], [ 12.9202137, -7.3645406 ], [ 12.9153795, -7.3500676 ], [ 12.8974295, -7.316752 ], [ 12.894248, -7.3133249 ], [ 12.8744125, -7.2919369 ], [ 12.8594542, -7.2781463 ], [ 12.8550844, -7.2707934 ], [ 12.8507137, -7.2475896 ], [ 12.8543968, -7.2349563 ], [ 12.8537054, -7.2296734 ], [ 12.8550863, -7.2239294 ], [ 12.8495665, -7.204402 ], [ 12.8477268, -7.196588 ], [ 12.8479567, -7.1784391 ], [ 12.8426666, -7.1561527 ], [ 12.8422079, -7.1451254 ], [ 12.844511, -7.1288137 ], [ 12.8481941, -7.118937 ], [ 12.8484249, -7.1083665 ], [ 12.8475056, -7.1005549 ], [ 12.8411245, -7.0807991 ], [ 12.8383064, -7.0720611 ], [ 12.8366947, -7.0573554 ], [ 12.832325, -7.0463238 ], [ 12.8295679, -7.024035 ], [ 12.8330183, -7.0136971 ], [ 12.821291, -6.9744 ], [ 12.8141594, -6.9615269 ], [ 12.813139, -6.960526 ], [ 12.8012791, -6.9488821 ], [ 12.7980595, -6.9465837 ], [ 12.7957582, -6.9410658 ], [ 12.7952995, -6.9350915 ], [ 12.7913895, -6.9341717 ], [ 12.7849483, -6.9263554 ], [ 12.7759819, -6.9063578 ], [ 12.7607994, -6.8884253 ], [ 12.7495346, -6.8631396 ], [ 12.7414885, -6.8514147 ], [ 12.7258492, -6.8362384 ], [ 12.723134, -6.8346343 ], [ 12.720787, -6.8332491 ], [ 12.7143497, -6.8258891 ], [ 12.7003241, -6.8045082 ], [ 12.6630735, -6.7674813 ], [ 12.6391592, -6.7463217 ], [ 12.6370964, -6.7430201 ], [ 12.6334124, -6.7371249 ], [ 12.6166306, -6.7168875 ], [ 12.6067467, -6.7037787 ], [ 12.5842133, -6.6860628 ], [ 12.5745602, -6.6745634 ], [ 12.5692749, -6.663527 ], [ 12.5561762, -6.6432896 ], [ 12.5534239, -6.6276574 ], [ 12.550437, -6.6205277 ], [ 12.5447931, -6.6134291 ], [ 12.5423927, -6.6104093 ], [ 12.5352726, -6.5938525 ], [ 12.5244713, -6.5807419 ], [ 12.5081596, -6.5513053 ], [ 12.4980516, -6.5312977 ], [ 12.4913931, -6.5112906 ], [ 12.4868202, -6.5019708 ], [ 12.4721031, -6.4719658 ], [ 12.4284658, -6.389853 ], [ 12.4123888, -6.3659277 ], [ 12.3986168, -6.3332686 ], [ 12.3749666, -6.2895594 ], [ 12.3681049, -6.2791772 ], [ 12.3637133, -6.2725344 ], [ 12.3561354, -6.26402 ], [ 12.341671, -6.238483 ], [ 12.3131962, -6.2035027 ], [ 12.3049326, -6.1894674 ], [ 12.2955055, -6.1761565 ], [ 12.2847281, -6.1609321 ], [ 12.2737103, -6.1420655 ], [ 12.2700415, -6.130105 ], [ 12.271431, -6.1197581 ], [ 12.2774143, -6.1091876 ], [ 12.2831631, -6.1036763 ], [ 12.2935076, -6.0997787 ], [ 12.3038549, -6.0926614 ], [ 12.3098316, -6.09129 ], [ 12.3165026, -6.0853176 ], [ 12.3186884, -6.0817881 ], [ 12.3194923, -6.0804911 ], [ 12.3300676, -6.074985 ], [ 12.3355827, -6.074759 ], [ 12.3365002, -6.0779815 ], [ 12.3279877, -6.0908499 ], [ 12.3243046, -6.1000419 ], [ 12.3203955, -6.1027985 ], [ 12.3137321, -6.1023307 ], [ 12.3077574, -6.1000233 ], [ 12.3029308, -6.1009383 ], [ 12.2994804, -6.1041536 ], [ 12.2953424, -6.10461 ], [ 12.2863741, -6.1128778 ], [ 12.2875223, -6.1154089 ], [ 12.2944164, -6.1147265 ], [ 12.2997065, -6.1105938 ], [ 12.3047628, -6.1092176 ], [ 12.3095865, -6.1101446 ], [ 12.3130331, -6.1133671 ], [ 12.314642, -6.1165915 ], [ 12.3199177, -6.1271715 ], [ 12.3203735, -6.1294718 ], [ 12.3180714, -6.1361375 ], [ 12.3146238, -6.1391225 ], [ 12.3107138, -6.1404986 ], [ 12.2966957, -6.1411715 ], [ 12.292325, -6.1446152 ], [ 12.2895641, -6.1494417 ], [ 12.2907085, -6.154273 ], [ 12.3033447, -6.1600356 ], [ 12.3077145, -6.1593485 ], [ 12.3242769, -6.1389036 ], [ 12.3277254, -6.1370668 ], [ 12.3387566, -6.1382284 ], [ 12.3428917, -6.1405315 ], [ 12.3446798, -6.1396394 ], [ 12.3461094, -6.138927 ], [ 12.3454227, -6.1363964 ], [ 12.3295689, -6.1306314 ], [ 12.3272715, -6.12672 ], [ 12.3286543, -6.1237326 ], [ 12.3348608, -6.1195998 ], [ 12.3399181, -6.1189151 ], [ 12.3442841, -6.1202984 ], [ 12.3500299, -6.1191549 ], [ 12.3571568, -6.1152554 ], [ 12.3615246, -6.1161795 ], [ 12.3661165, -6.1205521 ], [ 12.3805962, -6.1212573 ], [ 12.3886356, -6.1293135 ], [ 12.3900166, -6.125865 ], [ 12.3886375, -6.1226454 ], [ 12.3695736, -6.1107755 ], [ 12.3668146, -6.109055 ], [ 12.3709555, -6.1063004 ], [ 12.3886518, -6.1049385 ], [ 12.4040442, -6.1104727 ], [ 12.4116297, -6.1097908 ], [ 12.4164591, -6.1061168 ], [ 12.4396744, -6.0994716 ], [ 12.4461098, -6.0992479 ], [ 12.4559908, -6.1017861 ], [ 12.4624224, -6.1077695 ], [ 12.4663334, -6.0994949 ], [ 12.4730005, -6.0942121 ], [ 12.4754295, -6.0962048 ], [ 12.4787455, -6.0949082 ], [ 12.4821987, -6.0873227 ], [ 12.4849577, -6.0861745 ], [ 12.4911575, -6.0905495 ], [ 12.4969044, -6.0910153 ], [ 12.5095377, -6.1055112 ], [ 12.5120592, -6.1140213 ], [ 12.516655, -6.1186242 ], [ 12.5249281, -6.1209316 ], [ 12.5161991, -6.108736 ], [ 12.5109234, -6.0928659 ], [ 12.5132256, -6.0839 ], [ 12.5155239, -6.0813737 ], [ 12.5224199, -6.0799999 ], [ 12.5286226, -6.0834551 ], [ 12.5313816, -6.0834551 ], [ 12.5352907, -6.0779395 ], [ 12.5297775, -6.0726471 ], [ 12.5302382, -6.0703492 ], [ 12.5394306, -6.0696645 ], [ 12.5470161, -6.0657625 ], [ 12.5552893, -6.066 ], [ 12.5603495, -6.0600233 ], [ 12.5635662, -6.0591078 ], [ 12.5697708, -6.0598021 ], [ 12.5738668, -6.0625401 ], [ 12.5745955, -6.063024 ], [ 12.5718336, -6.0726819 ], [ 12.5722904, -6.0770502 ], [ 12.5745878, -6.0807309 ], [ 12.5892925, -6.0841908 ], [ 12.5897551, -6.0828123 ], [ 12.5858479, -6.0782118 ], [ 12.5821714, -6.0777483 ], [ 12.5775776, -6.0738344 ], [ 12.576889, -6.0710754 ], [ 12.5858545, -6.0623446 ], [ 12.5927525, -6.0605097 ], [ 12.6065435, -6.0499415 ], [ 12.612977, -6.0499463 ], [ 12.6205606, -6.0550103 ], [ 12.6306725, -6.0561695 ], [ 12.6376104, -6.061595 ], [ 12.6400909, -6.0635343 ], [ 12.644228, -6.0635366 ], [ 12.651124, -6.0568728 ], [ 12.6571007, -6.0469894 ], [ 12.6646872, -6.0412455 ], [ 12.6679068, -6.0359578 ], [ 12.6697483, -6.0265303 ], [ 12.6743441, -6.0221648 ], [ 12.6856041, -6.0244722 ], [ 12.6996183, -6.0341392 ], [ 12.70858, -6.0378251 ], [ 12.7292624, -6.0380669 ], [ 12.7363195, -6.0403743 ], [ 12.7398329, -6.0415225 ], [ 12.7464962, -6.0419855 ], [ 12.7579889, -6.0392337 ], [ 12.7699404, -6.0341811 ], [ 12.7786713, -6.0332661 ], [ 12.7830372, -6.0339575 ], [ 12.7979727, -6.042244 ], [ 12.8048668, -6.0429378 ], [ 12.8223343, -6.0365071 ], [ 12.8342829, -6.0358224 ], [ 12.8542757, -6.0241041 ], [ 12.8662272, -6.0130706 ], [ 12.8781786, -6.0096269 ], [ 12.9075918, -5.995841 ], [ 12.9186211, -5.9923949 ], [ 12.9250565, -5.9861879 ], [ 12.9291916, -5.9735427 ], [ 12.9342461, -5.9698639 ], [ 12.9464254, -5.9691796 ], [ 12.9521694, -5.9655008 ], [ 12.9553823, -5.9599919 ], [ 12.9569941, -5.9572234 ], [ 12.9583721, -5.9468765 ], [ 12.9544678, -5.9241056 ], [ 12.9563046, -5.9172096 ], [ 12.9622765, -5.9121499 ], [ 12.9698601, -5.9091649 ], [ 12.9686298, -5.906919 ], [ 12.9645758, -5.8995028 ], [ 12.951479, -5.906168 ], [ 12.9434385, -5.9061661 ], [ 12.9305706, -5.905241 ], [ 12.9163256, -5.8969569 ], [ 12.9098911, -5.896265 ], [ 12.892889, -5.8990178 ], [ 12.878643, -5.9061408 ], [ 12.8689928, -5.9065981 ], [ 12.8627892, -5.9086642 ], [ 12.8511553, -5.9228902 ], [ 12.8503799, -5.9238372 ], [ 12.843257, -5.9252138 ], [ 12.8336058, -5.936018 ], [ 12.8303881, -5.9445262 ], [ 12.8257914, -5.9505029 ], [ 12.8067179, -5.9636021 ], [ 12.7940788, -5.968194 ], [ 12.7899446, -5.966352 ], [ 12.7844286, -5.9670401 ], [ 12.7798328, -5.9647369 ], [ 12.7694921, -5.9665718 ], [ 12.7646685, -5.9642701 ], [ 12.7586937, -5.964726 ], [ 12.7511091, -5.9686313 ], [ 12.7465143, -5.9688582 ], [ 12.744216, -5.9688568 ], [ 12.7398491, -5.972074 ], [ 12.7327261, -5.9723001 ], [ 12.7313452, -5.9789681 ], [ 12.7228413, -5.9877009 ], [ 12.7081327, -5.9964309 ], [ 12.6975613, -5.9982638 ], [ 12.6879082, -6.0040069 ], [ 12.6821632, -6.0035429 ], [ 12.6715937, -6.002387 ], [ 12.6651602, -5.9996228 ], [ 12.6479254, -6.002141 ], [ 12.6293135, -5.9966078 ], [ 12.6111603, -5.9961348 ], [ 12.6010504, -5.993598 ], [ 12.5911684, -5.99543 ], [ 12.5773783, -6.003469 ], [ 12.5697956, -6.003232 ], [ 12.5720892, -6.0105929 ], [ 12.5711689, -6.0138121 ], [ 12.5663404, -6.020936 ], [ 12.5582943, -6.028749 ], [ 12.5346193, -6.0390778 ], [ 12.5272675, -6.0388422 ], [ 12.5242786, -6.038609 ], [ 12.52106, -6.0418262 ], [ 12.5160065, -6.041821 ], [ 12.5114069, -6.0429668 ], [ 12.5107174, -6.0443459 ], [ 12.508647, -6.048254 ], [ 12.4916382, -6.0542178 ], [ 12.4783096, -6.0535159 ], [ 12.4745102, -6.055141 ], [ 12.4638281, -6.059711 ], [ 12.4521084, -6.0594711 ], [ 12.4408503, -6.0546312 ], [ 12.4392462, -6.0475011 ], [ 12.4399385, -6.041523 ], [ 12.4424696, -6.0369258 ], [ 12.45856, -6.0298119 ], [ 12.4688988, -6.033731 ], [ 12.469593, -6.0249929 ], [ 12.4767218, -6.0167212 ], [ 12.4815483, -6.0144258 ], [ 12.4854574, -6.00914 ], [ 12.4912024, -6.0086861 ], [ 12.491436, -6.0024772 ], [ 12.4935045, -5.9944482 ], [ 12.4889126, -5.9964962 ], [ 12.4873037, -5.995574 ], [ 12.4863873, -5.9893651 ], [ 12.4834013, -5.986372 ], [ 12.4824848, -5.9824619 ], [ 12.4746752, -5.9769359 ], [ 12.4684706, -5.9785399 ], [ 12.4585915, -5.9771509 ], [ 12.4381332, -5.9858708 ], [ 12.4291744, -5.9812627 ], [ 12.4229708, -5.981257 ], [ 12.4123964, -5.9883761 ], [ 12.4066505, -5.9874501 ], [ 12.4045811, -5.9906669 ], [ 12.4059572, -5.9948082 ], [ 12.405036, -5.9987159 ], [ 12.4075603, -6.003778 ], [ 12.4105463, -6.0063109 ], [ 12.4107695, -6.0194192 ], [ 12.4070911, -6.0191851 ], [ 12.3958454, -5.9973278 ], [ 12.3884964, -5.9904208 ], [ 12.3843651, -5.983748 ], [ 12.3701267, -5.971086 ], [ 12.3693819, -5.9697852 ], [ 12.3611755, -5.9554391 ], [ 12.350153, -5.945538 ], [ 12.3448782, -5.9319639 ], [ 12.3322468, -5.9227509 ], [ 12.32582, -5.9133162 ], [ 12.3154869, -5.9059448 ], [ 12.2854748, -5.8783751 ], [ 12.2759962, -5.8684149 ], [ 12.274394, -5.861743 ], [ 12.2475367, -5.8327341 ], [ 12.2372065, -5.8251319 ], [ 12.2126589, -5.7830138 ], [ 12.2066317, -5.769248 ], [ 12.2060099, -5.7678275 ], [ 12.2003059, -5.7612247 ], [ 12.1940765, -5.7540116 ], [ 12.1828413, -5.7298484 ], [ 12.1594353, -5.7024488 ], [ 12.1530161, -5.6909399 ], [ 12.151186, -5.6826558 ], [ 12.1521196, -5.6667886 ], [ 12.1453514, -5.651566 ], [ 12.1406593, -5.6410117 ], [ 12.1395159, -5.6348 ], [ 12.1408997, -5.6290512 ], [ 12.1533184, -5.6118169 ], [ 12.157691, -5.6023922 ], [ 12.1625338, -5.5826178 ], [ 12.165987, -5.5743408 ], [ 12.1666851, -5.5639911 ], [ 12.1752005, -5.5467501 ], [ 12.1850805, -5.5398631 ], [ 12.1912813, -5.5396395 ], [ 12.2023039, -5.5431042 ], [ 12.2128668, -5.5438051 ], [ 12.2135544, -5.5449576 ], [ 12.2243528, -5.5415211 ], [ 12.2284899, -5.5371552 ], [ 12.2305651, -5.5284147 ], [ 12.2287464, -5.5044913 ], [ 12.2305965, -5.4904609 ], [ 12.2235079, -5.4564095 ], [ 12.2216778, -5.4467449 ], [ 12.2136555, -5.4294829 ], [ 12.2077045, -5.4076223 ], [ 12.1941891, -5.3698783 ], [ 12.1756191, -5.3404112 ], [ 12.1685104, -5.3291278 ], [ 12.1664515, -5.3217659 ], [ 12.1678333, -5.3180847 ], [ 12.1731186, -5.3123412 ], [ 12.1738119, -5.3063622 ], [ 12.1685457, -5.2923222 ], [ 12.1628151, -5.2808108 ], [ 12.1524963, -5.2672253 ], [ 12.1318464, -5.2297535 ], [ 12.1311836, -5.22855 ], [ 12.1311874, -5.2234859 ], [ 12.1351042, -5.2092295 ], [ 12.133502, -5.202785 ], [ 12.1309834, -5.1979489 ], [ 12.1215811, -5.1871271 ], [ 12.1165409, -5.177227 ], [ 12.0910969, -5.1408424 ], [ 12.0874319, -5.1311731 ], [ 12.0617046, -5.0995431 ], [ 12.0525894, -5.0883322 ], [ 12.0475483, -5.0786629 ], [ 12.0374575, -5.0696754 ], [ 12.0305843, -5.0574727 ], [ 12.0171595, -5.0405951 ], [ 12.0174131, -5.0372052 ], [ 12.0220089, -5.0364113 ], [ 12.0245142, -5.0321455 ], [ 12.0281878, -5.0301456 ], [ 12.0283766, -5.0257869 ], [ 12.0147791, -5.0289211 ], [ 12.0127287, -5.0283132 ], [ 12.0108786, -5.0277638 ], [ 12.0102053, -5.0272226 ], [ 12.0028524, -5.0213099 ], [ 11.996213, -5.0068059 ], [ 11.9879913, -5.0 ], [ 11.984519, -4.9971251 ], [ 11.9593172, -4.9595852 ], [ 11.9414387, -4.9404602 ], [ 11.923111, -4.9139719 ], [ 11.9270191, -4.9084568 ], [ 11.9293156, -4.90731 ], [ 11.9309273, -4.9024811 ], [ 11.9272614, -4.8981042 ], [ 11.9238119, -4.9040799 ], [ 11.9208269, -4.9052258 ], [ 11.9199057, -4.9079847 ], [ 11.9180698, -4.9079819 ], [ 11.9011068, -4.89254 ], [ 11.8926687, -4.8804321 ], [ 11.8930407, -4.8791308 ], [ 11.8943367, -4.8791699 ], [ 11.8973398, -4.8792601 ], [ 11.889657, -4.8729639 ], [ 11.8841639, -4.861681 ], [ 11.8731642, -4.8499289 ], [ 11.8672104, -4.8407149 ], [ 11.823905, -4.7927847 ], [ 11.8209295, -4.7870269 ], [ 11.8204079, -4.7843328 ], [ 11.8188791, -4.7764401 ], [ 11.8197994, -4.7741399 ], [ 11.8225517, -4.7752962 ], [ 11.8236895, -4.7833509 ], [ 11.8298769, -4.7881927 ], [ 11.83951, -4.79143 ], [ 11.8427248, -4.7895961 ], [ 11.846406, -4.7820091 ], [ 11.8484879, -4.7693572 ], [ 11.8466673, -4.7576199 ], [ 11.8395767, -4.740581 ], [ 11.8278933, -4.7269859 ], [ 11.8175812, -4.718225 ], [ 11.8086414, -4.7117667 ], [ 11.8045187, -4.7069273 ], [ 11.7875566, -4.695394 ], [ 11.777709, -4.682261 ], [ 11.7731419, -4.6670661 ], [ 11.774066, -4.6626959 ], [ 11.7779713, -4.6590209 ], [ 11.7857742, -4.656734 ], [ 11.7869148, -4.6615682 ], [ 11.7917328, -4.6620369 ], [ 11.8027573, -4.6526222 ], [ 11.8029909, -4.649631 ], [ 11.7988586, -4.6516953 ], [ 11.7975969, -4.651401 ], [ 11.7958775, -4.651 ], [ 11.8108072, -4.6374488 ], [ 11.8154106, -4.6266432 ], [ 11.8154249, -4.6160579 ], [ 11.8113146, -4.6017852 ], [ 11.8042202, -4.589117 ], [ 11.7872791, -4.5646973 ], [ 11.7716274, -4.5477772 ], [ 11.7595654, -4.5347347 ], [ 11.7368879, -4.5126042 ], [ 11.7268143, -4.499701 ], [ 11.6984062, -4.4766369 ], [ 11.6974916, -4.4743347 ], [ 11.7068949, -4.4750428 ], [ 11.7165394, -4.467927 ], [ 11.7140226, -4.4633198 ], [ 11.7117291, -4.4635458 ], [ 11.7036905, -4.4708948 ], [ 11.6979637, -4.4660521 ], [ 11.6922331, -4.46351 ], [ 11.6839895, -4.4538298 ], [ 11.6594772, -4.435606 ], [ 11.6604004, -4.4319248 ], [ 11.6587982, -4.4296212 ], [ 11.6558113, -4.4330668 ], [ 11.6537495, -4.4321427 ], [ 11.6278601, -4.414145 ], [ 11.620533, -4.4060769 ], [ 11.591733, -4.379663 ], [ 11.5461102, -4.3378162 ], [ 11.5078602, -4.3096633 ], [ 11.4953175, -4.298368 ], [ 11.4732876, -4.2785249 ], [ 11.4510746, -4.2614489 ], [ 11.4238377, -4.2340069 ], [ 11.4015903, -4.2139478 ], [ 11.3890429, -4.2026339 ], [ 11.3842478, -4.1915779 ], [ 11.3744173, -4.1763692 ], [ 11.375576, -4.1696982 ], [ 11.3716936, -4.1620951 ], [ 11.3746901, -4.153358 ], [ 11.3742418, -4.1478338 ], [ 11.3671589, -4.134932 ], [ 11.3527431, -4.120172 ], [ 11.3500032, -4.114182 ], [ 11.3449697, -4.1088781 ], [ 11.3099527, -4.0777321 ], [ 11.3058376, -4.071969 ], [ 11.3040209, -4.0629902 ], [ 11.2976065, -4.061594 ], [ 11.2927961, -4.0588222 ], [ 11.2859316, -4.0523629 ], [ 11.2735653, -4.0458899 ], [ 11.2596064, -4.0334311 ], [ 11.2516975, -4.0292549 ], [ 11.2346458, -4.0202541 ], [ 11.2323589, -4.0177169 ], [ 11.2351141, -4.0156531 ], [ 11.2454243, -4.0184388 ], [ 11.2532177, -4.0186877 ], [ 11.2580347, -4.0170879 ], [ 11.2600946, -4.014154 ], [ 11.2575836, -4.0136361 ], [ 11.2525349, -4.0159249 ], [ 11.2474918, -4.0161419 ], [ 11.2385578, -4.0128989 ], [ 11.2332935, -4.008975 ], [ 11.213851, -3.988447 ], [ 11.2120237, -3.9852211 ], [ 11.212718, -3.9822311 ], [ 11.2099733, -3.979003 ], [ 11.2050095, -3.978806 ], [ 11.2037849, -3.9787571 ], [ 11.1596022, -3.951494 ], [ 11.1582422, -3.9494019 ], [ 11.1596117, -3.9471219 ], [ 11.1738234, -3.9471569 ], [ 11.1742868, -3.944627 ], [ 11.1710854, -3.941397 ], [ 11.1607752, -3.9388399 ], [ 11.1545763, -3.9436569 ], [ 11.1506805, -3.9429569 ], [ 11.1035376, -3.9085491 ], [ 11.088439, -3.895623 ], [ 11.0891275, -3.894249 ], [ 11.0907412, -3.891027 ], [ 11.0987654, -3.890357 ], [ 11.1019802, -3.8873739 ], [ 11.1026735, -3.8853052 ], [ 11.0969534, -3.8804579 ], [ 11.0907745, -3.8762991 ], [ 11.0873203, -3.883194 ], [ 11.0760889, -3.883625 ], [ 11.0710545, -3.8810811 ], [ 11.0589275, -3.870923 ], [ 11.0381203, -3.8490071 ], [ 11.0214911, -3.8339419 ], [ 11.0179939, -3.8307741 ], [ 11.0134287, -3.822938 ], [ 11.0155172, -3.8116679 ], [ 11.0134745, -3.8033779 ], [ 10.9997787, -3.7791789 ], [ 10.9993372, -3.7720442 ], [ 11.0053511, -3.748589 ], [ 11.003768, -3.73961 ], [ 10.9948645, -3.724858 ], [ 10.9904242, -3.7192729 ], [ 10.9512272, -3.669971 ], [ 10.9359102, -3.655201 ], [ 10.9034328, -3.6304879 ], [ 10.9026451, -3.6295872 ], [ 10.8723593, -3.5949619 ], [ 10.8641291, -3.587805 ], [ 10.8167706, -3.5609739 ], [ 10.8059301, -3.5508001 ], [ 10.7747154, -3.5214999 ], [ 10.7271576, -3.4859202 ], [ 10.7068605, -3.473145 ], [ 10.6805019, -3.456552 ], [ 10.6452608, -3.4430959 ], [ 10.6429787, -3.439867 ], [ 10.6427641, -3.434804 ], [ 10.6570845, -3.392509 ], [ 10.6566353, -3.3888259 ], [ 10.6559696, -3.38077 ], [ 10.6580467, -3.375484 ], [ 10.6587477, -3.370194 ], [ 10.6605883, -3.3674381 ], [ 10.663578, -3.363076 ], [ 10.6585665, -3.3533959 ], [ 10.6569901, -3.343266 ], [ 10.651041, -3.340946 ], [ 10.6316109, -3.326849 ], [ 10.6089907, -3.306988 ], [ 10.5790434, -3.286643 ], [ 10.5730581, -3.280813 ], [ 10.5539198, -3.262171 ], [ 10.5322123, -3.2448421 ], [ 10.529726, -3.2335591 ], [ 10.525403, -3.223881 ], [ 10.5251846, -3.220428 ], [ 10.5277128, -3.216985 ], [ 10.5231562, -3.2089169 ], [ 10.5039768, -3.1892951 ], [ 10.4941492, -3.1825891 ], [ 10.4890413, -3.1782238 ], [ 10.4454947, -3.1410079 ], [ 10.4222335, -3.11951 ], [ 10.4213702, -3.121537 ], [ 10.4166431, -3.1244257 ], [ 10.4113755, -3.1219675 ], [ 10.4089206, -3.116707 ], [ 10.4118019, -3.1119922 ], [ 10.4133445, -3.1113028 ], [ 10.4034872, -3.099448 ], [ 10.395299, -3.0942171 ], [ 10.3799477, -3.08441 ], [ 10.3466167, -3.0523109 ], [ 10.31353, -3.0163 ], [ 10.3036718, -3.0081379 ], [ 10.3009701, -3.0059021 ], [ 10.2865973, -2.9897442 ], [ 10.2562103, -2.970077 ], [ 10.2531567, -2.9655008 ], [ 10.2552767, -2.9623051 ], [ 10.260931, -2.968163 ], [ 10.2689409, -2.9714169 ], [ 10.2803097, -2.9807069 ], [ 10.2840204, -2.98189 ], [ 10.3033533, -2.976459 ], [ 10.2990112, -2.974143 ], [ 10.2926006, -2.9738891 ], [ 10.2854958, -2.9761651 ], [ 10.2792492, -2.9752629 ], [ 10.2528229, -2.95557 ], [ 10.2292624, -2.9490411 ], [ 10.2196646, -2.943944 ], [ 10.2084723, -2.9358499 ], [ 10.1945677, -2.9231169 ], [ 10.1940928, -2.922682 ], [ 10.1504765, -2.8900781 ], [ 10.1467171, -2.888551 ], [ 10.1356153, -2.8840411 ], [ 10.0949945, -2.8463831 ], [ 10.0532074, -2.8167729 ], [ 10.0486507, -2.8107729 ], [ 10.0436077, -2.8071601 ], [ 10.0433598, -2.8070161 ], [ 10.0111895, -2.7883101 ], [ 10.0, -2.7798998 ], [ 9.997035, -2.7776711 ], [ 9.9530163, -2.733783 ], [ 9.9461622, -2.7278872 ], [ 9.9242668, -2.7090499 ], [ 9.9153585, -2.7044129 ], [ 9.8952684, -2.6902981 ], [ 9.8842955, -2.6865721 ], [ 9.8765306, -2.682169 ], [ 9.8717499, -2.6752479 ], [ 9.8738194, -2.6727262 ], [ 9.87885, -2.673897 ], [ 9.8925505, -2.6826949 ], [ 9.901474, -2.6831911 ], [ 9.9019461, -2.6790521 ], [ 9.896225, -2.6787989 ], [ 9.8717995, -2.6621339 ], [ 9.8713503, -2.6596019 ], [ 9.8741121, -2.655242 ], [ 9.8713913, -2.648329 ], [ 9.8739309, -2.6425879 ], [ 9.8725662, -2.6402822 ], [ 9.8663845, -2.641176 ], [ 9.8600225, -2.628727 ], [ 9.8403893, -2.6155329 ], [ 9.8248129, -2.598804 ], [ 9.7948046, -2.566572 ], [ 9.7824907, -2.555248 ], [ 9.7621727, -2.5425091 ], [ 9.7380104, -2.5182509 ], [ 9.7333899, -2.5127881 ], [ 9.7120438, -2.4875441 ], [ 9.7020121, -2.4782989 ], [ 9.7006598, -2.473002 ], [ 9.6940441, -2.4679132 ], [ 9.6924553, -2.464685 ], [ 9.6894751, -2.4662828 ], [ 9.6867352, -2.4646611 ], [ 9.6749535, -2.4535339 ], [ 9.6700945, -2.448946 ], [ 9.6566229, -2.441756 ], [ 9.6352119, -2.4175079 ], [ 9.6249514, -2.408721 ], [ 9.614727, -2.390964 ], [ 9.6060772, -2.379884 ], [ 9.5945301, -2.359025 ], [ 9.5885887, -2.3482921 ], [ 9.5842829, -2.338151 ], [ 9.5824986, -2.3271019 ], [ 9.5837889, -2.2907641 ], [ 9.5865726, -2.2811151 ], [ 9.5861397, -2.2751319 ], [ 9.5786858, -2.2516379 ], [ 9.5714035, -2.238658 ], [ 9.5675573, -2.231806 ], [ 9.5532179, -2.2142611 ], [ 9.5461836, -2.200428 ], [ 9.5129156, -2.169687 ], [ 9.4896955, -2.143713 ], [ 9.4796762, -2.132504 ], [ 9.4664488, -2.1234729 ], [ 9.4491282, -2.1086731 ], [ 9.4402628, -2.095752 ], [ 9.4313707, -2.0892711 ], [ 9.4197617, -2.0763371 ], [ 9.408391, -2.0613339 ], [ 9.4170713, -2.057761 ], [ 9.4177837, -2.0574679 ], [ 9.4187117, -2.054482 ], [ 9.4166765, -2.0491829 ], [ 9.4143915, -2.048712 ], [ 9.4116392, -2.0503101 ], [ 9.4040985, -2.049125 ], [ 9.403614, -2.0553319 ], [ 9.4015551, -2.0553222 ], [ 9.3967714, -2.050931 ], [ 9.3651505, -2.0121431 ], [ 9.3586016, -1.9927931 ], [ 9.3533754, -1.98518 ], [ 9.347147, -1.9787149 ], [ 9.3133097, -1.943592 ], [ 9.2975874, -1.9308671 ], [ 9.290988, -1.9237061 ], [ 9.2789564, -1.9038709 ], [ 9.2705355, -1.8950909 ], [ 9.2803974, -1.888239 ], [ 9.2769966, -1.882014 ], [ 9.2687368, -1.8881831 ], [ 9.2644119, -1.8837919 ], [ 9.2621565, -1.8768829 ], [ 9.2612801, -1.8681399 ], [ 9.259469, -1.863991 ], [ 9.2601738, -1.8598551 ], [ 9.2565489, -1.852249 ], [ 9.2547951, -1.835453 ], [ 9.2498178, -1.8234701 ], [ 9.2487068, -1.8163371 ], [ 9.2526217, -1.809916 ], [ 9.2531109, -1.80279 ], [ 9.2542582, -1.8018759 ], [ 9.2599821, -1.800064 ], [ 9.2634459, -1.7922621 ], [ 9.2630358, -1.7816819 ], [ 9.2593794, -1.766049 ], [ 9.2576513, -1.7586601 ], [ 9.2599411, -1.7577519 ], [ 9.2663212, -1.7626119 ], [ 9.2652311, -1.750649 ], [ 9.26087, -1.754537 ], [ 9.2558422, -1.754053 ], [ 9.2456932, -1.7229609 ], [ 9.2463923, -1.719975 ], [ 9.2489157, -1.7181469 ], [ 9.2432327, -1.710992 ], [ 9.2394066, -1.6974061 ], [ 9.2435961, -1.6806409 ], [ 9.2422504, -1.6749189 ], [ 9.2420263, -1.673964 ], [ 9.234993, -1.661974 ], [ 9.2343559, -1.6511639 ], [ 9.2318687, -1.6449431 ], [ 9.2257357, -1.6364059 ], [ 9.223031, -1.6278851 ], [ 9.2153025, -1.61819 ], [ 9.2139635, -1.6112851 ], [ 9.2103291, -1.6059799 ], [ 9.2058125, -1.5937711 ], [ 9.199213, -1.5873001 ], [ 9.1935472, -1.5766959 ], [ 9.1844263, -1.5657649 ], [ 9.1821804, -1.563074 ], [ 9.1762838, -1.552929 ], [ 9.1587925, -1.5296199 ], [ 9.1444597, -1.515064 ], [ 9.1303844, -1.494302 ], [ 9.1142397, -1.476748 ], [ 9.1069336, -1.466743 ], [ 9.1037931, -1.4624411 ], [ 9.0944967, -1.4465311 ], [ 9.0774555, -1.425524 ], [ 9.0561142, -1.3955289 ], [ 9.0438223, -1.3853509 ], [ 9.0411053, -1.3800499 ], [ 9.0300989, -1.367635 ], [ 9.0142841, -1.3497959 ], [ 9.0097532, -1.341498 ], [ 9.0091324, -1.3279309 ], [ 8.9998264, -1.31478 ], [ 8.9925795, -1.3014101 ], [ 8.9846735, -1.28229 ], [ 8.9826679, -1.271475 ], [ 8.983819, -1.269642 ], [ 8.9896975, -1.282545 ], [ 9.0002794, -1.267658 ], [ 8.996172, -1.2664881 ], [ 8.991396, -1.261866 ], [ 8.9900436, -1.2579509 ], [ 8.9934883, -1.2542911 ], [ 8.9939747, -1.2480879 ], [ 8.9935846, -1.234063 ], [ 8.9906769, -1.220946 ], [ 8.9884071, -1.2179459 ], [ 8.9872475, -1.2213881 ], [ 8.9878807, -1.232425 ], [ 8.9871635, -1.239087 ], [ 8.9853344, -1.239307 ], [ 8.9819775, -1.2248091 ], [ 8.9850159, -1.2103441 ], [ 8.983242, -1.199071 ], [ 8.9795351, -1.19147 ], [ 8.9665003, -1.1647359 ], [ 8.954937, -1.146518 ], [ 8.9431801, -1.121174 ], [ 8.931592, -1.108242 ], [ 8.9141884, -1.08437 ], [ 8.9075384, -1.0752491 ], [ 8.858696, -1.0205209 ], [ 8.859395, -1.017767 ], [ 8.862814, -1.0191641 ], [ 8.8869028, -1.044343 ], [ 8.8943062, -1.025076 ], [ 8.8897448, -1.023674 ], [ 8.8858795, -1.020206 ], [ 8.8731651, -1.0045099 ], [ 8.8676844, -1.004252 ], [ 8.8672533, -0.998963 ], [ 8.8666954, -0.997472 ], [ 8.861392, -0.9833049 ], [ 8.8636885, -0.981019 ], [ 8.8663912, -0.9886171 ], [ 8.8722973, -0.995083 ], [ 8.8761759, -0.9960229 ], [ 8.8686981, -0.983803 ], [ 8.8628922, -0.956884 ], [ 8.8536148, -0.93937 ], [ 8.85291, -0.9432719 ], [ 8.8556147, -0.950641 ], [ 8.8530884, -0.9533851 ], [ 8.8580894, -0.958238 ], [ 8.8571062, -0.9608679 ], [ 8.8557749, -0.96443 ], [ 8.8609819, -0.973881 ], [ 8.860734, -0.9777849 ], [ 8.858676, -0.9782341 ], [ 8.8473845, -0.9522061 ], [ 8.846446, -0.957256 ], [ 8.8482227, -0.967607 ], [ 8.8527546, -0.9749851 ], [ 8.8550015, -0.9823521 ], [ 8.8486166, -0.9804791 ], [ 8.8497725, -0.9774979 ], [ 8.8452587, -0.9664431 ], [ 8.8403902, -0.9435289 ], [ 8.8417387, -0.939306 ], [ 8.8361015, -0.9247981 ], [ 8.8163538, -0.900104 ], [ 8.813159, -0.899627 ], [ 8.8099775, -0.8966219 ], [ 8.7873363, -0.857206 ], [ 8.7812672, -0.8366169 ], [ 8.7684765, -0.793224 ], [ 8.7601271, -0.773419 ], [ 8.7531033, -0.7625819 ], [ 8.743618, -0.741851 ], [ 8.7299709, -0.722412 ], [ 8.7130146, -0.698258 ], [ 8.704875, -0.6825901 ], [ 8.7003756, -0.6697 ], [ 8.6954708, -0.6464689 ], [ 8.6957312, -0.640267 ], [ 8.6989746, -0.631096 ], [ 8.7067499, -0.628382 ], [ 8.7081528, -0.6219571 ], [ 8.713418, -0.6192301 ], [ 8.7150583, -0.623843 ], [ 8.7161188, -0.6268259 ], [ 8.7083073, -0.6364319 ], [ 8.7117052, -0.641734 ], [ 8.7171593, -0.646588 ], [ 8.7109976, -0.6460959 ], [ 8.7075634, -0.6479139 ], [ 8.7070942, -0.6504379 ], [ 8.7173672, -0.6507251 ], [ 8.7189541, -0.6528019 ], [ 8.7150526, -0.6569149 ], [ 8.7154951, -0.6596749 ], [ 8.7214499, -0.656032 ], [ 8.7241678, -0.6601821 ], [ 8.7255564, -0.6565139 ], [ 8.7242031, -0.6532899 ], [ 8.7248964, -0.651685 ], [ 8.7306118, -0.650109 ], [ 8.7342606, -0.6510479 ], [ 8.7356138, -0.654272 ], [ 8.74018, -0.6542969 ], [ 8.74154, -0.656142 ], [ 8.7497425, -0.659633 ], [ 8.7515287, -0.667455 ], [ 8.7502451, -0.671958 ], [ 8.7494364, -0.674795 ], [ 8.7503386, -0.6770971 ], [ 8.7551317, -0.677353 ], [ 8.7491579, -0.684902 ], [ 8.7441311, -0.685564 ], [ 8.7445774, -0.6876339 ], [ 8.7477665, -0.6890301 ], [ 8.7569304, -0.6828771 ], [ 8.7590151, -0.676915 ], [ 8.7752132, -0.67953 ], [ 8.777029, -0.681608 ], [ 8.7751532, -0.6914771 ], [ 8.7764845, -0.6992961 ], [ 8.7835007, -0.711511 ], [ 8.7877808, -0.723022 ], [ 8.7939215, -0.728109 ], [ 8.7945929, -0.730641 ], [ 8.7940197, -0.734621 ], [ 8.7915173, -0.751991 ], [ 8.7924023, -0.757741 ], [ 8.8008108, -0.7655981 ], [ 8.7961617, -0.7821169 ], [ 8.7965889, -0.7880921 ], [ 8.8004351, -0.795237 ], [ 8.8211298, -0.812351 ], [ 8.8313904, -0.8153939 ], [ 8.8363972, -0.8188671 ], [ 8.8422594, -0.8340639 ], [ 8.8479815, -0.831338 ], [ 8.8518867, -0.826763 ], [ 8.8507824, -0.819174 ], [ 8.8521738, -0.8148159 ], [ 8.8593035, -0.804514 ], [ 8.8587055, -0.787048 ], [ 8.8635721, -0.772369 ], [ 8.8643265, -0.7583579 ], [ 8.8673067, -0.755846 ], [ 8.8864441, -0.7646791 ], [ 8.9010582, -0.764527 ], [ 8.9081631, -0.75928 ], [ 8.9029312, -0.755116 ], [ 8.8883457, -0.7492949 ], [ 8.8853912, -0.746522 ], [ 8.8849611, -0.7410051 ], [ 8.8879871, -0.7293039 ], [ 8.8914251, -0.7265651 ], [ 8.9046602, -0.7282439 ], [ 8.9128914, -0.725989 ], [ 8.9185972, -0.7264791 ], [ 8.9201889, -0.7278659 ], [ 8.9210253, -0.743723 ], [ 8.9226065, -0.747408 ], [ 8.9258108, -0.7455859 ], [ 8.9237823, -0.7400609 ], [ 8.9265718, -0.7299669 ], [ 8.928401, -0.729518 ], [ 8.9358902, -0.738977 ], [ 8.9478111, -0.7289299 ], [ 8.9437351, -0.722015 ], [ 8.9403591, -0.711889 ], [ 8.9401569, -0.706374 ], [ 8.9447832, -0.693992 ], [ 8.9416208, -0.6868529 ], [ 8.9437075, -0.680661 ], [ 8.9480486, -0.679764 ], [ 8.9498558, -0.683679 ], [ 8.9523687, -0.683462 ], [ 8.9526215, -0.67864 ], [ 8.9523163, -0.6776451 ], [ 8.9514961, -0.674957 ], [ 8.9522047, -0.670137 ], [ 8.9567862, -0.6669441 ], [ 8.9616184, -0.6591579 ], [ 8.9712257, -0.6553029 ], [ 8.9810343, -0.657191 ], [ 8.9862938, -0.6553811 ], [ 8.9988976, -0.645797 ], [ 9.0018606, -0.6467319 ], [ 9.0029907, -0.649035 ], [ 9.0025063, -0.654776 ], [ 8.9990511, -0.661191 ], [ 8.9978752, -0.6685359 ], [ 8.9951, -0.675873 ], [ 8.9916639, -0.678383 ], [ 8.9900494, -0.6818209 ], [ 8.9938717, -0.6942469 ], [ 8.9906464, -0.700204 ], [ 8.9949923, -0.6986179 ], [ 8.9963789, -0.695179 ], [ 8.9943743, -0.6846001 ], [ 8.9953098, -0.6797799 ], [ 8.9980631, -0.6770381 ], [ 9.0101852, -0.672505 ], [ 9.0179434, -0.673464 ], [ 9.0211277, -0.6760079 ], [ 9.0274677, -0.687298 ], [ 9.0379305, -0.6956231 ], [ 9.0404243, -0.699541 ], [ 9.0408545, -0.7050569 ], [ 9.0366812, -0.718592 ], [ 9.0288544, -0.732107 ], [ 9.0439291, -0.7310359 ], [ 9.0542221, -0.727183 ], [ 9.0583496, -0.723528 ], [ 9.0638905, -0.7106901 ], [ 9.0680075, -0.708872 ], [ 9.0707293, -0.7127921 ], [ 9.0722733, -0.724517 ], [ 9.0786896, -0.7194951 ], [ 9.0793839, -0.7174309 ], [ 9.0828648, -0.705501 ], [ 9.088356, -0.703002 ], [ 9.0917797, -0.7032489 ], [ 9.0961065, -0.705798 ], [ 9.1007042, -0.6989291 ], [ 9.0995846, -0.6943281 ], [ 9.0891285, -0.684166 ], [ 9.0915546, -0.653393 ], [ 9.0963831, -0.6460659 ], [ 9.1012163, -0.63759 ], [ 9.1133738, -0.6252449 ], [ 9.1479826, -0.5965389 ], [ 9.1571465, -0.5889381 ], [ 9.1628895, -0.581156 ], [ 9.1631327, -0.577482 ], [ 9.160881, -0.570808 ], [ 9.1631813, -0.5669149 ], [ 9.1698179, -0.563272 ], [ 9.1778097, -0.562852 ], [ 9.1817055, -0.559886 ], [ 9.1888361, -0.547745 ], [ 9.1989288, -0.5369981 ], [ 9.2044525, -0.527148 ], [ 9.2122498, -0.519147 ], [ 9.2172785, -0.5175629 ], [ 9.2247982, -0.508087 ], [ 9.2572222, -0.4672239 ], [ 9.2772236, -0.434934 ], [ 9.2804575, -0.425992 ], [ 9.2929707, -0.4027409 ], [ 9.2942657, -0.400335 ], [ 9.2993431, -0.3874969 ], [ 9.3007574, -0.3771691 ], [ 9.3006458, -0.350757 ], [ 9.2949142, -0.304796 ], [ 9.2986441, -0.286902 ], [ 9.2982235, -0.2786319 ], [ 9.2976952, -0.243035 ], [ 9.3028755, -0.206778 ], [ 9.307477, -0.198074 ], [ 9.317112, -0.186409 ], [ 9.3188038, -0.164604 ], [ 9.324316, -0.1563629 ], [ 9.3248806, -0.146913 ], [ 9.3267784, -0.115045 ], [ 9.3304548, -0.109093 ], [ 9.3264551, -0.084507 ], [ 9.32796, -0.05329 ], [ 9.3305006, -0.046185 ], [ 9.339427, -0.039569 ], [ 9.3460741, -0.0322539 ], [ 9.3465595, -0.0297801 ], [ 9.3472404, -0.02629 ], [ 9.3462105, -0.000803 ], [ 9.3462973, -0.0 ], [ 9.3498926, 0.007966 ], [ 9.3455687, 0.060281 ], [ 9.3346663, 0.103162 ], [ 9.3320904, 0.11899 ], [ 9.3329792, 0.1247319 ], [ 9.3293447, 0.140964 ], [ 9.3201904, 0.181841 ], [ 9.3154888, 0.214881 ], [ 9.3177128, 0.228435 ], [ 9.3130531, 0.2513739 ], [ 9.3113232, 0.265069 ], [ 9.3097477, 0.277534 ], [ 9.3062763, 0.289 ], [ 9.3069363, 0.2949721 ], [ 9.3046265, 0.301621 ], [ 9.3048306, 0.3073621 ], [ 9.3103018, 0.308761 ], [ 9.313014, 0.314971 ], [ 9.3127432, 0.325072 ], [ 9.3152494, 0.326001 ], [ 9.3204718, 0.3324509 ], [ 9.3309727, 0.331803 ], [ 9.347106, 0.348628 ], [ 9.350728, 0.355761 ], [ 9.3534632, 0.35669 ], [ 9.3559828, 0.354404 ], [ 9.3560343, 0.3533629 ], [ 9.3562336, 0.349353 ], [ 9.3605881, 0.344548 ], [ 9.3647394, 0.3342329 ], [ 9.3681803, 0.3298841 ], [ 9.3702736, 0.320708 ], [ 9.3782845, 0.314999 ], [ 9.3778458, 0.310405 ], [ 9.379468, 0.304442 ], [ 9.3776655, 0.298925 ], [ 9.3701572, 0.2933851 ], [ 9.3706198, 0.2917799 ], [ 9.3770142, 0.2908861 ], [ 9.3827848, 0.2748371 ], [ 9.3824005, 0.257617 ], [ 9.3847055, 0.2518861 ], [ 9.3838129, 0.246832 ], [ 9.388835, 0.2463921 ], [ 9.3948259, 0.2324111 ], [ 9.3914375, 0.2241329 ], [ 9.4122467, 0.213194 ], [ 9.4165955, 0.210227 ], [ 9.4223194, 0.205198 ], [ 9.4257383, 0.2061289 ], [ 9.4314632, 0.20133 ], [ 9.4319315, 0.198348 ], [ 9.4378834, 0.1935501 ], [ 9.4383316, 0.164779 ], [ 9.4402733, 0.1669289 ], [ 9.4438705, 0.180258 ], [ 9.4486723, 0.177751 ], [ 9.4518528, 0.181206 ], [ 9.4557295, 0.1819099 ], [ 9.458931, 0.180086 ], [ 9.460084, 0.1771059 ], [ 9.4594154, 0.172971 ], [ 9.4635286, 0.1716091 ], [ 9.4767113, 0.145474 ], [ 9.4985523, 0.1430471 ], [ 9.4983158, 0.145341 ], [ 9.5014877, 0.150863 ], [ 9.5065002, 0.1527179 ], [ 9.5076332, 0.1547879 ], [ 9.5064659, 0.161441 ], [ 9.5080462, 0.165579 ], [ 9.5157785, 0.172265 ], [ 9.5180578, 0.1727331 ], [ 9.5237818, 0.1679329 ], [ 9.5333815, 0.163607 ], [ 9.5416012, 0.1622611 ], [ 9.545702, 0.163883 ], [ 9.5498104, 0.1636681 ], [ 9.5779066, 0.1559669 ], [ 9.5863886, 0.1456671 ], [ 9.5889263, 0.1381011 ], [ 9.5992203, 0.1312521 ], [ 9.6055975, 0.134719 ], [ 9.6092587, 0.1315179 ], [ 9.6147175, 0.136359 ], [ 9.6162891, 0.1427921 ], [ 9.627202, 0.152932 ], [ 9.635643, 0.153421 ], [ 9.6399918, 0.149764 ], [ 9.6475258, 0.148643 ], [ 9.6502733, 0.1461281 ], [ 9.6553516, 0.1305361 ], [ 9.6585474, 0.130088 ], [ 9.6679659, 0.1133651 ], [ 9.6709414, 0.11085 ], [ 9.675045, 0.1117831 ], [ 9.6688652, 0.116811 ], [ 9.6649551, 0.125291 ], [ 9.6667643, 0.129429 ], [ 9.6710835, 0.133576 ], [ 9.6950407, 0.133661 ], [ 9.7062473, 0.126584 ], [ 9.7151566, 0.1240901 ], [ 9.7183609, 0.121117 ], [ 9.7425652, 0.115692 ], [ 9.7491426, 0.109785 ], [ 9.7512465, 0.1127379 ], [ 9.7612686, 0.1173631 ], [ 9.7587318, 0.1247001 ], [ 9.7596245, 0.130212 ], [ 9.7646303, 0.1339021 ], [ 9.7839975, 0.1337762 ], [ 9.7972498, 0.136309 ], [ 9.8072739, 0.140475 ], [ 9.8150311, 0.140501 ], [ 9.8211832, 0.1428181 ], [ 9.8335018, 0.143548 ], [ 9.8478508, 0.150712 ], [ 9.8597107, 0.152128 ], [ 9.8890896, 0.167835 ], [ 9.9025488, 0.1687969 ], [ 9.9084682, 0.172719 ], [ 9.926897, 0.18816 ], [ 9.9220591, 0.201459 ], [ 9.9157906, 0.197565 ], [ 9.915, 0.197075 ], [ 9.9042864, 0.194055 ], [ 9.8787746, 0.181346 ], [ 9.8600798, 0.176693 ], [ 9.8404665, 0.174332 ], [ 9.8208485, 0.172889 ], [ 9.814908, 0.174935 ], [ 9.8126163, 0.1774519 ], [ 9.8146448, 0.184575 ], [ 9.814167, 0.190543 ], [ 9.8111954, 0.19191 ], [ 9.8107662, 0.190727 ], [ 9.8057728, 0.17697 ], [ 9.8021355, 0.1732849 ], [ 9.7932348, 0.1739429 ], [ 9.7765493, 0.181692 ], [ 9.7646761, 0.1839471 ], [ 9.7425098, 0.192823 ], [ 9.7315149, 0.204034 ], [ 9.7246532, 0.2083719 ], [ 9.7182369, 0.215696 ], [ 9.7161627, 0.2211989 ], [ 9.7172928, 0.2241871 ], [ 9.7104368, 0.2269181 ], [ 9.6858435, 0.2132871 ], [ 9.678997, 0.2134919 ], [ 9.6737289, 0.2187539 ], [ 9.666647, 0.2210241 ], [ 9.664814, 0.222854 ], [ 9.6642075, 0.224487 ], [ 9.662509, 0.2290451 ], [ 9.6570015, 0.23729 ], [ 9.6449137, 0.2354099 ], [ 9.6307125, 0.249593 ], [ 9.6254597, 0.250493 ], [ 9.6211033, 0.255987 ], [ 9.6135712, 0.256419 ], [ 9.6069393, 0.259839 ], [ 9.5989275, 0.2662381 ], [ 9.5970821, 0.271512 ], [ 9.5922852, 0.272642 ], [ 9.5844917, 0.2815681 ], [ 9.5735025, 0.2909411 ], [ 9.5723448, 0.29507 ], [ 9.5618429, 0.2959501 ], [ 9.5573034, 0.2897341 ], [ 9.5534267, 0.289031 ], [ 9.5436058, 0.2910609 ], [ 9.5314388, 0.3091539 ], [ 9.5186996, 0.299004 ], [ 9.5162134, 0.292796 ], [ 9.5103121, 0.2847379 ], [ 9.5025253, 0.291597 ], [ 9.4977055, 0.298696 ], [ 9.4933205, 0.3113071 ], [ 9.4843636, 0.325279 ], [ 9.4842262, 0.325846 ], [ 9.4792566, 0.346613 ], [ 9.4730434, 0.359218 ], [ 9.4526482, 0.379806 ], [ 9.4439096, 0.396075 ], [ 9.4331274, 0.409812 ], [ 9.42346, 0.4297519 ], [ 9.4226017, 0.43321 ], [ 9.4204426, 0.441911 ], [ 9.4149189, 0.4531409 ], [ 9.3979416, 0.474432 ], [ 9.3933315, 0.4854369 ], [ 9.3848333, 0.4980339 ], [ 9.3763542, 0.506039 ], [ 9.3441029, 0.5217581 ], [ 9.3415852, 0.521951 ], [ 9.3383942, 0.5221949 ], [ 9.33498, 0.519655 ], [ 9.3313656, 0.5106841 ], [ 9.3229485, 0.5037619 ], [ 9.3142433, 0.511076 ], [ 9.310792, 0.517722 ], [ 9.313715, 0.5282969 ], [ 9.3132219, 0.537022 ], [ 9.3102055, 0.548493 ], [ 9.3124552, 0.55654 ], [ 9.3105764, 0.568934 ], [ 9.3107042, 0.59282 ], [ 9.3125639, 0.5950381 ], [ 9.3197899, 0.6036509 ], [ 9.320899, 0.611464 ], [ 9.3279495, 0.618152 ], [ 9.3332109, 0.6151879 ], [ 9.3400593, 0.6154439 ], [ 9.3478022, 0.6200681 ], [ 9.3516808, 0.620773 ], [ 9.3562584, 0.6178049 ], [ 9.377718, 0.6181189 ], [ 9.3854666, 0.6213641 ], [ 9.4054546, 0.6464769 ], [ 9.4091368, 0.646624 ], [ 9.4118452, 0.6467311 ], [ 9.4388113, 0.6406341 ], [ 9.4380589, 0.6383089 ], [ 9.434247, 0.6372391 ], [ 9.4384203, 0.6358669 ], [ 9.4486313, 0.639753 ], [ 9.4538565, 0.646433 ], [ 9.4643555, 0.6469331 ], [ 9.4670849, 0.649469 ], [ 9.4691172, 0.6552189 ], [ 9.4764185, 0.6563951 ], [ 9.4841642, 0.6605591 ], [ 9.4985352, 0.663828 ], [ 9.5001154, 0.668198 ], [ 9.5033112, 0.66844 ], [ 9.5082102, 0.664947 ], [ 9.5097218, 0.66387 ], [ 9.5177155, 0.6634411 ], [ 9.5223246, 0.6526629 ], [ 9.5262184, 0.6492321 ], [ 9.525321, 0.6450949 ], [ 9.5308161, 0.6409809 ], [ 9.537034, 0.627453 ], [ 9.5377588, 0.61735 ], [ 9.5407591, 0.609093 ], [ 9.5480967, 0.6008521 ], [ 9.5497017, 0.5990199 ], [ 9.5542774, 0.5967401 ], [ 9.5604401, 0.596993 ], [ 9.5618229, 0.5935529 ], [ 9.5595694, 0.5861949 ], [ 9.5616331, 0.5836771 ], [ 9.5652866, 0.5834599 ], [ 9.5720062, 0.557992 ], [ 9.5722647, 0.550185 ], [ 9.5761824, 0.540783 ], [ 9.578701, 0.538726 ], [ 9.5800924, 0.533219 ], [ 9.5780754, 0.5235661 ], [ 9.5797071, 0.514846 ], [ 9.5911503, 0.507079 ], [ 9.5963736, 0.514447 ], [ 9.5991097, 0.5149161 ], [ 9.6034565, 0.5126351 ], [ 9.6061935, 0.5133341 ], [ 9.6132536, 0.517494 ], [ 9.6118717, 0.520474 ], [ 9.6141262, 0.5278309 ], [ 9.6163998, 0.5301359 ], [ 9.6161432, 0.537713 ], [ 9.6193218, 0.542088 ], [ 9.6194544, 0.5668919 ], [ 9.6230936, 0.57081 ], [ 9.6237669, 0.5735679 ], [ 9.6207714, 0.580906 ], [ 9.6218777, 0.5900971 ], [ 9.6167974, 0.605007 ], [ 9.6171942, 0.6072491 ], [ 9.614954, 0.609364 ], [ 9.6119871, 0.609354 ], [ 9.6087666, 0.615773 ], [ 9.6092033, 0.620827 ], [ 9.6135054, 0.63003 ], [ 9.6136808, 0.632188 ], [ 9.6141605, 0.6380711 ], [ 9.6127243, 0.655062 ], [ 9.6140327, 0.6709151 ], [ 9.6162958, 0.6762061 ], [ 9.6139851, 0.6833181 ], [ 9.6153145, 0.694118 ], [ 9.6125345, 0.704674 ], [ 9.6188135, 0.734328 ], [ 9.6157742, 0.7526929 ], [ 9.6113873, 0.7653111 ], [ 9.6127424, 0.769221 ], [ 9.6058502, 0.7799919 ], [ 9.6025925, 0.79629 ], [ 9.5922155, 0.8222101 ], [ 9.5839653, 0.829532 ], [ 9.5800428, 0.840084 ], [ 9.5782709, 0.857057 ], [ 9.5779095, 0.8605219 ], [ 9.5706854, 0.8974829 ], [ 9.5729179, 0.910586 ], [ 9.5690012, 0.919302 ], [ 9.5614424, 0.925018 ], [ 9.5540838, 0.937856 ], [ 9.5540495, 0.946586 ], [ 9.5556192, 0.9541739 ], [ 9.5642605, 0.964085 ], [ 9.5681715, 0.971416 ], [ 9.573102, 0.9806591 ], [ 9.5798702, 1.002282 ], [ 9.5837355, 1.0066611 ], [ 9.5871611, 1.0069029 ], [ 9.5928545, 1.0112891 ], [ 9.5965233, 1.007627 ], [ 9.5999537, 1.0064899 ], [ 9.6029205, 1.00719 ], [ 9.6083736, 1.014562 ], [ 9.6113386, 1.0157219 ], [ 9.6168318, 1.0125251 ], [ 9.6245928, 1.0139321 ], [ 9.6262064, 1.0100319 ], [ 9.6314449, 1.0139561 ], [ 9.6405745, 1.0158271 ], [ 9.6490088, 1.020223 ], [ 9.6538019, 1.0211589 ], [ 9.6563225, 1.01887 ], [ 9.659049, 1.022786 ], [ 9.6599388, 1.028993 ], [ 9.6622105, 1.032447 ], [ 9.6635284, 1.0464681 ], [ 9.662816, 1.053588 ], [ 9.6652994, 1.061179 ], [ 9.6618462, 1.0685201 ], [ 9.6570511, 1.0678129 ], [ 9.6506729, 1.063195 ], [ 9.6451941, 1.0622571 ], [ 9.6422443, 1.057191 ], [ 9.6372337, 1.053267 ], [ 9.6333561, 1.052358 ], [ 9.6262798, 1.0506999 ], [ 9.6180792, 1.044697 ], [ 9.6082602, 1.0439719 ], [ 9.6018848, 1.038664 ], [ 9.5872927, 1.031948 ], [ 9.5806131, 1.046169 ], [ 9.5812721, 1.0530649 ], [ 9.5789537, 1.061787 ], [ 9.5628252, 1.0973431 ], [ 9.5608759, 1.100467 ], [ 9.5552406, 1.109493 ], [ 9.5396452, 1.125061 ], [ 9.532321, 1.128481 ], [ 9.5259295, 1.127308 ], [ 9.5128765, 1.1355309 ], [ 9.5087614, 1.136206 ], [ 9.4994097, 1.1324941 ], [ 9.4952917, 1.134087 ], [ 9.4811239, 1.135182 ], [ 9.4758968, 1.1284989 ], [ 9.4670105, 1.122721 ], [ 9.4601631, 1.121316 ], [ 9.4537888, 1.115777 ], [ 9.4403257, 1.1122789 ], [ 9.4216022, 1.110139 ], [ 9.4202509, 1.1053081 ], [ 9.4150114, 1.101841 ], [ 9.4138899, 1.096782 ], [ 9.4120636, 1.0967749 ], [ 9.4047184, 1.105248 ], [ 9.4024305, 1.106159 ], [ 9.400383, 1.1040829 ], [ 9.3960419, 1.104295 ], [ 9.3914824, 1.10198 ], [ 9.3896475, 1.104041 ], [ 9.3887014, 1.1116199 ], [ 9.3765011, 1.134321 ], [ 9.3721628, 1.133844 ], [ 9.3695087, 1.136871 ], [ 9.3689489, 1.1375079 ], [ 9.3662186, 1.13497 ], [ 9.3618526, 1.140927 ], [ 9.3643579, 1.142776 ], [ 9.3661566, 1.150136 ], [ 9.3640795, 1.154953 ], [ 9.3544254, 1.1691631 ], [ 9.3482523, 1.1702871 ], [ 9.3468647, 1.174418 ], [ 9.3486805, 1.177412 ], [ 9.357811, 1.179057 ], [ 9.3655615, 1.1832241 ], [ 9.3710709, 1.1768111 ], [ 9.371048, 1.182326 ], [ 9.3753662, 1.1878581 ], [ 9.3789654, 1.2014301 ], [ 9.3819094, 1.207646 ], [ 9.3873758, 1.211804 ], [ 9.3898573, 1.2193969 ], [ 9.389142, 1.2267481 ], [ 9.3938942, 1.2377969 ], [ 9.3931866, 1.2435391 ], [ 9.4004316, 1.259424 ], [ 9.3983335, 1.269758 ], [ 9.4001455, 1.273671 ], [ 9.4106245, 1.281296 ], [ 9.4161062, 1.281547 ], [ 9.4213696, 1.2797291 ], [ 9.4252481, 1.280892 ], [ 9.431839, 1.289651 ], [ 9.434535, 1.3006921 ], [ 9.4377251, 1.303003 ], [ 9.4438534, 1.3129081 ], [ 9.4557133, 1.318469 ], [ 9.4593544, 1.32216 ], [ 9.4636574, 1.331599 ], [ 9.4627171, 1.3380309 ], [ 9.4637928, 1.354812 ], [ 9.4658461, 1.35551 ], [ 9.4597826, 1.386054 ], [ 9.4604502, 1.3904231 ], [ 9.4670525, 1.396884 ], [ 9.472743, 1.4083101 ], [ 9.476572, 1.4159961 ], [ 9.4909248, 1.4270829 ], [ 9.5155478, 1.4414251 ], [ 9.5317116, 1.457345 ], [ 9.5394611, 1.46243 ], [ 9.5428276, 1.478072 ], [ 9.5455503, 1.4831389 ], [ 9.5501108, 1.485684 ], [ 9.5581055, 1.487093 ], [ 9.5606632, 1.485429 ], [ 9.5618925, 1.4800019 ], [ 9.5556965, 1.460192 ], [ 9.5560551, 1.451547 ], [ 9.567522, 1.4421411 ], [ 9.5647688, 1.4498761 ], [ 9.559761, 1.452287 ], [ 9.5581675, 1.456727 ], [ 9.5644665, 1.478868 ], [ 9.5638752, 1.482597 ], [ 9.5622149, 1.486729 ], [ 9.5640326, 1.49098 ], [ 9.5690174, 1.501614 ], [ 9.5787163, 1.534748 ], [ 9.5837154, 1.5423521 ], [ 9.585289, 1.5490241 ], [ 9.5932436, 1.560776 ], [ 9.5943375, 1.573422 ], [ 9.6066389, 1.5838109 ], [ 9.6066208, 1.5886379 ], [ 9.6111965, 1.5877351 ], [ 9.6134624, 1.592571 ], [ 9.6196337, 1.5925931 ], [ 9.6226082, 1.5919139 ], [ 9.628087, 1.593773 ], [ 9.6266937, 1.599285 ], [ 9.6198025, 1.608225 ], [ 9.6152239, 1.6102771 ], [ 9.6074114, 1.6208229 ], [ 9.6098518, 1.6399111 ], [ 9.6098385, 1.643806 ], [ 9.6097755, 1.6601399 ], [ 9.6120329, 1.667275 ], [ 9.6222868, 1.6758169 ], [ 9.6234045, 1.6827179 ], [ 9.6304693, 1.6880311 ], [ 9.6364079, 1.689201 ], [ 9.6427832, 1.6958909 ], [ 9.6459627, 1.701419 ], [ 9.649848, 1.701663 ], [ 9.658287, 1.706751 ], [ 9.6603212, 1.712965 ], [ 9.663518, 1.7138959 ], [ 9.6637268, 1.7189541 ], [ 9.6762552, 1.7380049 ], [ 9.6819115, 1.746606 ], [ 9.6889963, 1.7473199 ], [ 9.6967525, 1.7519451 ], [ 9.7313709, 1.78701 ], [ 9.743619, 1.8134911 ], [ 9.7415543, 1.815323 ], [ 9.7429113, 1.8194671 ], [ 9.7421923, 1.8284299 ], [ 9.7437763, 1.8333219 ], [ 9.7427416, 1.8362371 ], [ 9.7394133, 1.837847 ], [ 9.7394056, 1.840376 ], [ 9.7498837, 1.850528 ], [ 9.7580967, 1.8556139 ], [ 9.7615099, 1.860224 ], [ 9.7603455, 1.865738 ], [ 9.7639971, 1.8675901 ], [ 9.7749691, 1.868547 ], [ 9.7804375, 1.873854 ], [ 9.7918015, 1.8925149 ], [ 9.7924671, 1.898266 ], [ 9.7903919, 1.903087 ], [ 9.7919865, 1.9049309 ], [ 9.7988462, 1.9044951 ], [ 9.8027258, 1.9068069 ], [ 9.8075075, 1.9125711 ], [ 9.8094225, 1.9196329 ], [ 9.8104401, 1.9233871 ], [ 9.8136225, 1.9289161 ], [ 9.8152752, 1.931235 ], [ 9.8106165, 1.938103 ], [ 9.8077574, 1.9469849 ], [ 9.8034468, 1.960381 ], [ 9.7925205, 2.009778 ], [ 9.7881441, 2.018271 ], [ 9.7837477, 2.0322821 ], [ 9.775382, 2.068814 ], [ 9.7652311, 2.0926929 ], [ 9.7676878, 2.1090269 ], [ 9.7827377, 2.121495 ], [ 9.7858572, 2.128129 ], [ 9.7875032, 2.131629 ], [ 9.7906733, 2.1406078 ], [ 9.7955971, 2.1702881 ], [ 9.7925558, 2.1891339 ], [ 9.7956467, 2.2197292 ], [ 9.7896538, 2.2522938 ], [ 9.7888803, 2.2564991 ], [ 9.7915831, 2.268007 ], [ 9.7906351, 2.2772019 ], [ 9.7797651, 2.3095911 ], [ 9.7785912, 2.3178651 ], [ 9.7803965, 2.325001 ], [ 9.78473, 2.328465 ], [ 9.7938747, 2.3298759 ], [ 9.8023109, 2.337723 ], [ 9.8148947, 2.3375361 ], [ 9.8178616, 2.3398459 ], [ 9.8221817, 2.3469889 ], [ 9.8249102, 2.351598 ], [ 9.8235073, 2.3601019 ], [ 9.8262081, 2.37253 ], [ 9.8261433, 2.3904679 ], [ 9.8209982, 2.4217281 ], [ 9.8221226, 2.4274809 ], [ 9.8294077, 2.4373951 ], [ 9.830574, 2.4442391 ], [ 9.8309765, 2.446599 ], [ 9.826787, 2.4661341 ], [ 9.8295021, 2.4748828 ], [ 9.8220692, 2.505676 ], [ 9.8275156, 2.5183439 ], [ 9.8249178, 2.540874 ], [ 9.8268814, 2.56756 ], [ 9.8330231, 2.5779312 ], [ 9.8348064, 2.591047 ], [ 9.8393393, 2.603482 ], [ 9.8404455, 2.614295 ], [ 9.8436308, 2.6191361 ], [ 9.8451328, 2.6474309 ], [ 9.8473787, 2.6518421 ], [ 9.8487692, 2.654573 ], [ 9.8521118, 2.6798849 ], [ 9.8614388, 2.696017 ], [ 9.8639231, 2.705225 ], [ 9.8616095, 2.712348 ], [ 9.8622761, 2.7181001 ], [ 9.8764038, 2.735857 ], [ 9.8795424, 2.754499 ], [ 9.8781176, 2.7692151 ], [ 9.8808365, 2.7770441 ], [ 9.8874331, 2.7885659 ], [ 9.8896952, 2.7963951 ], [ 9.8933477, 2.799397 ], [ 9.8947086, 2.8026211 ], [ 9.8880014, 2.822381 ], [ 9.8842745, 2.84077 ], [ 9.8876352, 2.8614831 ], [ 9.8935156, 2.881974 ], [ 9.8953438, 2.8829 ], [ 9.8996964, 2.881994 ], [ 9.8987589, 2.888201 ], [ 9.901, 2.90201 ], [ 9.8988762, 2.9201751 ], [ 9.9027405, 2.928009 ], [ 9.9027214, 2.9335289 ], [ 9.9065971, 2.938143 ], [ 9.9051991, 2.945039 ], [ 9.9079313, 2.9494181 ], [ 9.9115305, 2.967602 ], [ 9.914938, 2.9754341 ], [ 9.9281559, 2.992959 ], [ 9.932045, 2.994122 ], [ 9.9444893, 3.0068615 ], [ 9.9507525, 3.013285 ], [ 9.9546127, 3.022948 ], [ 9.9578056, 3.026639 ], [ 9.9600687, 3.0342371 ], [ 9.9593601, 3.0406761 ], [ 9.9616175, 3.050344 ], [ 9.9659491, 3.055649 ], [ 9.9668429, 3.061876 ], [ 9.9651985, 3.0745091 ], [ 9.9695349, 3.078434 ], [ 9.9743404, 3.0793691 ], [ 9.9754686, 3.0842042 ], [ 9.9698315, 3.0997469 ], [ 9.9632168, 3.11798 ], [ 9.9434023, 3.1531131 ], [ 9.9286089, 3.192862 ], [ 9.923768, 3.201818 ], [ 9.9244471, 3.2043509 ], [ 9.9348078, 3.1992049 ], [ 9.9310808, 3.2064431 ], [ 9.9241915, 3.212172 ], [ 9.9193583, 3.218827 ], [ 9.9110575, 3.2349031 ], [ 9.903698, 3.2438509 ], [ 9.8982449, 3.260931 ], [ 9.9001827, 3.2666142 ], [ 9.8981066, 3.270978 ], [ 9.8959951, 3.2850039 ], [ 9.8879137, 3.303611 ], [ 9.8743324, 3.322891 ], [ 9.8646812, 3.3316009 ], [ 9.8598413, 3.340097 ], [ 9.8478718, 3.3566201 ], [ 9.8307648, 3.374315 ], [ 9.8292484, 3.3758829 ], [ 9.8161306, 3.392863 ], [ 9.7991199, 3.409369 ], [ 9.7793331, 3.4332271 ], [ 9.7444372, 3.4660161 ], [ 9.7434721, 3.466922 ], [ 9.7326756, 3.475167 ], [ 9.7204828, 3.488698 ], [ 9.7172785, 3.4879961 ], [ 9.7126856, 3.4909711 ], [ 9.7002697, 3.50266 ], [ 9.6869478, 3.511816 ], [ 9.6589069, 3.535872 ], [ 9.6529484, 3.5363112 ], [ 9.6467419, 3.5415802 ], [ 9.6376858, 3.5512412 ], [ 9.6363974, 3.5493851 ], [ 9.6311712, 3.55232 ], [ 9.6295986, 3.554229 ], [ 9.6295805, 3.557718 ], [ 9.6314716, 3.5610421 ], [ 9.6326895, 3.5607011 ], [ 9.6348019, 3.55548 ], [ 9.6438885, 3.5691769 ], [ 9.6452274, 3.5783839 ], [ 9.6484213, 3.581846 ], [ 9.6461115, 3.586899 ], [ 9.6428881, 3.5910289 ], [ 9.636694, 3.5930769 ], [ 9.6357565, 3.5985949 ], [ 9.6372032, 3.6081061 ], [ 9.6399765, 3.6263239 ], [ 9.6411915, 3.6263311 ], [ 9.6422987, 3.6143029 ], [ 9.6469021, 3.6198001 ], [ 9.6519489, 3.6182079 ], [ 9.6617298, 3.618077 ], [ 9.6627598, 3.6203501 ], [ 9.6597242, 3.622376 ], [ 9.6489506, 3.6234879 ], [ 9.6487055, 3.627629 ], [ 9.653513, 3.6287959 ], [ 9.6470165, 3.6413651 ], [ 9.647274, 3.6577621 ], [ 9.6458645, 3.6617651 ], [ 9.643445, 3.6593089 ], [ 9.6443005, 3.6513071 ], [ 9.6445427, 3.649025 ], [ 9.6437044, 3.6434391 ], [ 9.6419582, 3.6451731 ], [ 9.6384678, 3.6685419 ], [ 9.6151609, 3.710789 ], [ 9.59235, 3.7485411 ], [ 9.5768747, 3.774147 ], [ 9.5462484, 3.811305 ], [ 9.5455494, 3.8142931 ], [ 9.5492134, 3.814996 ], [ 9.5521975, 3.8138571 ], [ 9.5641575, 3.803319 ], [ 9.5637102, 3.800096 ], [ 9.5676041, 3.8008001 ], [ 9.5712767, 3.7992029 ], [ 9.5793285, 3.791641 ], [ 9.5844631, 3.7945801 ], [ 9.5859394, 3.800637 ], [ 9.5911903, 3.805948 ], [ 9.596673, 3.810338 ], [ 9.5991411, 3.823921 ], [ 9.5975904, 3.8366239 ], [ 9.5974855, 3.8374889 ], [ 9.6052265, 3.8508599 ], [ 9.6102171, 3.863992 ], [ 9.6143456, 3.8635468 ], [ 9.620285, 3.8683991 ], [ 9.625103, 3.8672669 ], [ 9.6313181, 3.860157 ], [ 9.6444025, 3.8551421 ], [ 9.645566, 3.8503149 ], [ 9.6561251, 3.8459809 ], [ 9.6588936, 3.84162 ], [ 9.6575308, 3.838165 ], [ 9.6582308, 3.8347161 ], [ 9.6667023, 3.8370471 ], [ 9.6766148, 3.821898 ], [ 9.678689, 3.8186851 ], [ 9.6903543, 3.8249371 ], [ 9.6878157, 3.829529 ], [ 9.6868782, 3.835047 ], [ 9.6877642, 3.843333 ], [ 9.6907187, 3.8500149 ], [ 9.6964331, 3.853946 ], [ 9.7021589, 3.8551168 ], [ 9.707246, 3.8544052 ], [ 9.7134327, 3.8536227 ], [ 9.718627, 3.8643761 ], [ 9.712656, 3.867347 ], [ 9.6997719, 3.880415 ], [ 9.6983843, 3.8838611 ], [ 9.6997499, 3.8863959 ], [ 9.6926346, 3.8893621 ], [ 9.6896362, 3.8941829 ], [ 9.6864214, 3.895782 ], [ 9.6802034, 3.903352 ], [ 9.6783495, 3.908637 ], [ 9.6794825, 3.9125521 ], [ 9.6836042, 3.9132569 ], [ 9.6920948, 3.9107561 ], [ 9.6964407, 3.9133019 ], [ 9.6975498, 3.9229679 ], [ 9.6947708, 3.9305501 ], [ 9.6901703, 3.9349051 ], [ 9.6871815, 3.937655 ], [ 9.6599045, 3.9373291 ], [ 9.6543932, 3.9400702 ], [ 9.6475277, 3.9370551 ], [ 9.6427116, 3.9377279 ], [ 9.6401958, 3.9361091 ], [ 9.6365252, 3.937016 ], [ 9.6335354, 3.9395359 ], [ 9.6305332, 3.9455071 ], [ 9.6261148, 3.962055 ], [ 9.6279306, 3.9666629 ], [ 9.632741, 3.9676001 ], [ 9.6339111, 3.9661529 ], [ 9.63694, 3.9685121 ], [ 9.6359215, 3.9749739 ], [ 9.6438761, 3.9929469 ], [ 9.6584597, 4.016005 ], [ 9.661438, 4.0164762 ], [ 9.6692553, 4.0102921 ], [ 9.6751966, 4.0153742 ], [ 9.6735468, 4.0273309 ], [ 9.674674, 4.0323973 ], [ 9.6783266, 4.036551 ], [ 9.6817589, 4.0381732 ], [ 9.6906395, 4.0540791 ], [ 9.7052565, 4.0690842 ], [ 9.7118912, 4.0725579 ], [ 9.7130175, 4.0783129 ], [ 9.7184811, 4.0882249 ], [ 9.7178585, 4.0904828 ], [ 9.7009514, 4.0831491 ], [ 9.7008476, 4.0831022 ], [ 9.6996927, 4.0853992 ], [ 9.7035675, 4.0916243 ], [ 9.7019577, 4.0927682 ], [ 9.6964569, 4.092289 ], [ 9.6957579, 4.0952773 ], [ 9.7009668, 4.1123199 ], [ 9.6995668, 4.1187568 ], [ 9.6977291, 4.1199007 ], [ 9.6909332, 4.098021 ], [ 9.6856554, 4.0895013 ], [ 9.6847954, 4.0841961 ], [ 9.6875753, 4.0763841 ], [ 9.6924181, 4.068809 ], [ 9.6917429, 4.0655861 ], [ 9.6782284, 4.0625472 ], [ 9.6683893, 4.0574512 ], [ 9.6537113, 4.05901 ], [ 9.6545429, 4.0557251 ], [ 9.6553402, 4.0525727 ], [ 9.6473541, 4.0426531 ], [ 9.6434679, 4.0398779 ], [ 9.6366348, 4.0283499 ], [ 9.6249371, 4.0299191 ], [ 9.6217375, 4.027606 ], [ 9.6261101, 4.0230212 ], [ 9.6245136, 4.0207152 ], [ 9.6146641, 4.0188389 ], [ 9.603919, 4.0112081 ], [ 9.5933924, 4.0063391 ], [ 9.5846834, 4.005847 ], [ 9.5720625, 4.0094819 ], [ 9.5670033, 4.0133739 ], [ 9.5629196, 4.0132079 ], [ 9.5562239, 4.0147152 ], [ 9.5406141, 4.019949 ], [ 9.5383654, 4.0250858 ], [ 9.5332546, 4.0261331 ], [ 9.5282164, 4.024734 ], [ 9.5213795, 4.0148158 ], [ 9.5246916, 4.011518 ], [ 9.5250607, 4.0111489 ], [ 9.5299263, 3.998054 ], [ 9.5297584, 3.9945869 ], [ 9.5295103, 3.9892867 ], [ 9.5366974, 3.96679 ], [ 9.5326109, 3.956883 ], [ 9.5275784, 3.954103 ], [ 9.5234451, 3.9561579 ], [ 9.5177164, 3.955677 ], [ 9.4993963, 3.951237 ], [ 9.4830666, 3.9649801 ], [ 9.483736, 3.969353 ], [ 9.4782114, 3.9750838 ], [ 9.4710789, 3.981729 ], [ 9.4680862, 3.9849391 ], [ 9.4625816, 3.9856081 ], [ 9.4609699, 3.987442 ], [ 9.4552412, 3.9867301 ], [ 9.4526081, 3.983906 ], [ 9.4585009, 3.974319 ], [ 9.4592056, 3.9704111 ], [ 9.4612713, 3.9694991 ], [ 9.464282, 3.9619179 ], [ 9.4611235, 3.9492531 ], [ 9.4616022, 3.9441929 ], [ 9.4577141, 3.939111 ], [ 9.4555683, 3.941047 ], [ 9.4572926, 3.9333639 ], [ 9.4620218, 3.9327049 ], [ 9.4608707, 3.9301651 ], [ 9.4649134, 3.9188991 ], [ 9.4782591, 3.906296 ], [ 9.4768906, 3.90468 ], [ 9.451273, 3.8912401 ], [ 9.4302197, 3.8828769 ], [ 9.4185371, 3.881222 ], [ 9.4073038, 3.881639 ], [ 9.387805, 3.8860369 ], [ 9.3802328, 3.8877461 ], [ 9.3604832, 3.8968711 ], [ 9.326231, 3.920892 ], [ 9.3154144, 3.9312019 ], [ 9.293726, 3.964705 ], [ 9.2888985, 3.967906 ], [ 9.2879906, 3.965832 ], [ 9.2864208, 3.9655831 ], [ 9.2850122, 3.9653602 ], [ 9.2797251, 3.9690199 ], [ 9.2726173, 3.9692209 ], [ 9.2712526, 3.9666848 ], [ 9.2754049, 3.960721 ], [ 9.2726727, 3.9563379 ], [ 9.2676277, 3.956778 ], [ 9.2573395, 3.950525 ], [ 9.2559834, 3.9461482 ], [ 9.2585211, 3.9422469 ], [ 9.2573843, 3.940172 ], [ 9.2541761, 3.939929 ], [ 9.2502985, 3.9355419 ], [ 9.2392864, 3.9375679 ], [ 9.2394791, 3.9460809 ], [ 9.2360115, 3.9531989 ], [ 9.2277651, 3.951555 ], [ 9.225462, 3.9540761 ], [ 9.2229404, 3.954066 ], [ 9.2211456, 3.945086 ], [ 9.2188625, 3.9432371 ], [ 9.2161112, 3.9432249 ], [ 9.2154474, 3.9444211 ], [ 9.2124147, 3.949882 ], [ 9.211937, 3.9542511 ], [ 9.2146654, 3.9593239 ], [ 9.2130404, 3.964148 ], [ 9.2168989, 3.9729059 ], [ 9.2161961, 3.976584 ], [ 9.2090416, 3.9875979 ], [ 9.2101803, 3.9894431 ], [ 9.2145414, 3.988081 ], [ 9.216136, 3.9903879 ], [ 9.2161245, 3.993149 ], [ 9.2110548, 3.999109 ], [ 9.2140093, 4.0051031 ], [ 9.2121601, 4.0085459 ], [ 9.2006874, 4.0110302 ], [ 9.184866, 4.0118852 ], [ 9.1798315, 4.0100241 ], [ 9.174082, 4.0113298 ], [ 9.1731944, 4.0108056 ], [ 9.1708956, 4.0088372 ], [ 9.166275, 4.0090222 ], [ 9.1553049, 4.0094619 ], [ 9.1502333, 4.015882 ], [ 9.1433535, 4.016314 ], [ 9.1371698, 4.0151381 ], [ 9.131238, 4.0086713 ], [ 9.1271181, 4.0072727 ], [ 9.123208, 4.0102482 ], [ 9.1229601, 4.0143881 ], [ 9.1163254, 4.0113692 ], [ 9.1075897, 4.0168529 ], [ 9.1006727, 4.0257959 ], [ 9.0730772, 4.0450039 ], [ 9.0649967, 4.0492139 ], [ 9.0590601, 4.0523071 ], [ 9.0349436, 4.0620961 ], [ 9.0284967, 4.0682788 ], [ 9.0252848, 4.0687261 ], [ 9.0207138, 4.0657148 ], [ 9.0145044, 4.069829 ], [ 9.0144825, 4.0746598 ], [ 9.0025406, 4.0794401 ], [ 8.9935493, 4.089983 ], [ 8.9875679, 4.0945582 ], [ 8.9795341, 4.0965939 ], [ 8.978838, 4.0984311 ], [ 8.9808779, 4.1035008 ], [ 8.9854517, 4.1060519 ], [ 8.9891891, 4.113513 ], [ 8.9922667, 4.1196561 ], [ 8.9887981, 4.1260819 ], [ 8.991189, 4.1546202 ], [ 8.9957304, 4.164072 ], [ 8.9963827, 4.1718969 ], [ 9.000248, 4.1790462 ], [ 8.9997644, 4.1843348 ], [ 8.996068, 4.1905313 ], [ 8.9961161, 4.1906228 ], [ 8.9978282, 4.1939423 ], [ 8.9976572, 4.1947783 ], [ 8.9960222, 4.2004232 ], [ 8.9900274, 4.2075291 ], [ 8.9854065, 4.2203274 ], [ 8.9810381, 4.2249734 ], [ 8.9777784, 4.2284102 ], [ 8.9706297, 4.2371211 ], [ 8.9653378, 4.2410092 ], [ 8.9568338, 4.2453418 ], [ 8.9432878, 4.2489638 ], [ 8.9338598, 4.254673 ], [ 8.9246407, 4.2645249 ], [ 8.9160795, 4.2810512 ], [ 8.9105654, 4.2830968 ], [ 8.90734, 4.286303 ], [ 8.9068556, 4.2920518 ], [ 8.9089222, 4.301363 ], [ 8.9120197, 4.315311 ], [ 8.9099255, 4.3219728 ], [ 8.902298, 4.334363 ], [ 8.8990278, 4.3470011 ], [ 8.8932323, 4.3600879 ], [ 8.8920593, 4.3656039 ], [ 8.8931475, 4.378262 ], [ 8.89009, 4.3941221 ], [ 8.8833761, 4.4074349 ], [ 8.8819571, 4.4164 ], [ 8.8846912, 4.4203238 ], [ 8.8862091, 4.4228727 ], [ 8.8830605, 4.4256082 ], [ 8.880969, 4.4313502 ], [ 8.8816071, 4.4419351 ], [ 8.8886824, 4.4493279 ], [ 8.8941708, 4.4528041 ], [ 8.9021912, 4.4542198 ], [ 8.9001074, 4.4583521 ], [ 8.8934336, 4.4631529 ], [ 8.8904095, 4.472342 ], [ 8.8910751, 4.476716 ], [ 8.8952055, 4.4767342 ], [ 8.9084244, 4.4945068 ], [ 8.899889, 4.504591 ], [ 8.8982887, 4.503664 ], [ 8.8879461, 4.507988 ], [ 8.882391, 4.5185452 ], [ 8.8692675, 4.5288382 ], [ 8.8624163, 4.522366 ], [ 8.8587427, 4.5230389 ], [ 8.8543653, 4.5271602 ], [ 8.8407974, 4.5342298 ], [ 8.8368549, 4.5431852 ], [ 8.8372993, 4.5461769 ], [ 8.8418818, 4.547348 ], [ 8.8402672, 4.549181 ], [ 8.8345308, 4.5496149 ], [ 8.8313341, 4.54638 ], [ 8.830164, 4.5512061 ], [ 8.8246374, 4.5557809 ], [ 8.8120222, 4.5554929 ], [ 8.7998915, 4.5499172 ], [ 8.8015223, 4.5446329 ], [ 8.7987881, 4.54071 ], [ 8.7937565, 4.5379262 ], [ 8.787591, 4.5319161 ], [ 8.7816315, 4.531199 ], [ 8.7782049, 4.528192 ], [ 8.7683477, 4.5267663 ], [ 8.7514982, 4.5480819 ], [ 8.7475891, 4.5501351 ], [ 8.7429045, 4.555632 ], [ 8.7422925, 4.5562009 ], [ 8.7383738, 4.5581431 ], [ 8.7305698, 4.5590272 ], [ 8.7190723, 4.564724 ], [ 8.7077751, 4.5761743 ], [ 8.7020245, 4.5793672 ], [ 8.704772, 4.5805302 ], [ 8.7054453, 4.5835238 ], [ 8.7012644, 4.5938559 ], [ 8.6972551, 4.615922 ], [ 8.6979351, 4.6175351 ], [ 8.7052784, 4.6171103 ], [ 8.6939993, 4.6248779 ], [ 8.6900473, 4.635211 ], [ 8.6785059, 4.6494188 ], [ 8.6807747, 4.6544909 ], [ 8.6756811, 4.6638989 ], [ 8.6733675, 4.667799 ], [ 8.6625566, 4.6732678 ], [ 8.66117, 4.6753321 ], [ 8.6620665, 4.6797071 ], [ 8.6563301, 4.6796789 ], [ 8.6507969, 4.6849442 ], [ 8.6466093, 4.6966562 ], [ 8.6459708, 4.7024225 ], [ 8.6443885, 4.71622 ], [ 8.6370897, 4.718925 ], [ 8.6359835, 4.7108669 ], [ 8.6339302, 4.7085581 ], [ 8.6360292, 4.7016659 ], [ 8.6333609, 4.6848612 ], [ 8.6356745, 4.68119 ], [ 8.6495237, 4.664464 ], [ 8.654624, 4.6539068 ], [ 8.6616764, 4.619894 ], [ 8.6636467, 4.592988 ], [ 8.6630106, 4.5828629 ], [ 8.6669836, 4.5679288 ], [ 8.6658497, 4.565392 ], [ 8.6702385, 4.559433 ], [ 8.6736889, 4.5573778 ], [ 8.6746721, 4.54427 ], [ 8.6778812, 4.544745 ], [ 8.6847773, 4.5417881 ], [ 8.689826, 4.5413508 ], [ 8.7043524, 4.526237 ], [ 8.7036839, 4.5223231 ], [ 8.7060223, 4.5133619 ], [ 8.7035093, 4.5112801 ], [ 8.7035227, 4.5085192 ], [ 8.7106228, 4.510623 ], [ 8.7143078, 4.5076489 ], [ 8.7131786, 4.5041938 ], [ 8.6999588, 4.4871078 ], [ 8.6919518, 4.4829292 ], [ 8.6825619, 4.480124 ], [ 8.6748934, 4.4793882 ], [ 8.6724739, 4.479156 ], [ 8.6570854, 4.483223 ], [ 8.6327715, 4.4833369 ], [ 8.6180782, 4.4860272 ], [ 8.601799, 4.484798 ], [ 8.5935345, 4.4863691 ], [ 8.5749769, 4.4819069 ], [ 8.5646591, 4.4811659 ], [ 8.5547848, 4.483418 ], [ 8.5531597, 4.4873219 ], [ 8.5430326, 4.4939442 ], [ 8.5267515, 4.4931731 ], [ 8.5237589, 4.4952288 ], [ 8.5162621, 4.4964991 ], [ 8.5131979, 4.4970169 ], [ 8.5060606, 4.5022731 ], [ 8.5025883, 4.5082369 ], [ 8.4982452, 4.5493941 ], [ 8.4947634, 4.557199 ], [ 8.4949732, 4.56111 ], [ 8.500494, 4.558147 ], [ 8.5133343, 4.5591311 ], [ 8.5174799, 4.5559311 ], [ 8.5190678, 4.5593901 ], [ 8.525032, 4.5594192 ], [ 8.523407, 4.5630913 ], [ 8.526351, 4.5704679 ], [ 8.5247269, 4.574141 ], [ 8.5253973, 4.5775938 ], [ 8.5177784, 4.586988 ], [ 8.5143309, 4.5881219 ], [ 8.5117741, 4.5945501 ], [ 8.4988327, 4.6128898 ], [ 8.5024357, 4.6257911 ], [ 8.5078888, 4.6359391 ], [ 8.5140438, 4.6435609 ], [ 8.516963, 4.6557679 ], [ 8.515996, 4.665195 ], [ 8.5226612, 4.6629281 ], [ 8.5375805, 4.6616211 ], [ 8.5428438, 4.6641769 ], [ 8.5471811, 4.6683388 ], [ 8.5480623, 4.670938 ], [ 8.5514765, 4.6810131 ], [ 8.5535307, 4.6828628 ], [ 8.5567551, 4.6819468 ], [ 8.5579205, 4.6855311 ], [ 8.5564861, 4.688169 ], [ 8.5573931, 4.6902432 ], [ 8.5629053, 4.6891198 ], [ 8.5668697, 4.6899362 ], [ 8.5653944, 4.6958032 ], [ 8.557086, 4.7054238 ], [ 8.5522261, 4.7134519 ], [ 8.5498915, 4.721262 ], [ 8.5511074, 4.7280049 ], [ 8.5518894, 4.7323489 ], [ 8.5462627, 4.7351217 ], [ 8.5438013, 4.7317958 ], [ 8.5422764, 4.7297359 ], [ 8.539299, 4.7288008 ], [ 8.527482, 4.7266331 ], [ 8.5310888, 4.7191 ], [ 8.5324965, 4.7131248 ], [ 8.531599, 4.711647 ], [ 8.5306768, 4.710125 ], [ 8.5194616, 4.705009 ], [ 8.5088959, 4.707027 ], [ 8.5096455, 4.695529 ], [ 8.493598, 4.6929193 ], [ 8.4890213, 4.6905961 ], [ 8.4844294, 4.6912627 ], [ 8.4740753, 4.6969619 ], [ 8.4598303, 4.7008018 ], [ 8.4595795, 4.7049413 ], [ 8.4663582, 4.7247591 ], [ 8.4690914, 4.7284532 ], [ 8.4748335, 4.7273321 ], [ 8.4755135, 4.7289448 ], [ 8.4784565, 4.7365508 ], [ 8.4733868, 4.7406669 ], [ 8.4650517, 4.7551169 ], [ 8.4615984, 4.7571702 ], [ 8.4605742, 4.7520261 ], [ 8.4598103, 4.7481899 ], [ 8.4509211, 4.7368741 ], [ 8.4484024, 4.73594 ], [ 8.4415102, 4.7377458 ], [ 8.4351273, 4.7298927 ], [ 8.4291735, 4.727562 ], [ 8.4204588, 4.7268281 ], [ 8.4151697, 4.7291021 ], [ 8.4114647, 4.7355237 ], [ 8.4048319, 4.7315803 ], [ 8.3972378, 4.735682 ], [ 8.38797, 4.7526579 ], [ 8.3884077, 4.7565699 ], [ 8.4027882, 4.7706761 ], [ 8.3984098, 4.7741041 ], [ 8.3979321, 4.777782 ], [ 8.4011135, 4.7837801 ], [ 8.3937445, 4.7885718 ], [ 8.3827744, 4.7802348 ], [ 8.3759012, 4.7783599 ], [ 8.3708496, 4.7790251 ], [ 8.3604708, 4.7888632 ], [ 8.3464375, 4.7959208 ], [ 8.3332911, 4.8080449 ], [ 8.3345919, 4.822084 ], [ 8.3382254, 4.8292351 ], [ 8.3361559, 4.8299141 ], [ 8.328146, 4.8259621 ], [ 8.3240108, 4.82686 ], [ 8.3090057, 4.8433452 ], [ 8.3002434, 4.85112 ], [ 8.2984114, 4.850421 ], [ 8.2901468, 4.851068 ], [ 8.2885294, 4.8531289 ], [ 8.2715874, 4.8459101 ], [ 8.2654076, 4.8431172 ], [ 8.2624559, 4.8373508 ], [ 8.2666178, 4.8316221 ], [ 8.2634306, 4.827004 ], [ 8.2590837, 4.8246813 ], [ 8.2563238, 4.8258171 ], [ 8.2501612, 4.8198042 ], [ 8.2610149, 4.807209 ], [ 8.2693462, 4.7943711 ], [ 8.2758064, 4.7879629 ], [ 8.2866173, 4.7831888 ], [ 8.3082705, 4.7676601 ], [ 8.3142805, 4.7596402 ], [ 8.3179932, 4.7518377 ], [ 8.3180141, 4.7479272 ], [ 8.3136969, 4.7400832 ], [ 8.3146963, 4.7251363 ], [ 8.3103437, 4.7239628 ], [ 8.3131428, 4.7204161 ], [ 8.309906, 4.7184749 ], [ 8.3118286, 4.7171469 ], [ 8.3181744, 4.718482 ], [ 8.3248882, 4.7072458 ], [ 8.3234911, 4.6688209 ], [ 8.3207645, 4.6639771 ], [ 8.3168678, 4.6632662 ], [ 8.3120699, 4.6595612 ], [ 8.3189955, 4.6517749 ], [ 8.32658, 4.6490541 ], [ 8.3298235, 4.6433201 ], [ 8.3195629, 4.6315341 ], [ 8.3182592, 4.618185 ], [ 8.3152905, 4.6156392 ], [ 8.309557, 4.6153789 ], [ 8.3075085, 4.612608 ], [ 8.3078127, 4.598577 ], [ 8.306468, 4.5928178 ], [ 8.2955332, 4.5787292 ], [ 8.2902737, 4.5757098 ], [ 8.2930403, 4.573194 ], [ 8.2992363, 4.5727668 ], [ 8.2862453, 4.5572853 ], [ 8.2801113, 4.5464411 ], [ 8.2826557, 4.5425439 ], [ 8.2792358, 4.5386152 ], [ 8.2719011, 4.5376558 ], [ 8.2423582, 4.538301 ], [ 8.2379475, 4.5383978 ], [ 8.2030659, 4.5409732 ], [ 8.1931906, 4.543221 ], [ 8.1496, 4.5443668 ], [ 8.1245842, 4.5465331 ], [ 8.1167145, 4.5460939 ], [ 8.037673, 4.5416861 ], [ 8.0110626, 4.5419979 ], [ 8.0007524, 4.5398698 ], [ 7.9952421, 4.54076 ], [ 7.9920139, 4.5435019 ], [ 7.9876618, 4.5423269 ], [ 7.9812579, 4.5390711 ], [ 7.9677372, 4.5369248 ], [ 7.941586, 4.5370069 ], [ 7.9356093, 4.5392752 ], [ 7.929966, 4.5387669 ], [ 7.9370131, 4.5346808 ], [ 7.9001021, 4.532187 ], [ 7.884963, 4.5311651 ], [ 7.8130021, 4.5201678 ], [ 7.7946782, 4.5156899 ], [ 7.7754049, 4.5164981 ], [ 7.7749691, 4.512815 ], [ 7.7642021, 4.5104508 ], [ 7.7190404, 4.5062742 ], [ 7.7011762, 4.5017972 ], [ 7.6858153, 4.500556 ], [ 7.6780453, 4.4959078 ], [ 7.672771, 4.495646 ], [ 7.6661029, 4.498137 ], [ 7.6605701, 4.5027051 ], [ 7.6598983, 4.5001698 ], [ 7.664053, 4.4958239 ], [ 7.6613178, 4.4930472 ], [ 7.656281, 4.4916372 ], [ 7.6262913, 4.482255 ], [ 7.6235352, 4.4829283 ], [ 7.622858, 4.4810829 ], [ 7.6146183, 4.4782729 ], [ 7.608427, 4.4780049 ], [ 7.6029119, 4.4795818 ], [ 7.5992069, 4.4850812 ], [ 7.5989251, 4.4935908 ], [ 7.5915933, 4.492167 ], [ 7.5834042, 4.480077 ], [ 7.5810342, 4.4571342 ], [ 7.57967, 4.455286 ], [ 7.5741711, 4.4543319 ], [ 7.5253139, 4.4547219 ], [ 7.493587, 4.4525681 ], [ 7.4657054, 4.4506731 ], [ 7.436182, 4.4405961 ], [ 7.4221931, 4.4402781 ], [ 7.414187, 4.437007 ], [ 7.4008861, 4.4366932 ], [ 7.3702621, 4.4416962 ], [ 7.3303962, 4.4482079 ], [ 7.321888, 4.451375 ], [ 7.3205252, 4.4495249 ], [ 7.309514, 4.4496851 ], [ 7.3147001, 4.4285531 ], [ 7.313344, 4.4255528 ], [ 7.3080859, 4.4229889 ], [ 7.2732902, 4.4131022 ], [ 7.2700553, 4.4115548 ], [ 7.2586579, 4.406106 ], [ 7.2488012, 4.4053521 ], [ 7.2231779, 4.395752 ], [ 7.220222, 4.3920531 ], [ 7.214025, 4.3927021 ], [ 7.2051163, 4.387352 ], [ 7.1961651, 4.3884439 ], [ 7.1504121, 4.3850431 ], [ 7.1418371, 4.3844051 ], [ 7.1363258, 4.3852887 ], [ 7.131721, 4.3880191 ], [ 7.1284232, 4.40065 ], [ 7.1304102, 4.4119358 ], [ 7.1342802, 4.4161019 ], [ 7.1407652, 4.4069428 ], [ 7.143291, 4.4064999 ], [ 7.1453443, 4.408124 ], [ 7.1448712, 4.410192 ], [ 7.1411929, 4.4113169 ], [ 7.139112, 4.4138341 ], [ 7.1417933, 4.4242039 ], [ 7.1597471, 4.4484787 ], [ 7.1642733, 4.4574809 ], [ 7.1483703, 4.468648 ], [ 7.1409783, 4.476191 ], [ 7.1286349, 4.4698982 ], [ 7.1206212, 4.4680042 ], [ 7.1185822, 4.4643102 ], [ 7.1160603, 4.4640632 ], [ 7.1123652, 4.46772 ], [ 7.1093993, 4.4653988 ], [ 7.1050611, 4.4626088 ], [ 7.1032209, 4.4632869 ], [ 7.1001563, 4.4582348 ], [ 7.1005712, 4.4545808 ], [ 7.1044302, 4.4543228 ], [ 7.105372, 4.4506488 ], [ 7.0978084, 4.4499083 ], [ 7.0856099, 4.456038 ], [ 7.0821891, 4.4532537 ], [ 7.0755472, 4.451829 ], [ 7.0762491, 4.4497643 ], [ 7.0746598, 4.447453 ], [ 7.0616302, 4.441154 ], [ 7.03688, 4.4379959 ], [ 7.0309319, 4.435885 ], [ 7.02634, 4.4365439 ], [ 7.0189381, 4.445467 ], [ 7.0198379, 4.4480028 ], [ 7.0249143, 4.443666 ], [ 7.027658, 4.4448352 ], [ 7.017931, 4.458343 ], [ 7.0009151, 4.4644389 ], [ 6.9915032, 4.4655252 ], [ 6.9924412, 4.4625411 ], [ 6.9893131, 4.4507871 ], [ 6.9972792, 4.4269152 ], [ 7.0014672, 4.4184308 ], [ 7.008626, 4.4113479 ], [ 7.0134764, 4.4065499 ], [ 7.013042, 4.4030957 ], [ 7.0051341, 4.3874178 ], [ 7.0062971, 4.38693 ], [ 7.0078692, 4.388567 ], [ 7.0142241, 4.3980432 ], [ 7.0146832, 4.3936491 ], [ 7.0115461, 4.3874421 ], [ 7.006979, 4.3846512 ], [ 6.9962831, 4.3728452 ], [ 6.9889503, 4.3718748 ], [ 6.9834299, 4.3741379 ], [ 6.9755778, 4.381906 ], [ 6.9725561, 4.3876371 ], [ 6.9686832, 4.3839293 ], [ 6.9707699, 4.380723 ], [ 6.970098, 4.378417 ], [ 6.9650741, 4.375392 ], [ 6.950634, 4.3741431 ], [ 6.936357, 4.3823271 ], [ 6.9064941, 4.3890233 ], [ 6.87045, 4.394064 ], [ 6.8563571, 4.376482 ], [ 6.8681121, 4.3682818 ], [ 6.8701973, 4.3653049 ], [ 6.8686099, 4.3627629 ], [ 6.8592262, 4.360168 ], [ 6.8462982, 4.3588591 ], [ 6.8030791, 4.3544831 ], [ 6.7820182, 4.3492732 ], [ 6.7575021, 4.3461089 ], [ 6.7380161, 4.3450499 ], [ 6.7299762, 4.3468328 ], [ 6.7232871, 4.352077 ], [ 6.7138939, 4.3506289 ], [ 6.7047501, 4.346653 ], [ 6.7024989, 4.3408852 ], [ 6.633316, 4.3307242 ], [ 6.6264601, 4.3274541 ], [ 6.6216769, 4.3230481 ], [ 6.6168671, 4.3223219 ], [ 6.6136441, 4.3239098 ], [ 6.6103892, 4.3298669 ], [ 6.603456, 4.3369489 ], [ 6.592248, 4.3329558 ], [ 6.585393, 4.3296852 ], [ 6.5759983, 4.3286958 ], [ 6.541563, 4.3266191 ], [ 6.4934759, 4.3237171 ], [ 6.4662519, 4.315002 ], [ 6.4575262, 4.3165469 ], [ 6.4554749, 4.3149219 ], [ 6.4476571, 4.3176241 ], [ 6.4354501, 4.3244348 ], [ 6.4292169, 4.329679 ], [ 6.433989, 4.3354659 ], [ 6.4300389, 4.3421092 ], [ 6.4211011, 4.341352 ], [ 6.4115052, 4.336678 ], [ 6.403471, 4.3375382 ], [ 6.3982401, 4.3319769 ], [ 6.4151421, 4.3111691 ], [ 6.41149, 4.3088408 ], [ 6.3393221, 4.3000131 ], [ 6.2994318, 4.298327 ], [ 6.2886691, 4.2964048 ], [ 6.2503738, 4.2961102 ], [ 6.2414241, 4.2969608 ], [ 6.2384191, 4.2999291 ], [ 6.2365899, 4.2992239 ], [ 6.2242508, 4.2936082 ], [ 6.220397, 4.2880559 ], [ 6.2135401, 4.2852421 ], [ 6.1617351, 4.2825379 ], [ 6.138597, 4.2795959 ], [ 6.113831, 4.2796311 ], [ 6.1019349, 4.2783771 ], [ 6.0902309, 4.277144 ], [ 6.0842652, 4.2775559 ], [ 6.0803413, 4.280746 ], [ 6.0762019, 4.282094 ], [ 6.0625772, 4.2937188 ], [ 6.0566721, 4.2934608 ], [ 6.051085, 4.2968478 ], [ 6.0345263, 4.3026981 ], [ 6.0184541, 4.3051 ], [ 6.0, 4.3120308 ], [ 5.9954772, 4.31073 ], [ 5.9883633, 4.3103051 ], [ 5.9810553, 4.3172469 ], [ 5.9657493, 4.3313651 ], [ 5.9607048, 4.3320789 ], [ 5.954814, 4.3355479 ], [ 5.8810782, 4.3789649 ], [ 5.855247, 4.4000373 ], [ 5.8534431, 4.4071817 ], [ 5.8511491, 4.4071932 ], [ 5.8486433, 4.411118 ], [ 5.84131, 4.4132252 ], [ 5.8257742, 4.428031 ], [ 5.8115859, 4.436615 ], [ 5.8003821, 4.445415 ], [ 5.7855043, 4.4537721 ], [ 5.7692733, 4.4674301 ], [ 5.7605853, 4.474606 ], [ 5.754663, 4.4845319 ], [ 5.7467084, 4.5020647 ], [ 5.7359581, 4.5099421 ], [ 5.732985, 4.5122571 ], [ 5.7142253, 4.525465 ], [ 5.706686, 4.5333261 ], [ 5.70327, 4.539557 ], [ 5.7005153, 4.5391088 ], [ 5.695715, 4.5435052 ], [ 5.6934271, 4.5451269 ], [ 5.6833382, 4.546783 ], [ 5.674191, 4.5544209 ], [ 5.6419802, 4.5888667 ], [ 5.621665, 4.6149702 ], [ 5.60954, 4.6323428 ], [ 5.5892701, 4.6613851 ], [ 5.5666842, 4.6941719 ], [ 5.547534, 4.7253332 ], [ 5.5420699, 4.7364058 ], [ 5.5427799, 4.741467 ], [ 5.5402689, 4.7449322 ], [ 5.5195189, 4.775238 ], [ 5.5160832, 4.7802567 ], [ 5.5051489, 4.8010211 ], [ 5.4816551, 4.8379531 ], [ 5.4588733, 4.8813262 ], [ 5.4591198, 4.885468 ], [ 5.4589124, 4.8907638 ], [ 5.4633141, 4.9006429 ], [ 5.4642401, 4.9027109 ], [ 5.4593081, 4.90872 ], [ 5.4553299, 4.913568 ], [ 5.4528379, 4.921865 ], [ 5.446003, 4.9350152 ], [ 5.4446449, 4.9398551 ], [ 5.4467673, 4.9536572 ], [ 5.4445271, 4.9677081 ], [ 5.4328632, 5.0 ], [ 5.422945, 5.027462 ], [ 5.4220452, 5.029952 ], [ 5.4186339, 5.0382528 ], [ 5.4035711, 5.061564 ], [ 5.3709688, 5.121314 ], [ 5.3675599, 5.1303048 ], [ 5.368495, 5.1344452 ], [ 5.3733239, 5.1362662 ], [ 5.3694592, 5.1459489 ], [ 5.3685513, 5.1489449 ], [ 5.3591709, 5.1579599 ], [ 5.3543749, 5.1646547 ], [ 5.3521032, 5.1708789 ], [ 5.3523493, 5.175251 ], [ 5.35605, 5.1821413 ], [ 5.3568082, 5.1869497 ], [ 5.3569932, 5.1881223 ], [ 5.3554711, 5.2099938 ], [ 5.3484602, 5.2381029 ], [ 5.347157, 5.257442 ], [ 5.3318172, 5.3103151 ], [ 5.3285708, 5.3215017 ], [ 5.32794, 5.336235 ], [ 5.3229589, 5.354897 ], [ 5.3243709, 5.363637 ], [ 5.3266792, 5.3666201 ], [ 5.3303571, 5.3672948 ], [ 5.3388381, 5.3624282 ], [ 5.3549132, 5.3612123 ], [ 5.3615599, 5.3577323 ], [ 5.3767171, 5.3567491 ], [ 5.3898449, 5.3654408 ], [ 5.387599, 5.3783388 ], [ 5.3874202, 5.3912282 ], [ 5.3722582, 5.3910599 ], [ 5.3649139, 5.3929319 ], [ 5.3508244, 5.3995781 ], [ 5.3447361, 5.4024501 ], [ 5.321794, 5.410368 ], [ 5.3000112, 5.4208131 ], [ 5.2896891, 5.424767 ], [ 5.2800469, 5.4266462 ], [ 5.2607799, 5.4347782 ], [ 5.2431283, 5.4445138 ], [ 5.2364321, 5.4508629 ], [ 5.190475, 5.4944301 ], [ 5.183156, 5.5032039 ], [ 5.180882, 5.5098867 ], [ 5.1811638, 5.523694 ], [ 5.1766281, 5.5398211 ], [ 5.1802001, 5.5534339 ], [ 5.1733093, 5.5743532 ], [ 5.1737833, 5.5782638 ], [ 5.141274, 5.610837 ], [ 5.1334972, 5.620532 ], [ 5.1227498, 5.6350698 ], [ 5.1206942, 5.6383181 ], [ 5.0944171, 5.6798201 ], [ 5.0779481, 5.7010531 ], [ 5.0742979, 5.70889 ], [ 5.0720553, 5.7243161 ], [ 5.0718513, 5.7314501 ], [ 5.0749063, 5.750308 ], [ 5.06107, 5.7637739 ], [ 5.046011, 5.7681332 ], [ 5.036396, 5.7782941 ], [ 5.0121794, 5.8200297 ], [ 5.0, 5.8452511 ], [ 4.999434, 5.8464231 ], [ 4.9939232, 5.8578329 ], [ 4.9811311, 5.8806591 ], [ 4.9626131, 5.9097161 ], [ 4.9293933, 5.9512119 ], [ 4.920496, 5.9623261 ], [ 4.9090462, 5.975481 ], [ 4.8804049, 6.0036502 ], [ 4.8399739, 6.0403161 ], [ 4.8253951, 6.0535359 ], [ 4.7965221, 6.082623 ], [ 4.7802429, 6.0967112 ], [ 4.7630663, 6.1177039 ], [ 4.7500196, 6.1291928 ], [ 4.6931252, 6.1770577 ], [ 4.6516032, 6.2089391 ], [ 4.6295834, 6.2267222 ], [ 4.6121392, 6.2375889 ], [ 4.594017, 6.2521391 ], [ 4.5740528, 6.2666941 ], [ 4.5561662, 6.2835412 ], [ 4.5293221, 6.3047857 ], [ 4.5271783, 6.3059602 ], [ 4.5081973, 6.3163519 ], [ 4.4480219, 6.3443661 ], [ 4.4344683, 6.349926 ], [ 4.411417, 6.3557339 ], [ 4.3873544, 6.361794 ], [ 4.3613882, 6.3699203 ], [ 4.3351793, 6.3739038 ], [ 4.2813692, 6.3770452 ], [ 4.2363081, 6.3836079 ], [ 4.2220492, 6.3841071 ], [ 4.2121668, 6.3871241 ], [ 4.1623282, 6.3940859 ], [ 4.1618152, 6.3941579 ], [ 4.1192932, 6.4053078 ], [ 4.0804391, 6.4118481 ], [ 4.0443459, 6.4199882 ], [ 4.0388103, 6.4206138 ], [ 4.0006571, 6.4249249 ], [ 3.934422, 6.4280729 ], [ 3.9180992, 6.4313312 ], [ 3.9129951, 6.431252 ], [ 3.8536952, 6.4303279 ], [ 3.8279431, 6.4349861 ], [ 3.812994, 6.4352479 ], [ 3.787044, 6.433229 ], [ 3.7727361, 6.432116 ], [ 3.7476542, 6.4266491 ], [ 3.6715062, 6.4182959 ], [ 3.6616781, 6.4184818 ], [ 3.603658, 6.4195809 ], [ 3.5353041, 6.4164562 ], [ 3.5215402, 6.4158258 ], [ 3.478523, 6.4122238 ], [ 3.4647253, 6.4136291 ], [ 3.4092882, 6.4088941 ], [ 3.399617, 6.4017811 ], [ 3.395932, 6.3983369 ], [ 3.3950052, 6.3941979 ], [ 3.390861, 6.390985 ], [ 3.3591642, 6.3957419 ], [ 3.3552191, 6.3963351 ], [ 3.2931211, 6.3973541 ], [ 3.2327681, 6.3967948 ], [ 3.2077911, 6.3965631 ], [ 3.167537, 6.3924799 ], [ 3.1364851, 6.3911428 ], [ 3.1065531, 6.3909969 ], [ 3.0628862, 6.3907809 ], [ 3.0297692, 6.3928928 ], [ 3.0000982, 6.3913178 ], [ 2.9802742, 6.3928847 ], [ 2.979399, 6.3929539 ], [ 2.90488, 6.3918881 ], [ 2.8701472, 6.3887053 ], [ 2.853981, 6.388433 ], [ 2.844388, 6.3882718 ], [ 2.7825112, 6.377522 ], [ 2.72874, 6.3720069 ], [ 2.7224791, 6.3713651 ], [ 2.709604, 6.3688202 ], [ 2.6900461, 6.364953 ], [ 2.665206, 6.3635931 ], [ 2.603467, 6.3559008 ], [ 2.5807948, 6.353075 ], [ 2.5465269, 6.3519468 ], [ 2.5180068, 6.348516 ], [ 2.4774818, 6.346312 ], [ 2.4761491, 6.34624 ], [ 2.4450998, 6.341197 ], [ 2.4092209, 6.339375 ], [ 2.3514931, 6.3392372 ], [ 2.3275781, 6.33918 ], [ 2.28917, 6.3332138 ], [ 2.225724, 6.3279991 ], [ 2.222245, 6.327713 ], [ 2.1790102, 6.317832 ], [ 2.1247351, 6.3143911 ], [ 2.0601139, 6.3015161 ], [ 1.9763861, 6.2882929 ], [ 1.955251, 6.2849541 ], [ 1.90098, 6.2798882 ], [ 1.870625, 6.2785029 ], [ 1.8509511, 6.2741718 ], [ 1.8382031, 6.2713661 ], [ 1.797273, 6.2651453 ], [ 1.7485271, 6.2529402 ], [ 1.7270529, 6.2496099 ], [ 1.7039191, 6.2460227 ], [ 1.6940299, 6.2467089 ], [ 1.688512, 6.2455568 ], [ 1.678627, 6.2404919 ], [ 1.6659801, 6.238647 ], [ 1.647818, 6.2328877 ], [ 1.635631, 6.2315021 ], [ 1.6278161, 6.2257481 ], [ 1.606105, 6.2196093 ], [ 1.558151, 6.2121401 ], [ 1.541829, 6.2063799 ], [ 1.504583, 6.1999168 ], [ 1.497824, 6.1978149 ], [ 1.468262, 6.188622 ], [ 1.4344651, 6.182847 ], [ 1.400905, 6.1715512 ], [ 1.3760891, 6.1646008 ], [ 1.3613671, 6.1604781 ], [ 1.337234, 6.150106 ], [ 1.320224, 6.1459522 ], [ 1.3016019, 6.143405 ], [ 1.27816, 6.1339521 ], [ 1.255764, 6.127583 ], [ 1.238395, 6.122643 ], [ 1.205301, 6.1099582 ], [ 1.191781, 6.1044168 ], [ 1.1563529, 6.0898938 ], [ 1.1384301, 6.080442 ], [ 1.092257, 6.0504842 ], [ 1.0752641, 6.0357409 ], [ 1.06861, 6.0260711 ], [ 1.066541, 6.0251479 ], [ 1.0637901, 6.0196218 ], [ 1.0467341, 5.9968028 ], [ 1.04589, 5.9956741 ], [ 1.030988, 5.9664369 ], [ 0.9956599, 5.913476 ], [ 0.992453, 5.905189 ], [ 0.990638, 5.8886209 ], [ 0.9909729, 5.8856092 ], [ 0.992966, 5.8676848 ], [ 0.9906819, 5.8573279 ], [ 0.981056, 5.8372979 ], [ 0.970048, 5.8200269 ], [ 0.953297, 5.8015981 ], [ 0.945493, 5.7946839 ], [ 0.9278959, 5.7856503 ], [ 0.9248239, 5.7840729 ], [ 0.907593, 5.779448 ], [ 0.850143, 5.7761469 ], [ 0.8294701, 5.7685242 ], [ 0.8143091, 5.7645898 ], [ 0.8045349, 5.7635541 ], [ 0.7724891, 5.7601562 ], [ 0.763063, 5.7624421 ], [ 0.7439919, 5.7596521 ], [ 0.730888, 5.7621632 ], [ 0.6925089, 5.7614107 ], [ 0.682624, 5.7630072 ], [ 0.679409, 5.7618508 ], [ 0.6681489, 5.7609119 ], [ 0.65298, 5.761807 ], [ 0.64562, 5.7647858 ], [ 0.628609, 5.7670588 ], [ 0.5922989, 5.7663069 ], [ 0.5657849, 5.767447 ], [ 0.458531, 5.772047 ], [ 0.439727, 5.774786 ], [ 0.4366911, 5.7752271 ], [ 0.4249629, 5.7784252 ], [ 0.370248, 5.7861409 ], [ 0.3594469, 5.786119 ], [ 0.3484201, 5.783566 ], [ 0.327737, 5.7832942 ], [ 0.314872, 5.7809663 ], [ 0.2863831, 5.7765341 ], [ 0.2719219, 5.768681 ], [ 0.260433, 5.767735 ], [ 0.238387, 5.7607861 ], [ 0.226458, 5.7513251 ], [ 0.216357, 5.7467012 ], [ 0.1965349, 5.7433028 ], [ 0.182358, 5.7408729 ], [ 0.179376, 5.7383351 ], [ 0.1392031, 5.7200661 ], [ 0.1318741, 5.7101541 ], [ 0.11719, 5.7002249 ], [ 0.102257, 5.6985798 ], [ 0.1003529, 5.6977921 ], [ 0.089402, 5.6932569 ], [ 0.069419, 5.6892982 ], [ 0.0643719, 5.6858339 ], [ 0.053602, 5.6736131 ], [ 0.042817, 5.667604 ], [ 0.039158, 5.6609221 ], [ 0.040313, 5.6586227 ], [ 0.0387121, 5.6556277 ], [ 0.0299961, 5.649394 ], [ 0.023362, 5.637641 ], [ 0.0192361, 5.633719 ], [ 0.012807, 5.6316319 ], [ 0.005562, 5.6259971 ], [ 0.002717, 5.6237841 ], [ -0.0000001, 5.6226158 ], [ -0.0252839, 5.6117482 ], [ -0.039759, 5.611022 ], [ -0.0574361, 5.6052241 ], [ -0.064449, 5.6015759 ], [ -0.0677354, 5.5985011 ], [ -0.076467, 5.5902181 ], [ -0.085182, 5.5842118 ], [ -0.098951, 5.5779629 ], [ -0.106293, 5.5726819 ], [ -0.108583, 5.571034 ], [ -0.1230441, 5.5657039 ], [ -0.1313019, 5.56108 ], [ -0.1499041, 5.5578089 ], [ -0.1703261, 5.5483198 ], [ -0.1813509, 5.5469089 ], [ -0.2070639, 5.5397062 ], [ -0.2127819, 5.5309448 ], [ -0.221507, 5.528851 ], [ -0.2254099, 5.527689 ], [ -0.2391889, 5.5255799 ], [ -0.269263, 5.5174422 ], [ -0.288095, 5.5148582 ], [ -0.324598, 5.5057797 ], [ -0.3349359, 5.50529 ], [ -0.3691359, 5.4948349 ], [ -0.3849511, 5.4825921 ], [ -0.401702, 5.4758677 ], [ -0.4131449, 5.461566 ], [ -0.429638, 5.4463282 ], [ -0.440655, 5.4421248 ], [ -0.45396, 5.4370489 ], [ -0.4635919, 5.431726 ], [ -0.466799, 5.4289551 ], [ -0.4686181, 5.422966 ], [ -0.466303, 5.4172192 ], [ -0.4683591, 5.4135299 ], [ -0.476382, 5.4082131 ], [ -0.4869101, 5.3959832 ], [ -0.4923809, 5.3828478 ], [ -0.495814, 5.378695 ], [ -0.506826, 5.3742881 ], [ -0.5251901, 5.3703179 ], [ -0.529063, 5.3686819 ], [ -0.5405599, 5.3638272 ], [ -0.5584731, 5.3626199 ], [ -0.600333, 5.351728 ], [ -0.6087499, 5.353714 ], [ -0.6124011, 5.3465681 ], [ -0.620641, 5.3377962 ], [ -0.62314, 5.3295021 ], [ -0.645404, 5.324367 ], [ -0.655968, 5.3238721 ], [ -0.660563, 5.3240881 ], [ -0.664454, 5.3201618 ], [ -0.676159, 5.317132 ], [ -0.694965, 5.308784 ], [ -0.705521, 5.3059869 ], [ -0.7241, 5.2983298 ], [ -0.730507, 5.2914042 ], [ -0.731869, 5.286797 ], [ -0.734141, 5.279654 ], [ -0.739408, 5.2752628 ], [ -0.749733, 5.2722359 ], [ -0.755682, 5.265542 ], [ -0.7595809, 5.2641468 ], [ -0.758411, 5.257936 ], [ -0.7604691, 5.255168 ], [ -0.7755981, 5.24683 ], [ -0.781763, 5.2366819 ], [ -0.788179, 5.2325182 ], [ -0.7929739, 5.2244449 ], [ -0.8016899, 5.2214241 ], [ -0.809011, 5.213573 ], [ -0.8165831, 5.2114749 ], [ -0.8209801, 5.2111802 ], [ -0.8310491, 5.2105041 ], [ -0.881777, 5.202961 ], [ -0.90015, 5.2028961 ], [ -0.910367, 5.2047491 ], [ -0.9256549, 5.197608 ], [ -0.936053, 5.198276 ], [ -0.939694, 5.2030501 ], [ -0.974096, 5.2012491 ], [ -1.006482, 5.2020512 ], [ -1.010148, 5.1997352 ], [ -1.0122019, 5.196506 ], [ -1.0524001, 5.1981969 ], [ -1.0707619, 5.1953659 ], [ -1.0829329, 5.1950898 ], [ -1.092569, 5.192522 ], [ -1.101264, 5.1842031 ], [ -1.1265141, 5.1689749 ], [ -1.127382, 5.1684508 ], [ -1.148945, 5.1621537 ], [ -1.1532971, 5.1593752 ], [ -1.156037, 5.1554518 ], [ -1.1628141, 5.1515277 ], [ -1.1667891, 5.145052 ], [ -1.185359, 5.1371541 ], [ -1.1899559, 5.1380558 ], [ -1.196149, 5.1364212 ], [ -1.200936, 5.127656 ], [ -1.207587, 5.1253281 ], [ -1.2149061, 5.1181641 ], [ -1.2295771, 5.1118908 ], [ -1.2469829, 5.100543 ], [ -1.278211, 5.0997281 ], [ -1.301618, 5.0961809 ], [ -1.302598, 5.0961189 ], [ -1.3107169, 5.0956074 ], [ -1.3211395, 5.0949505 ], [ -1.328248, 5.0942311 ], [ -1.3477379, 5.0872459 ], [ -1.35184, 5.079864 ], [ -1.364224, 5.0761299 ], [ -1.3814321, 5.0728359 ], [ -1.387181, 5.0746531 ], [ -1.393824, 5.0709429 ], [ -1.401866, 5.0720611 ], [ -1.40323, 5.0688319 ], [ -1.430847, 5.064713 ], [ -1.435722, 5.064065 ], [ -1.4381109, 5.0638518 ], [ -1.445665, 5.0582957 ], [ -1.486957, 5.0491443 ], [ -1.4940619, 5.0461211 ], [ -1.512807, 5.043355 ], [ -1.558314, 5.0366359 ], [ -1.5688541, 5.0317559 ], [ -1.5938859, 5.032567 ], [ -1.602605, 5.031147 ], [ -1.6124619, 5.027421 ], [ -1.62712, 5.0193 ], [ -1.6326081, 5.0142112 ], [ -1.631436, 5.0089221 ], [ -1.632484, 5.0 ], [ -1.6327621, 4.9976368 ], [ -1.6311319, 4.9928098 ], [ -1.646413, 4.9704142 ], [ -1.65283, 4.9678531 ], [ -1.672109, 4.9661551 ], [ -1.692052, 4.9593902 ], [ -1.705557, 4.9503508 ], [ -1.7094229, 4.9425068 ], [ -1.7082381, 4.9346862 ], [ -1.709605, 4.9323778 ], [ -1.7338959, 4.9225988 ], [ -1.741448, 4.9175 ], [ -1.7434961, 4.913578 ], [ -1.7423201, 4.907598 ], [ -1.747313, 4.8953753 ], [ -1.7480701, 4.8846812 ], [ -1.7483891, 4.880177 ], [ -1.7522749, 4.8764758 ], [ -1.7596109, 4.8743701 ], [ -1.774349, 4.8748679 ], [ -1.778016, 4.874753 ], [ -1.789441, 4.8712401 ], [ -1.797706, 4.8714318 ], [ -1.804379, 4.8746228 ], [ -1.810331, 4.8711419 ], [ -1.812374, 4.8662992 ], [ -1.827011, 4.859745 ], [ -1.833889, 4.852396 ], [ -1.837083, 4.8486891 ], [ -1.842584, 4.8468208 ], [ -1.861853, 4.843967 ], [ -1.86739, 4.8494658 ], [ -1.870103, 4.8409357 ], [ -1.881554, 4.8353567 ], [ -1.890005, 4.8265691 ], [ -1.9152391, 4.8229952 ], [ -1.91703, 4.8137779 ], [ -1.9376441, 4.804471 ], [ -1.940382, 4.8010049 ], [ -1.941493, 4.793633 ], [ -1.947908, 4.79107 ], [ -1.95201, 4.7850652 ], [ -1.9691479, 4.7693281 ], [ -1.973691, 4.7598681 ], [ -1.9791839, 4.756618 ], [ -1.984228, 4.7554431 ], [ -2.0071919, 4.7555861 ], [ -2.025547, 4.7557001 ], [ -2.0319018, 4.7536712 ], [ -2.036027, 4.7504549 ], [ -2.0424421, 4.752295 ], [ -2.055542, 4.7410488 ], [ -2.058295, 4.7405748 ], [ -2.061518, 4.74263 ], [ -2.0657289, 4.741199 ], [ -2.068393, 4.740294 ], [ -2.0727758, 4.7446461 ], [ -2.0782871, 4.745079 ], [ -2.0833249, 4.7427521 ], [ -2.089721, 4.7367349 ], [ -2.092016, 4.7367229 ], [ -2.092303, 4.7477722 ], [ -2.0953081, 4.7519002 ], [ -2.098762, 4.7539549 ], [ -2.1067989, 4.7546048 ], [ -2.108665, 4.7603512 ], [ -2.112571, 4.7610211 ], [ -2.1130469, 4.764472 ], [ -2.108748, 4.776464 ], [ -2.110146, 4.7803712 ], [ -2.1214349, 4.7883711 ], [ -2.133601, 4.7883091 ], [ -2.143265, 4.792634 ], [ -2.152925, 4.796268 ], [ -2.1600389, 4.796001 ], [ -2.166894, 4.7899809 ], [ -2.167872, 4.8012562 ], [ -2.1718121, 4.8086033 ], [ -2.1794229, 4.815239 ], [ -2.187937, 4.819109 ], [ -2.2014849, 4.8199601 ], [ -2.2079761, 4.8318973 ], [ -2.2199681, 4.842195 ], [ -2.236006, 4.8496871 ], [ -2.244823, 4.853806 ], [ -2.246495, 4.8659968 ], [ -2.2534699, 4.882535 ], [ -2.257627, 4.8871169 ], [ -2.2675178, 4.890749 ], [ -2.268481, 4.8990312 ], [ -2.2698579, 4.8990231 ], [ -2.3464589, 4.9264731 ], [ -2.356127, 4.931025 ], [ -2.3759, 4.936213 ], [ -2.389596, 4.9374681 ], [ -2.390142, 4.9375181 ], [ -2.408994, 4.9422498 ], [ -2.4163949, 4.943902 ], [ -2.4315431, 4.9508758 ], [ -2.461648, 4.9560061 ], [ -2.4627061, 4.9562879 ], [ -2.5014291, 4.9666071 ], [ -2.586339, 4.9812779 ], [ -2.6020939, 4.9839997 ], [ -2.6257861, 4.9912319 ], [ -2.6372709, 4.9920878 ], [ -2.6650941, 4.9990649 ], [ -2.66789, 5.0 ], [ -2.668134, 5.0 ], [ -2.6952281, 5.0083299 ], [ -2.7088351, 5.0103951 ], [ -2.7317688, 5.0138741 ], [ -2.770859, 5.0230851 ], [ -2.8000441, 5.0270557 ], [ -2.832732, 5.0340962 ], [ -2.8416591, 5.0360179 ], [ -2.8522279, 5.037107 ], [ -2.891552, 5.0467701 ], [ -2.900733, 5.0460238 ], [ -2.9439721, 5.0572729 ], [ -2.9558818, 5.059494 ], [ -2.961904, 5.060617 ], [ -3.0329251, 5.0712309 ], [ -3.0646629, 5.0788608 ], [ -3.079463, 5.0840378 ], [ -3.1056382, 5.0931692 ], [ -3.11074, 5.09445 ], [ -3.12863, 5.09895 ], [ -3.14058, 5.10002 ], [ -3.17645, 5.10808 ], [ -3.19507, 5.11072 ], [ -3.20229, 5.11155 ], [ -3.25827, 5.11792 ], [ -3.27621, 5.12149 ], [ -3.32767, 5.12553 ], [ -3.3394, 5.12775 ], [ -3.36861, 5.13516 ], [ -3.3706, 5.13535 ], [ -3.41917, 5.14012 ], [ -3.48652, 5.14887 ], [ -3.49067, 5.15115 ], [ -3.49548, 5.15114 ], [ -3.4956678, 5.1512927 ], [ -3.4984793, 5.1534202 ], [ -3.52203, 5.15559 ], [ -3.53319, 5.15661 ], [ -3.56354, 5.16216 ], [ -3.62583, 5.16841 ], [ -3.647, 5.17273 ], [ -3.66516, 5.17643 ], [ -3.71387, 5.18069 ], [ -3.72264, 5.18615 ], [ -3.72559, 5.18199 ], [ -3.73364, 5.18285 ], [ -3.74884, 5.18827 ], [ -3.75918, 5.19004 ], [ -3.76782, 5.19106 ], [ -3.81412, 5.19656 ], [ -3.83069, 5.20035 ], [ -3.86801, 5.21712 ], [ -3.88886, 5.2233 ], [ -3.90208, 5.22723 ], [ -3.95312, 5.23492 ], [ -3.96417, 5.23783 ], [ -3.97892, 5.24485 ], [ -3.98789, 5.24617 ], [ -3.99845, 5.24517 ], [ -4.01128, 5.24117 ], [ -4.01311, 5.23977 ], [ -4.01308, 5.23678 ], [ -4.04019, 5.23727 ], [ -4.11683, 5.22555 ], [ -4.1604, 5.21888 ], [ -4.17647, 5.21761 ], [ -4.20215, 5.21212 ], [ -4.24193, 5.21031 ], [ -4.26919, 5.20907 ], [ -4.36752, 5.19768 ], [ -4.37773, 5.1965 ], [ -4.41377, 5.19483 ], [ -4.46219, 5.18962 ], [ -4.4826, 5.18601 ], [ -4.49308, 5.186 ], [ -4.51384, 5.18598 ], [ -4.60769, 5.17671 ], [ -4.6187, 5.17462 ], [ -4.73885, 5.15171 ], [ -4.7428, 5.15142 ], [ -4.77374, 5.14912 ], [ -4.7969, 5.14524 ], [ -4.844913, 5.1436879 ], [ -4.8462278, 5.1435735 ], [ -4.86854, 5.14163 ], [ -4.95619, 5.134 ], [ -4.99445, 5.13276 ], [ -5.0, 5.13163 ], [ -5.00667, 5.12989 ], [ -5.0442, 5.12687 ], [ -5.06106, 5.1255 ], [ -5.17033, 5.12135 ], [ -5.24908, 5.11834 ], [ -5.29635, 5.1143 ], [ -5.32733, 5.11165 ], [ -5.39776, 5.10365 ], [ -5.42179, 5.10014 ], [ -5.50188, 5.08843 ], [ -5.52208, 5.08779 ], [ -5.5468407, 5.0836489 ], [ -5.54888, 5.08064 ], [ -5.55691, 5.07918 ], [ -5.56059, 5.0803 ], [ -5.56333, 5.07843 ], [ -5.57388, 5.07649 ], [ -5.61381, 5.07382 ], [ -5.61623, 5.07315 ], [ -5.62068, 5.07191 ], [ -5.62637, 5.06703 ], [ -5.63671, 5.06762 ], [ -5.65779, 5.0619 ], [ -5.68392, 5.05797 ], [ -5.73915, 5.05226 ], [ -5.78188, 5.04784 ], [ -5.86417, 5.03208 ], [ -5.89596, 5.01889 ], [ -5.92688, 5.01099 ], [ -5.94148, 5.00142 ], [ -5.9467, 5.0 ], [ -5.98201, 4.99043 ], [ -5.98105, 4.9856 ], [ -5.98192, 4.98145 ], [ -5.98764, 4.97863 ], [ -6.0, 4.97607 ], [ -6.00485, 4.97117 ], [ -6.00761, 4.97027 ], [ -6.01402, 4.97124 ], [ -6.02233, 4.96602 ], [ -6.02853, 4.96515 ], [ -6.0324293, 4.9666772 ], [ -6.0333303, 4.96703 ], [ -6.05491, 4.96536 ], [ -6.06963, 4.96089 ], [ -6.07238, 4.9616 ], [ -6.0674606, 4.9739785 ], [ -6.06969, 4.98182 ], [ -6.07445, 4.98967 ], [ -6.08038, 4.99294 ], [ -6.0907584, 4.9958812 ], [ -6.09226, 4.9962188 ], [ -6.11009, 4.99344 ], [ -6.1211799, 4.99855 ], [ -6.12098, 4.9951 ], [ -6.11103, 4.97617 ], [ -6.10427, 4.96674 ], [ -6.10094, 4.96742 ], [ -6.0985843, 4.9648219 ], [ -6.0961585, 4.9641846 ], [ -6.09072, 4.9629 ], [ -6.07952, 4.95752 ], [ -6.07425, 4.95701 ], [ -6.07889, 4.9513 ], [ -6.07732, 4.94669 ], [ -6.07895, 4.94372 ], [ -6.12432, 4.92178 ], [ -6.13121, 4.92068 ], [ -6.13629, 4.9175 ], [ -6.14248, 4.91709 ], [ -6.14804, 4.91162 ], [ -6.15541, 4.91011 ], [ -6.16484, 4.90485 ], [ -6.1764446, 4.9013322 ], [ -6.1788598, 4.9005997 ], [ -6.17683, 4.89713 ], [ -6.1844045, 4.8924447 ], [ -6.19665, 4.88487 ], [ -6.21112, 4.88292 ], [ -6.21802, 4.88136 ], [ -6.22124, 4.88047 ], [ -6.22905, 4.87846 ], [ -6.23231, 4.87251 ], [ -6.24291, 4.86708 ], [ -6.26819, 4.86152 ], [ -6.27946, 4.8577 ], [ -6.28568, 4.85338 ], [ -6.31256, 4.84876 ], [ -6.3135743, 4.8478185 ], [ -6.3148359, 4.8466467 ], [ -6.31672, 4.84489 ], [ -6.32912, 4.84292 ], [ -6.33628, 4.83791 ], [ -6.35147, 4.8309 ], [ -6.36065, 4.83051 ], [ -6.36595, 4.82733 ], [ -6.3860993, 4.8241912 ], [ -6.3898303, 4.8236096 ], [ -6.39238, 4.82064 ], [ -6.4015684, 4.8193302 ], [ -6.403432, 4.8174929 ], [ -6.40457, 4.81637 ], [ -6.43237, 4.8106 ], [ -6.4393, 4.80398 ], [ -6.43955, 4.80123 ], [ -6.43545, 4.79774 ], [ -6.44238, 4.79205 ], [ -6.4451, 4.79188 ], [ -6.4489707, 4.7916436 ], [ -6.4502485, 4.7911373 ], [ -6.45778, 4.78803 ], [ -6.49775, 4.77983 ], [ -6.49862, 4.7865 ], [ -6.5011091, 4.7908884 ], [ -6.50504, 4.78678 ], [ -6.50142, 4.78054 ], [ -6.50648, 4.77874 ], [ -6.54804, 4.77307 ], [ -6.5684498, 4.7669119 ], [ -6.5799913, 4.7634284 ], [ -6.58231, 4.76068 ], [ -6.59059, 4.75753 ], [ -6.5951071, 4.7532867 ], [ -6.5946092, 4.751595 ], [ -6.59408, 4.75019 ], [ -6.59733, 4.74516 ], [ -6.60124, 4.74473 ], [ -6.60356, 4.74061 ], [ -6.61022, 4.73905 ], [ -6.6141062, 4.7406284 ], [ -6.61391, 4.73746 ], [ -6.61072, 4.73376 ], [ -6.61623, 4.73265 ], [ -6.62453, 4.72696 ], [ -6.6289, 4.72608 ], [ -6.63513, 4.72083 ], [ -6.65533, 4.71869 ], [ -6.66108, 4.71643 ], [ -6.70015, 4.70614 ], [ -6.70178, 4.70339 ], [ -6.70204, 4.69787 ], [ -6.70504, 4.69559 ], [ -6.7129135, 4.6949821 ], [ -6.7136096, 4.6944371 ], [ -6.71631, 4.69177 ], [ -6.7565361, 4.6906742 ], [ -6.7603604, 4.69057 ], [ -6.76371, 4.6903 ], [ -6.79689, 4.68479 ], [ -6.85932, 4.67441 ], [ -6.86485, 4.67099 ], [ -6.86761, 4.67056 ], [ -6.87035, 4.67219 ], [ -6.9048093, 4.6639202 ], [ -6.91312, 4.65616 ], [ -6.9148793, 4.6526942 ], [ -6.91614, 4.6502 ], [ -6.91092, 4.64258 ], [ -6.92084, 4.63483 ], [ -6.9275, 4.63327 ], [ -6.9559268, 4.6177752 ], [ -6.95651, 4.61622 ], [ -6.95908, 4.61072 ], [ -6.966, 4.60456 ], [ -6.97728, 4.59797 ], [ -6.97502, 4.59382 ], [ -6.97895, 4.58993 ], [ -6.9883002, 4.5856849 ], [ -6.9909104, 4.5844995 ], [ -6.99693, 4.57672 ], [ -7.00474, 4.57425 ], [ -7.01051, 4.56969 ], [ -7.01906, 4.55986 ], [ -7.02674, 4.54382 ], [ -7.0412, 4.54138 ], [ -7.04445, 4.53978 ], [ -7.04764, 4.53821 ], [ -7.05342, 4.53296 ], [ -7.06421, 4.53004 ], [ -7.10277, 4.52502 ], [ -7.13099, 4.52315 ], [ -7.15219, 4.51979 ], [ -7.17918, 4.51726 ], [ -7.19347, 4.50678 ], [ -7.23213, 4.48703 ], [ -7.2407, 4.47444 ], [ -7.24581, 4.46367 ], [ -7.2876, 4.45406 ], [ -7.30208, 4.44909 ], [ -7.30761, 4.44476 ], [ -7.31735, 4.42873 ], [ -7.32265, 4.42554 ], [ -7.33596, 4.42287 ], [ -7.34478, 4.41707 ], [ -7.37027, 4.40033 ], [ -7.39029, 4.38896 ], [ -7.39768, 4.38118 ], [ -7.40642, 4.37779 ], [ -7.44224, 4.36837 ], [ -7.45535, 4.36201 ], [ -7.4783, 4.35894 ], [ -7.48655, 4.35844 ], [ -7.50972, 4.35707 ], [ -7.5270711, 4.357079 ], [ -7.5270729, 4.3570781 ], [ -7.550066, 4.3570929 ], [ -7.5638099, 4.358789 ], [ -7.5835347, 4.357533 ], [ -7.592041, 4.3539071 ], [ -7.6032801, 4.3530569 ], [ -7.608779, 4.3535509 ], [ -7.6113672, 4.3547931 ], [ -7.6204357, 4.3591437 ], [ -7.6570811, 4.3651199 ], [ -7.7061129, 4.3700209 ], [ -7.7228599, 4.3682833 ], [ -7.725359, 4.3719778 ], [ -7.7260261, 4.375432 ], [ -7.7331109, 4.3789248 ], [ -7.7553101, 4.3857288 ], [ -7.7807312, 4.3902521 ], [ -7.7827802, 4.3925638 ], [ -7.7861552, 4.403163 ], [ -7.8030663, 4.4122343 ], [ -7.8261771, 4.419961 ], [ -7.8263779, 4.4247918 ], [ -7.8235002, 4.4259529 ], [ -7.821321, 4.4268322 ], [ -7.817863, 4.4300308 ], [ -7.8166909, 4.434164 ], [ -7.8191638, 4.4424572 ], [ -7.823926, 4.4512248 ], [ -7.8268929, 4.4535418 ], [ -7.8424239, 4.4637542 ], [ -7.8874979, 4.4798889 ], [ -7.8978052, 4.4817901 ], [ -7.909462, 4.4880672 ], [ -7.9204631, 4.4890509 ], [ -7.9238892, 4.4913712 ], [ -7.9325929, 4.4928021 ], [ -7.9345212, 4.4961319 ], [ -7.9371328, 4.500648 ], [ -7.9419241, 4.5048151 ], [ -7.957705, 4.511806 ], [ -7.983809, 4.5181661 ], [ -8.0062389, 4.525424 ], [ -8.0422115, 4.53023 ], [ -8.0515862, 4.5351129 ], [ -8.0635157, 4.5342612 ], [ -8.0818233, 4.5405741 ], [ -8.1271677, 4.551178 ], [ -8.1751347, 4.5560532 ], [ -8.1917982, 4.5577459 ], [ -8.2174454, 4.564096 ], [ -8.230032, 4.568995 ], [ -8.2446785, 4.5743642 ], [ -8.2661495, 4.5896592 ], [ -8.2826118, 4.598947 ], [ -8.2978945, 4.613977 ], [ -8.3143368, 4.6269441 ], [ -8.3223391, 4.631587 ], [ -8.3354874, 4.6354589 ], [ -8.4098082, 4.6573472 ], [ -8.4402351, 4.6717639 ], [ -8.4470873, 4.6773191 ], [ -8.4507456, 4.6823111 ], [ -8.4530077, 4.6853981 ], [ -8.4630671, 4.6914291 ], [ -8.4705849, 4.7013569 ], [ -8.4808578, 4.710608 ], [ -8.5005293, 4.7208281 ], [ -8.5073814, 4.7263818 ], [ -8.5442085, 4.7502599 ], [ -8.5549564, 4.752151 ], [ -8.5645561, 4.7588682 ], [ -8.5721178, 4.7602859 ], [ -8.5808067, 4.7656188 ], [ -8.5892811, 4.7681909 ], [ -8.6123781, 4.7818751 ], [ -8.6393919, 4.792357 ], [ -8.6590996, 4.7963648 ], [ -8.6598835, 4.7967281 ], [ -8.6776371, 4.804965 ], [ -8.6824465, 4.806138 ], [ -8.693696, 4.8043537 ], [ -8.7140713, 4.8125019 ], [ -8.7190952, 4.8171248 ], [ -8.7238569, 4.8284159 ], [ -8.7531662, 4.8391371 ], [ -8.7621059, 4.840559 ], [ -8.7691898, 4.8461123 ], [ -8.7865925, 4.8524051 ], [ -8.7923079, 4.856801 ], [ -8.7977715, 4.8655648 ], [ -8.8043976, 4.8708858 ], [ -8.8075685, 4.8794088 ], [ -8.8109951, 4.8824148 ], [ -8.8446484, 4.896832 ], [ -8.8473854, 4.9002929 ], [ -8.8485107, 4.9048982 ], [ -8.8475742, 4.908803 ], [ -8.8548784, 4.9166551 ], [ -8.8615074, 4.9202919 ], [ -8.8853111, 4.9333539 ], [ -8.9072924, 4.9426551 ], [ -8.9114017, 4.9468131 ], [ -8.9127588, 4.9511881 ], [ -8.9150438, 4.9530382 ], [ -8.9194202, 4.949379 ], [ -8.9235487, 4.9496279 ], [ -8.9356194, 4.9540501 ], [ -8.9546976, 4.9610391 ], [ -8.9966364, 4.971117 ], [ -9.0289602, 4.9767818 ], [ -9.0399332, 4.985569 ], [ -9.038765, 4.9901628 ], [ -9.0337124, 4.9912901 ], [ -9.0309353, 4.9965663 ], [ -9.0350647, 5.0 ], [ -9.0412216, 5.0051198 ], [ -9.0457621, 5.015718 ], [ -9.0491905, 5.0184932 ], [ -9.0718718, 5.0261812 ], [ -9.0798807, 5.0310459 ], [ -9.0943184, 5.0347891 ], [ -9.1027765, 5.041954 ], [ -9.1158476, 5.0436211 ], [ -9.1245422, 5.0491781 ], [ -9.1247568, 5.0523977 ], [ -9.121521, 5.0579019 ], [ -9.1233902, 5.062007 ], [ -9.1242495, 5.0638919 ], [ -9.1308851, 5.0678301 ], [ -9.1398211, 5.0706291 ], [ -9.1441641, 5.0745559 ], [ -9.1505957, 5.0729752 ], [ -9.161356, 5.07831 ], [ -9.1650114, 5.082005 ], [ -9.1730289, 5.0850291 ], [ -9.1817074, 5.0947232 ], [ -9.1915503, 5.1000538 ], [ -9.1954412, 5.1023698 ], [ -9.2045755, 5.1122961 ], [ -9.2105274, 5.1160011 ], [ -9.2228994, 5.1204219 ], [ -9.2338829, 5.1275959 ], [ -9.2421312, 5.130621 ], [ -9.2506189, 5.1313462 ], [ -9.2682495, 5.1401582 ], [ -9.2790203, 5.1441121 ], [ -9.2886543, 5.1448421 ], [ -9.2925453, 5.1471581 ], [ -9.2945986, 5.150156 ], [ -9.2871761, 5.1545749 ], [ -9.2865467, 5.1549501 ], [ -9.2798643, 5.1613598 ], [ -9.2750397, 5.1627193 ], [ -9.2633438, 5.1610608 ], [ -9.2532835, 5.152051 ], [ -9.2507591, 5.1522708 ], [ -9.2491341, 5.1566319 ], [ -9.2536993, 5.1624002 ], [ -9.2546015, 5.1660819 ], [ -9.2522984, 5.167912 ], [ -9.2454138, 5.1678829 ], [ -9.2433357, 5.171093 ], [ -9.2449245, 5.1750088 ], [ -9.2550306, 5.1729822 ], [ -9.2570896, 5.1743703 ], [ -9.2586679, 5.1810451 ], [ -9.261652, 5.181057 ], [ -9.2648792, 5.1776218 ], [ -9.263526, 5.1720982 ], [ -9.2651472, 5.168426 ], [ -9.2681341, 5.1677489 ], [ -9.2720232, 5.1705251 ], [ -9.2759256, 5.170311 ], [ -9.2837458, 5.1659751 ], [ -9.2908125, 5.1772709 ], [ -9.316905, 5.1937041 ], [ -9.3214159, 5.1957102 ], [ -9.3356886, 5.2020588 ], [ -9.3436995, 5.20715 ], [ -9.3448372, 5.2094541 ], [ -9.3418407, 5.2126608 ], [ -9.3370152, 5.2140198 ], [ -9.3305922, 5.2135339 ], [ -9.3230066, 5.2162619 ], [ -9.3177528, 5.2104921 ], [ -9.3138494, 5.2109361 ], [ -9.3124628, 5.213459 ], [ -9.3163309, 5.221292 ], [ -9.3128529, 5.229785 ], [ -9.3057356, 5.2304449 ], [ -9.298419, 5.2237468 ], [ -9.2963467, 5.2255778 ], [ -9.2954111, 5.229712 ], [ -9.3036385, 5.2377939 ], [ -9.3093634, 5.2410369 ], [ -9.3185339, 5.243144 ], [ -9.319643, 5.2525749 ], [ -9.3230753, 5.254889 ], [ -9.3301945, 5.2535391 ], [ -9.3366356, 5.2501159 ], [ -9.3348112, 5.2473497 ], [ -9.3249435, 5.2470789 ], [ -9.3222055, 5.2433891 ], [ -9.3233871, 5.235117 ], [ -9.3222628, 5.2295942 ], [ -9.3259649, 5.2224822 ], [ -9.3310089, 5.2236519 ], [ -9.3316832, 5.2271042 ], [ -9.3279781, 5.2349062 ], [ -9.3295698, 5.2385912 ], [ -9.3318615, 5.2390599 ], [ -9.3348751, 5.2321749 ], [ -9.3376322, 5.231267 ], [ -9.3399067, 5.236105 ], [ -9.3419704, 5.2368031 ], [ -9.3491173, 5.2351818 ], [ -9.3509293, 5.2347713 ], [ -9.3509455, 5.231092 ], [ -9.3433895, 5.226922 ], [ -9.3424873, 5.2227802 ], [ -9.346653, 5.21452 ], [ -9.3510122, 5.2145381 ], [ -9.3668013, 5.2258692 ], [ -9.370451, 5.231401 ], [ -9.372489, 5.2380772 ], [ -9.3846226, 5.245255 ], [ -9.4184895, 5.269763 ], [ -9.4225063, 5.2732782 ], [ -9.4253502, 5.2757678 ], [ -9.4342508, 5.2884488 ], [ -9.4548407, 5.3048549 ], [ -9.45893, 5.3154469 ], [ -9.4687605, 5.3253732 ], [ -9.4721746, 5.3325129 ], [ -9.4833889, 5.3406048 ], [ -9.4856653, 5.3454409 ], [ -9.4869757, 5.3622298 ], [ -9.4909763, 5.3732753 ], [ -9.4988337, 5.3818188 ], [ -9.5210295, 5.399838 ], [ -9.562026, 5.4232168 ], [ -9.5849638, 5.4279022 ], [ -9.5915813, 5.438273 ], [ -9.5897331, 5.4412551 ], [ -9.5855913, 5.443768 ], [ -9.581912, 5.438489 ], [ -9.5812531, 5.4375439 ], [ -9.5720806, 5.4352102 ], [ -9.5679712, 5.4292169 ], [ -9.5645294, 5.4287438 ], [ -9.5624542, 5.4312649 ], [ -9.5624418, 5.4342542 ], [ -9.5695181, 5.4446259 ], [ -9.5701923, 5.448307 ], [ -9.5658283, 5.4492102 ], [ -9.5637665, 5.4482827 ], [ -9.5603619, 5.4379239 ], [ -9.5576086, 5.4374533 ], [ -9.5548115, 5.4487081 ], [ -9.5589085, 5.4579201 ], [ -9.5582104, 5.4599857 ], [ -9.5561419, 5.4604383 ], [ -9.5497398, 5.4539762 ], [ -9.5469818, 5.454885 ], [ -9.5451298, 5.458786 ], [ -9.5455647, 5.4649949 ], [ -9.5483103, 5.4673042 ], [ -9.5522118, 5.4677792 ], [ -9.5540371, 5.4705448 ], [ -9.5566711, 5.4700761 ], [ -9.5590906, 5.469645 ], [ -9.5637007, 5.4648352 ], [ -9.5673666, 5.4666882 ], [ -9.5680485, 5.46876 ], [ -9.565279, 5.472198 ], [ -9.5517254, 5.4746742 ], [ -9.548954, 5.4777761 ], [ -9.5565329, 5.4781408 ], [ -9.5569801, 5.4809022 ], [ -9.5514593, 5.4840989 ], [ -9.5541849, 5.491466 ], [ -9.5562468, 5.492393 ], [ -9.562252, 5.4832211 ], [ -9.5652428, 5.4816232 ], [ -9.57304, 5.4834919 ], [ -9.5746193, 5.4908552 ], [ -9.5918102, 5.497818 ], [ -9.5959463, 5.496913 ], [ -9.5968761, 5.493928 ], [ -9.5959654, 5.4920859 ], [ -9.5925274, 5.4904633 ], [ -9.5870104, 5.4922819 ], [ -9.5840445, 5.4876728 ], [ -9.5881844, 5.4856191 ], [ -9.5884266, 5.482172 ], [ -9.5758314, 5.4743071 ], [ -9.5747213, 5.4709291 ], [ -9.5712938, 5.4604959 ], [ -9.5729208, 5.455215 ], [ -9.5782003, 5.455235 ], [ -9.580512, 5.451335 ], [ -9.5850992, 5.4522719 ], [ -9.5896177, 5.4711409 ], [ -9.6397629, 5.5053549 ], [ -9.6633596, 5.5185471 ], [ -9.6839533, 5.537014 ], [ -9.7068653, 5.5495129 ], [ -9.7210636, 5.5594502 ], [ -9.7297497, 5.5698261 ], [ -9.7329569, 5.5716772 ], [ -9.748765, 5.5809298 ], [ -9.7739506, 5.6003299 ], [ -9.8255739, 5.6563911 ], [ -9.8334179, 5.664907 ], [ -9.8434687, 5.6794238 ], [ -9.872489, 5.7064972 ], [ -9.8741379, 5.708035 ], [ -9.8993502, 5.721684 ], [ -9.9220161, 5.7413001 ], [ -9.9357386, 5.7578959 ], [ -9.9485655, 5.7675939 ], [ -9.9689398, 5.7865109 ], [ -9.9775553, 5.7934332 ], [ -10.0, 5.8114662 ], [ -10.0028372, 5.813746 ], [ -10.0199842, 5.837018 ], [ -10.0460949, 5.8587089 ], [ -10.0556936, 5.87322 ], [ -10.0522051, 5.8865399 ], [ -10.0533295, 5.893898 ], [ -10.0656567, 5.9166932 ], [ -10.0638113, 5.9192152 ], [ -10.0580721, 5.918047 ], [ -10.0532589, 5.9152741 ], [ -10.0491562, 5.9053779 ], [ -10.045948, 5.903069 ], [ -10.0425014, 5.9035172 ], [ -10.040885, 5.90627 ], [ -10.0410805, 5.916153 ], [ -10.0383205, 5.917294 ], [ -10.0332708, 5.9165878 ], [ -10.0309963, 5.909915 ], [ -10.0277824, 5.909215 ], [ -10.0259237, 5.9156442 ], [ -10.0206528, 5.9119501 ], [ -10.0165215, 5.9110169 ], [ -10.0133018, 5.9121552 ], [ -10.0112181, 5.9174352 ], [ -10.0121298, 5.919507 ], [ -10.0173769, 5.9300962 ], [ -10.0214653, 5.9439001 ], [ -10.0244493, 5.9445992 ], [ -10.0265207, 5.9432268 ], [ -10.0283871, 5.9344993 ], [ -10.0350437, 5.93613 ], [ -10.0359755, 5.932456 ], [ -10.0304813, 5.9264622 ], [ -10.031868, 5.9239383 ], [ -10.0355492, 5.922112 ], [ -10.0417461, 5.923511 ], [ -10.0493383, 5.9200869 ], [ -10.053462, 5.9233179 ], [ -10.0598936, 5.92311 ], [ -10.0628748, 5.924499 ], [ -10.0630941, 5.9277167 ], [ -10.060298, 5.931088 ], [ -10.0596027, 5.9417257 ], [ -10.0669661, 5.9376121 ], [ -10.0687914, 5.941525 ], [ -10.0655451, 5.9507079 ], [ -10.0662298, 5.9520888 ], [ -10.0708303, 5.9502659 ], [ -10.0763216, 5.9567189 ], [ -10.0783901, 5.956265 ], [ -10.0765715, 5.950974 ], [ -10.0774965, 5.948678 ], [ -10.0791054, 5.948453 ], [ -10.0928288, 5.9661951 ], [ -10.0918961, 5.9705582 ], [ -10.0852337, 5.970767 ], [ -10.0815411, 5.9760408 ], [ -10.0833578, 5.9824829 ], [ -10.0876999, 5.9893909 ], [ -10.0913715, 5.9903231 ], [ -10.0962028, 5.9884992 ], [ -10.0998907, 5.9846039 ], [ -10.1066027, 5.988831 ], [ -10.1072264, 5.989223 ], [ -10.1086245, 5.983253 ], [ -10.1122961, 5.9841828 ], [ -10.1130672, 5.9819933 ], [ -10.1040573, 5.9747338 ], [ -10.1020041, 5.9703612 ], [ -10.1031694, 5.9650779 ], [ -10.0985699, 5.9587598 ], [ -10.0931072, 5.9512558 ], [ -10.0876083, 5.9471021 ], [ -10.0844107, 5.941576 ], [ -10.0786753, 5.9392591 ], [ -10.0725145, 5.9265981 ], [ -10.0697651, 5.9247499 ], [ -10.06954, 5.9233699 ], [ -10.0720682, 5.922689 ], [ -10.0940857, 5.9331031 ], [ -10.1330566, 5.957129 ], [ -10.1374369, 5.9612851 ], [ -10.1449661, 5.9684281 ], [ -10.1557465, 5.9735179 ], [ -10.1784639, 5.9807129 ], [ -10.1839666, 5.9839478 ], [ -10.188777, 5.9883289 ], [ -10.1903505, 5.9995961 ], [ -10.196106, 5.9954758 ], [ -10.2009068, 6.0028448 ], [ -10.2013464, 6.0092831 ], [ -10.2052393, 6.0129709 ], [ -10.2109346, 6.0281568 ], [ -10.2182569, 6.0378323 ], [ -10.23246, 6.050745 ], [ -10.2464447, 6.0602102 ], [ -10.2606659, 6.0673771 ], [ -10.2983618, 6.0824981 ], [ -10.3535986, 6.10465 ], [ -10.3577099, 6.1129351 ], [ -10.36689, 6.116178 ], [ -10.3687124, 6.1214681 ], [ -10.3703079, 6.1260691 ], [ -10.3774004, 6.1362009 ], [ -10.3962088, 6.1470551 ], [ -10.4492245, 6.1681151 ], [ -10.4540405, 6.170886 ], [ -10.4560976, 6.1745682 ], [ -10.4616127, 6.1743541 ], [ -10.4637461, 6.1749368 ], [ -10.4786024, 6.1789961 ], [ -10.4824953, 6.1836019 ], [ -10.4912262, 6.1836262 ], [ -10.4928265, 6.1868482 ], [ -10.5036268, 6.1861882 ], [ -10.5079842, 6.189187 ], [ -10.5148792, 6.1885161 ], [ -10.53302, 6.1922398 ], [ -10.5649357, 6.2005982 ], [ -10.5817604, 6.2070951 ], [ -10.5879278, 6.2094769 ], [ -10.5833015, 6.2100229 ], [ -10.5642595, 6.2031388 ], [ -10.5431805, 6.197361 ], [ -10.5418835, 6.1982841 ], [ -10.5832834, 6.2135139 ], [ -10.5913248, 6.2137642 ], [ -10.5961561, 6.2114787 ], [ -10.6096811, 6.2145748 ], [ -10.6804342, 6.2307639 ], [ -10.6926002, 6.23562 ], [ -10.6992493, 6.2413821 ], [ -10.7063456, 6.252429 ], [ -10.7107019, 6.256115 ], [ -10.7226362, 6.2616601 ], [ -10.7545614, 6.2681699 ], [ -10.7623558, 6.2755418 ], [ -10.7905807, 6.2923822 ], [ -10.8011246, 6.3034358 ], [ -10.8116817, 6.3089762 ], [ -10.8135042, 6.3156428 ], [ -10.8114185, 6.322072 ], [ -10.8035955, 6.32688 ], [ -10.8005943, 6.3326168 ], [ -10.7904549, 6.344542 ], [ -10.7879124, 6.3505092 ], [ -10.7883615, 6.3551059 ], [ -10.7986574, 6.3742008 ], [ -10.7970428, 6.3764949 ], [ -10.7894564, 6.3773961 ], [ -10.7772465, 6.3893161 ], [ -10.7668905, 6.3952651 ], [ -10.7535563, 6.3973012 ], [ -10.7445841, 6.4007258 ], [ -10.7402077, 6.404851 ], [ -10.7307762, 6.4194898 ], [ -10.7353458, 6.4193139 ], [ -10.7436485, 6.4069271 ], [ -10.7496328, 6.403955 ], [ -10.7703228, 6.4017062 ], [ -10.7781467, 6.397819 ], [ -10.7912807, 6.3833742 ], [ -10.7951889, 6.3826942 ], [ -10.8048201, 6.3919067 ], [ -10.8107595, 6.4066262 ], [ -10.8233252, 6.4189181 ], [ -10.8284159, 6.4238982 ], [ -10.8451405, 6.4471421 ], [ -10.9155836, 6.4992218 ], [ -10.9171867, 6.5017529 ], [ -10.9341793, 6.509141 ], [ -10.9789429, 6.5361171 ], [ -11.0200434, 6.5573382 ], [ -11.0209341, 6.557734 ], [ -11.0423203, 6.5672631 ], [ -11.0567951, 6.5707369 ], [ -11.0560884, 6.5787759 ], [ -11.0625095, 6.5865998 ], [ -11.0650091, 6.600389 ], [ -11.0814981, 6.6309748 ], [ -11.0812597, 6.6348801 ], [ -11.0729694, 6.6419849 ], [ -11.0697956, 6.6474109 ], [ -11.0847015, 6.638103 ], [ -11.0872431, 6.6319051 ], [ -11.0826626, 6.6236272 ], [ -11.0760117, 6.6155729 ], [ -11.0765047, 6.599494 ], [ -11.0643854, 6.5811358 ], [ -11.0632181, 6.5771832 ], [ -11.0857162, 6.5914712 ], [ -11.1546173, 6.6237659 ], [ -11.1901875, 6.6385131 ], [ -11.2269764, 6.6537628 ], [ -11.2646456, 6.671978 ], [ -11.3048487, 6.6888161 ], [ -11.3059416, 6.689136 ], [ -11.3340321, 6.6973639 ], [ -11.3473577, 6.7028999 ], [ -11.3537874, 6.707046 ], [ -11.3599815, 6.7146358 ], [ -11.3668575, 6.7279701 ], [ -11.3792496, 6.7415419 ], [ -11.3801622, 6.7459078 ], [ -11.3767023, 6.752563 ], [ -11.3638, 6.7677021 ], [ -11.3596544, 6.7715998 ], [ -11.3536061, 6.7803585 ], [ -11.3554964, 6.7833071 ], [ -11.357563, 6.7851481 ], [ -11.3596144, 6.795258 ], [ -11.3651075, 6.8104258 ], [ -11.3795147, 6.8388109 ], [ -11.3872433, 6.8450751 ], [ -11.3653517, 6.8016992 ], [ -11.3621569, 6.7876821 ], [ -11.3626108, 6.7837563 ], [ -11.3630142, 6.7802682 ], [ -11.3665228, 6.774014 ], [ -11.3651466, 6.7869978 ], [ -11.3674288, 6.7975669 ], [ -11.3871326, 6.8391719 ], [ -11.3960829, 6.8502111 ], [ -11.406414, 6.8601031 ], [ -11.4238701, 6.872993 ], [ -11.4422503, 6.8833561 ], [ -11.4489098, 6.8888788 ], [ -11.4571676, 6.9019818 ], [ -11.4638252, 6.909111 ], [ -11.4920826, 6.9277568 ], [ -11.4741459, 6.9272699 ], [ -11.4664765, 6.9303152 ], [ -11.4693079, 6.9325447 ], [ -11.4824171, 6.9318762 ], [ -11.5012655, 6.9385638 ], [ -11.5191593, 6.9469581 ], [ -11.5371161, 6.9553809 ], [ -11.5558643, 6.959681 ], [ -11.5490475, 6.9591241 ], [ -11.5869894, 6.972033 ], [ -11.5869865, 6.9740558 ], [ -11.5816441, 6.9733171 ], [ -11.5771017, 6.9767938 ], [ -11.5572958, 6.9955978 ], [ -11.564187, 7.0011191 ], [ -11.5727034, 6.996768 ], [ -11.5901871, 6.993577 ], [ -11.5984755, 6.988306 ], [ -11.6026115, 6.98946 ], [ -11.6143217, 7.003943 ], [ -11.6297054, 7.0227942 ], [ -11.6402693, 7.0345201 ], [ -11.6556473, 7.044708 ], [ -11.7363377, 7.0927348 ], [ -11.7650375, 7.1073728 ], [ -11.7972565, 7.1238041 ], [ -11.8623209, 7.1546421 ], [ -11.879137, 7.1617818 ], [ -11.9593563, 7.1958351 ], [ -11.9960365, 7.2099628 ], [ -12.0872221, 7.2450747 ], [ -12.1134691, 7.256804 ], [ -12.1283894, 7.2634721 ], [ -12.1790023, 7.2816295 ], [ -12.1796794, 7.2795082 ], [ -12.183367, 7.2769102 ], [ -12.1874773, 7.2790912 ], [ -12.1890872, 7.2832429 ], [ -12.1875722, 7.2855729 ], [ -12.1983109, 7.2906079 ], [ -12.2155638, 7.2954397 ], [ -12.2314787, 7.3018122 ], [ -12.2787544, 7.3204162 ], [ -12.2769776, 7.3165747 ], [ -12.2785622, 7.311733 ], [ -12.2833539, 7.3085966 ], [ -12.2886033, 7.3113088 ], [ -12.2909568, 7.3165388 ], [ -12.2877195, 7.3209135 ], [ -12.2840195, 7.3226791 ], [ -12.3011322, 7.3296928 ], [ -12.3393202, 7.3430262 ], [ -12.3497295, 7.346581 ], [ -12.4120178, 7.3678479 ], [ -12.4299631, 7.3724461 ], [ -12.4714375, 7.380013 ], [ -12.4854155, 7.3825641 ], [ -12.5144053, 7.3857851 ], [ -12.5169363, 7.3876219 ], [ -12.5104923, 7.389915 ], [ -12.5012884, 7.390831 ], [ -12.4812679, 7.4045181 ], [ -12.4771214, 7.4073529 ], [ -12.4426041, 7.410326 ], [ -12.4423714, 7.4167538 ], [ -12.4368477, 7.4183578 ], [ -12.4304047, 7.4188151 ], [ -12.4278746, 7.416748 ], [ -12.4304075, 7.4119291 ], [ -12.4218931, 7.4128437 ], [ -12.4161682, 7.412323 ], [ -12.4117689, 7.411922 ], [ -12.4100847, 7.4110489 ], [ -12.3816319, 7.3963022 ], [ -12.3613863, 7.3891768 ], [ -12.3395329, 7.376771 ], [ -12.3344707, 7.3758521 ], [ -12.3091555, 7.385251 ], [ -12.3002472, 7.382319 ], [ -12.3000278, 7.3849373 ], [ -12.303401, 7.3882318 ], [ -12.3093824, 7.3903008 ], [ -12.3172064, 7.3893871 ], [ -12.3225002, 7.3866339 ], [ -12.3340092, 7.3799829 ], [ -12.3386106, 7.379755 ], [ -12.3512611, 7.3900909 ], [ -12.3643713, 7.401803 ], [ -12.3656769, 7.402421 ], [ -12.3813953, 7.4098449 ], [ -12.3908253, 7.4201779 ], [ -12.4060078, 7.4305129 ], [ -12.4119902, 7.4328108 ], [ -12.4258385, 7.43119 ], [ -12.4393749, 7.4296069 ], [ -12.4508829, 7.4252491 ], [ -12.457325, 7.4257112 ], [ -12.4630775, 7.4286962 ], [ -12.4738874, 7.4415541 ], [ -12.474493, 7.4418988 ], [ -12.4803305, 7.4452281 ], [ -12.4835815, 7.4490209 ], [ -12.4817066, 7.4555569 ], [ -12.4667416, 7.4773588 ], [ -12.4566088, 7.4948001 ], [ -12.4538441, 7.5039811 ], [ -12.4506207, 7.5088 ], [ -12.4243755, 7.5299058 ], [ -12.4121752, 7.5295978 ], [ -12.4059649, 7.5294409 ], [ -12.3868599, 7.5360889 ], [ -12.3788061, 7.5333319 ], [ -12.3654575, 7.5337863 ], [ -12.3587818, 7.5369959 ], [ -12.3518705, 7.5507641 ], [ -12.3488779, 7.5514507 ], [ -12.3387547, 7.545938 ], [ -12.3320837, 7.5401978 ], [ -12.3261042, 7.5319319 ], [ -12.319663, 7.5261922 ], [ -12.3146009, 7.5241227 ], [ -12.3070059, 7.5250382 ], [ -12.3026314, 7.528019 ], [ -12.3051624, 7.530086 ], [ -12.3189707, 7.5310111 ], [ -12.3217335, 7.5328479 ], [ -12.3306999, 7.5457048 ], [ -12.3362207, 7.550528 ], [ -12.3447332, 7.5560398 ], [ -12.3511772, 7.5574203 ], [ -12.3543968, 7.5617819 ], [ -12.3596897, 7.562243 ], [ -12.3624535, 7.5604081 ], [ -12.3639565, 7.5557327 ], [ -12.3638401, 7.5470972 ], [ -12.3661442, 7.5418191 ], [ -12.3695974, 7.5392962 ], [ -12.3725901, 7.5390682 ], [ -12.3755798, 7.5422821 ], [ -12.3820238, 7.5425138 ], [ -12.3863955, 7.5450401 ], [ -12.3898411, 7.5601902 ], [ -12.3923712, 7.5631752 ], [ -12.3972034, 7.5643229 ], [ -12.3983545, 7.5620289 ], [ -12.4057217, 7.5599661 ], [ -12.4135456, 7.560658 ], [ -12.4133167, 7.558362 ], [ -12.412241, 7.5578451 ], [ -12.4071035, 7.555377 ], [ -12.3930635, 7.5574369 ], [ -12.3916845, 7.5526171 ], [ -12.3967485, 7.5482569 ], [ -12.4241352, 7.5556121 ], [ -12.4416265, 7.5544701 ], [ -12.4489908, 7.55585 ], [ -12.453825, 7.5544739 ], [ -12.4579678, 7.5551639 ], [ -12.4614182, 7.5588369 ], [ -12.4634867, 7.5675588 ], [ -12.4611816, 7.5762801 ], [ -12.4642, 7.5850191 ], [ -12.4657793, 7.589592 ], [ -12.4692259, 7.6068058 ], [ -12.4724445, 7.6143799 ], [ -12.4869423, 7.626318 ], [ -12.4913139, 7.6311378 ], [ -12.4933834, 7.6366467 ], [ -12.4924612, 7.641695 ], [ -12.4890079, 7.644907 ], [ -12.4533215, 7.6669269 ], [ -12.4507875, 7.6717458 ], [ -12.4526272, 7.6788602 ], [ -12.4542379, 7.6781731 ], [ -12.4558535, 7.6733541 ], [ -12.4599962, 7.6685352 ], [ -12.4622984, 7.668766 ], [ -12.4643707, 7.66716 ], [ -12.4659834, 7.6637182 ], [ -12.4834785, 7.6561508 ], [ -12.4844007, 7.6545448 ], [ -12.4991341, 7.6472049 ], [ -12.5005169, 7.6421561 ], [ -12.505353, 7.6361899 ], [ -12.511797, 7.6391749 ], [ -12.5184698, 7.64675 ], [ -12.5341196, 7.6538682 ], [ -12.5419416, 7.6653442 ], [ -12.5440073, 7.670907 ], [ -12.5442419, 7.6715398 ], [ -12.5426292, 7.6795721 ], [ -12.5361814, 7.6866841 ], [ -12.5207586, 7.687829 ], [ -12.5147724, 7.691957 ], [ -12.5101671, 7.6983809 ], [ -12.5083227, 7.706183 ], [ -12.4997997, 7.7254562 ], [ -12.487133, 7.7408271 ], [ -12.4829884, 7.7444973 ], [ -12.4804573, 7.7428899 ], [ -12.4731741, 7.7307019 ], [ -12.4698696, 7.7382979 ], [ -12.4696369, 7.7440352 ], [ -12.472167, 7.75069 ], [ -12.4756193, 7.7541332 ], [ -12.4691438, 7.7726944 ], [ -12.4728479, 7.7763891 ], [ -12.4750271, 7.7812772 ], [ -12.4795237, 7.779603 ], [ -12.4864368, 7.7601018 ], [ -12.4949579, 7.7484021 ], [ -12.5096951, 7.736702 ], [ -12.5269623, 7.7270689 ], [ -12.5288706, 7.724957 ], [ -12.5311069, 7.7224808 ], [ -12.5587358, 7.704587 ], [ -12.5720892, 7.69174 ], [ -12.5762339, 7.6903629 ], [ -12.5801477, 7.6866918 ], [ -12.5852118, 7.6848569 ], [ -12.6096125, 7.6880732 ], [ -12.6146736, 7.6940413 ], [ -12.6121407, 7.6990881 ], [ -12.6052341, 7.7045951 ], [ -12.6054621, 7.714232 ], [ -12.6100674, 7.7091851 ], [ -12.6123695, 7.7041368 ], [ -12.6241112, 7.6938119 ], [ -12.6296358, 7.6940422 ], [ -12.6388435, 7.697485 ], [ -12.6466694, 7.6986318 ], [ -12.6724491, 7.708961 ], [ -12.6846495, 7.7078142 ], [ -12.6860781, 7.707181 ], [ -12.6970806, 7.7023058 ], [ -12.7021446, 7.7020769 ], [ -12.7055979, 7.703454 ], [ -12.7184877, 7.7181411 ], [ -12.7304573, 7.7220411 ], [ -12.7364426, 7.7314491 ], [ -12.7426577, 7.7367272 ], [ -12.7486429, 7.7475109 ], [ -12.7509441, 7.7477403 ], [ -12.7530165, 7.7436099 ], [ -12.7555475, 7.7424622 ], [ -12.7647562, 7.746592 ], [ -12.7698212, 7.7559991 ], [ -12.7748861, 7.7587528 ], [ -12.778348, 7.7631111 ], [ -12.7836342, 7.7697649 ], [ -12.7824831, 7.773437 ], [ -12.787549, 7.8009701 ], [ -12.7820225, 7.8060193 ], [ -12.7781095, 7.8078551 ], [ -12.7760372, 7.8071671 ], [ -12.7631454, 7.817492 ], [ -12.7539368, 7.8133631 ], [ -12.7491016, 7.8131328 ], [ -12.7419643, 7.816576 ], [ -12.7302237, 7.818182 ], [ -12.7164106, 7.8158879 ], [ -12.7096481, 7.8171773 ], [ -12.7205534, 7.8223119 ], [ -12.7352877, 7.822082 ], [ -12.7470303, 7.8202472 ], [ -12.7585411, 7.8234582 ], [ -12.776268, 7.8177199 ], [ -12.790081, 7.8108358 ], [ -12.7981529, 7.799262 ], [ -12.8032026, 7.7920208 ], [ -12.8050442, 7.7938561 ], [ -12.8160954, 7.7954612 ], [ -12.8282976, 7.8005061 ], [ -12.8596096, 7.8229871 ], [ -12.8713531, 7.8395038 ], [ -12.8867807, 7.8578548 ], [ -12.8923836, 7.8633151 ], [ -12.8973732, 7.8681769 ], [ -12.9070444, 7.8734522 ], [ -12.9194775, 7.8718429 ], [ -12.9256945, 7.8782649 ], [ -12.9332962, 7.8943229 ], [ -12.9547138, 7.914505 ], [ -12.9227104, 7.9250669 ], [ -12.9179316, 7.9288592 ], [ -12.9001484, 7.942966 ], [ -12.8828802, 7.946641 ], [ -12.8628473, 7.944809 ], [ -12.8340635, 7.934721 ], [ -12.8149519, 7.9239411 ], [ -12.8085051, 7.921876 ], [ -12.8018274, 7.9234829 ], [ -12.8488016, 7.9487119 ], [ -12.874362, 7.960865 ], [ -12.882884, 7.976233 ], [ -12.8838081, 7.9961901 ], [ -12.8853159, 8.0 ], [ -12.905117, 8.0168476 ], [ -12.9088736, 8.0310612 ], [ -12.9069757, 8.0655041 ], [ -12.9054041, 8.0735464 ], [ -12.902895, 8.0781507 ], [ -12.9036417, 8.0810833 ], [ -12.9091959, 8.092289 ], [ -12.9160881, 8.0909405 ], [ -12.9165955, 8.0998917 ], [ -12.9237576, 8.1039886 ], [ -12.9281855, 8.114068 ], [ -12.9284372, 8.1181984 ], [ -12.9291172, 8.1195364 ], [ -12.9319277, 8.1250687 ], [ -12.9514494, 8.1577997 ], [ -12.9539928, 8.1593943 ], [ -12.9611912, 8.1701479 ], [ -12.9720688, 8.1792755 ], [ -12.9753199, 8.1840801 ], [ -12.9815607, 8.1877213 ], [ -12.9957209, 8.2071638 ], [ -12.9964371, 8.2117519 ], [ -12.9925709, 8.2211857 ], [ -13.0015364, 8.2374363 ], [ -13.014082, 8.2357674 ], [ -13.0221519, 8.2395668 ], [ -13.026782, 8.2402916 ], [ -13.0355196, 8.2368002 ], [ -13.0419674, 8.2358465 ], [ -13.0495863, 8.2383318 ], [ -13.0576544, 8.2387466 ], [ -13.0624475, 8.2370415 ], [ -13.0746737, 8.2326841 ], [ -13.0817862, 8.2271338 ], [ -13.0872593, 8.2172308 ], [ -13.1012783, 8.2107239 ], [ -13.1194124, 8.1986818 ], [ -13.1322994, 8.1958532 ], [ -13.1435127, 8.1829319 ], [ -13.150404, 8.1794481 ], [ -13.1602535, 8.1699772 ], [ -13.1645756, 8.1702709 ], [ -13.1664782, 8.1704006 ], [ -13.1676455, 8.1729193 ], [ -13.165844, 8.1798172 ], [ -13.1661396, 8.1906061 ], [ -13.1638985, 8.2011805 ], [ -13.161377, 8.2032623 ], [ -13.1584435, 8.2136106 ], [ -13.1624784, 8.2331038 ], [ -13.1664362, 8.2397394 ], [ -13.1639214, 8.2431984 ], [ -13.1653585, 8.2521439 ], [ -13.1667604, 8.2553511 ], [ -13.1720686, 8.2564678 ], [ -13.1743879, 8.2589798 ], [ -13.1680088, 8.2711868 ], [ -13.1698971, 8.2785234 ], [ -13.1680298, 8.282299 ], [ -13.1676197, 8.2831287 ], [ -13.1607208, 8.2856951 ], [ -13.1634998, 8.2879753 ], [ -13.1683397, 8.2877169 ], [ -13.1777573, 8.2823801 ], [ -13.1828413, 8.284647 ], [ -13.1861124, 8.2917452 ], [ -13.1933041, 8.2992802 ], [ -13.189415, 8.3041258 ], [ -13.1928892, 8.30686 ], [ -13.1945238, 8.3102951 ], [ -13.1992512, 8.3293257 ], [ -13.2020493, 8.3343611 ], [ -13.2080641, 8.3377705 ], [ -13.2140636, 8.3386517 ], [ -13.2193947, 8.3432121 ], [ -13.2260723, 8.3420238 ], [ -13.2311573, 8.344059 ], [ -13.2313604, 8.3471565 ], [ -13.2314129, 8.3479614 ], [ -13.2353401, 8.3493156 ], [ -13.2385912, 8.3529701 ], [ -13.2446585, 8.3646441 ], [ -13.2613621, 8.3806162 ], [ -13.2623272, 8.387269 ], [ -13.2739925, 8.4085541 ], [ -13.2839842, 8.4202032 ], [ -13.2888126, 8.4181061 ], [ -13.2902021, 8.4190159 ], [ -13.2926121, 8.4348469 ], [ -13.2910147, 8.4376125 ], [ -13.2875385, 8.4348793 ], [ -13.2842016, 8.435668 ], [ -13.2815514, 8.4362946 ], [ -13.2790375, 8.4399843 ], [ -13.2768192, 8.4535484 ], [ -13.277544, 8.4585962 ], [ -13.2966871, 8.4940739 ], [ -13.2950935, 8.4972992 ], [ -13.2872515, 8.4973488 ], [ -13.2830772, 8.4939299 ], [ -13.2775335, 8.492816 ], [ -13.2749805, 8.4905357 ], [ -13.2777357, 8.488451 ], [ -13.2788706, 8.4854584 ], [ -13.2786732, 8.4750509 ], [ -13.2704229, 8.4900494 ], [ -13.2678595, 8.4947138 ], [ -13.260232, 8.4926939 ], [ -13.2562485, 8.4828434 ], [ -13.2539396, 8.4826279 ], [ -13.2514143, 8.4844809 ], [ -13.2505331, 8.4909163 ], [ -13.2477751, 8.4925413 ], [ -13.2454615, 8.4916372 ], [ -13.2417402, 8.4866066 ], [ -13.232543, 8.4912567 ], [ -13.2290716, 8.48944 ], [ -13.2249327, 8.4915323 ], [ -13.2173147, 8.4906597 ], [ -13.213376, 8.4879274 ], [ -13.2103996, 8.4913902 ], [ -13.2071657, 8.4907207 ], [ -13.2025375, 8.488452 ], [ -13.2038984, 8.484539 ], [ -13.1987953, 8.4799767 ], [ -13.1868029, 8.4802771 ], [ -13.1858625, 8.4772968 ], [ -13.1790676, 8.4722862 ], [ -13.1710339, 8.466361 ], [ -13.166585, 8.4553633 ], [ -13.1619673, 8.4544716 ], [ -13.1573286, 8.4501352 ], [ -13.1494064, 8.4366312 ], [ -13.141737, 8.4268007 ], [ -13.1357269, 8.4245386 ], [ -13.1295052, 8.4252634 ], [ -13.12117, 8.41957 ], [ -13.1200018, 8.4170504 ], [ -13.1225185, 8.4138203 ], [ -13.1116657, 8.4111261 ], [ -13.1074934, 8.4074745 ], [ -13.1040506, 8.4102507 ], [ -13.0948343, 8.4116802 ], [ -13.0922003, 8.4069424 ], [ -13.0842657, 8.4183989 ], [ -13.0921125, 8.419733 ], [ -13.1267815, 8.4326277 ], [ -13.1337433, 8.4399366 ], [ -13.1338015, 8.4495821 ], [ -13.1301355, 8.4539661 ], [ -13.1220798, 8.456768 ], [ -13.1174955, 8.4613876 ], [ -13.1147327, 8.4623213 ], [ -13.1114807, 8.458436 ], [ -13.1085148, 8.4639635 ], [ -13.1092358, 8.4690132 ], [ -13.1056213, 8.4821243 ], [ -13.1033287, 8.4844341 ], [ -13.098402, 8.4843655 ], [ -13.0915632, 8.4842701 ], [ -13.085351, 8.4868307 ], [ -13.0807819, 8.4946651 ], [ -13.078022, 8.4960575 ], [ -13.0676403, 8.4958858 ], [ -13.0635071, 8.4991245 ], [ -13.053998, 8.5209627 ], [ -13.0471458, 8.5309353 ], [ -13.0434828, 8.5331354 ], [ -13.0425539, 8.5336924 ], [ -13.0282497, 8.5473166 ], [ -13.026679, 8.5553637 ], [ -13.0237093, 8.5606613 ], [ -13.0128212, 8.552681 ], [ -13.0072813, 8.5522509 ], [ -12.9957809, 8.5587435 ], [ -12.9812479, 8.5592775 ], [ -12.9773407, 8.5620537 ], [ -12.9716082, 8.555645 ], [ -12.9670639, 8.5566998 ], [ -12.9605103, 8.5549231 ], [ -12.9480085, 8.5566912 ], [ -12.9362373, 8.5556021 ], [ -12.9280357, 8.5641298 ], [ -12.9342327, 8.5693932 ], [ -12.9395361, 8.5686769 ], [ -12.9460287, 8.5748463 ], [ -12.9511089, 8.5755091 ], [ -12.9552832, 8.5796223 ], [ -12.9529905, 8.5826197 ], [ -12.944006, 8.5851917 ], [ -12.9484081, 8.5886154 ], [ -12.9590149, 8.587183 ], [ -12.9643373, 8.5908184 ], [ -12.9695044, 8.5918045 ], [ -12.9819212, 8.5987797 ], [ -12.991395, 8.6010275 ], [ -12.9990082, 8.6007576 ], [ -13.0110607, 8.5932531 ], [ -13.0116568, 8.5928822 ], [ -13.0199671, 8.593297 ], [ -13.0225172, 8.5955801 ], [ -13.0200157, 8.6022549 ], [ -13.0227861, 8.6024694 ], [ -13.0335779, 8.5927649 ], [ -13.0439472, 8.5901823 ], [ -13.0563297, 8.576334 ], [ -13.060008, 8.5737877 ], [ -13.0641565, 8.5730762 ], [ -13.0678825, 8.5790272 ], [ -13.0713587, 8.5817642 ], [ -13.0849705, 8.5810003 ], [ -13.0886698, 8.5825872 ], [ -13.0968161, 8.5947151 ], [ -13.0973005, 8.5988474 ], [ -13.0940838, 8.601162 ], [ -13.1003361, 8.6048021 ], [ -13.1065741, 8.6061449 ], [ -13.1095886, 8.608655 ], [ -13.1204491, 8.6111202 ], [ -13.1134853, 8.6040392 ], [ -13.1130028, 8.6005964 ], [ -13.1202831, 8.5828686 ], [ -13.130578, 8.5678806 ], [ -13.1314583, 8.5605259 ], [ -13.1304131, 8.5555754 ], [ -13.1331806, 8.5483541 ], [ -13.1368895, 8.5451994 ], [ -13.137085, 8.5368366 ], [ -13.1384296, 8.5301685 ], [ -13.1441412, 8.5207186 ], [ -13.1501074, 8.5154018 ], [ -13.1554117, 8.5151415 ], [ -13.1584225, 8.5169611 ], [ -13.16294, 8.5214062 ], [ -13.1644554, 8.5228977 ], [ -13.1688499, 8.5247087 ], [ -13.1751165, 8.531333 ], [ -13.190712, 8.5535192 ], [ -13.199111, 8.5686293 ], [ -13.2033215, 8.5777912 ], [ -13.2111235, 8.6080637 ], [ -13.2155704, 8.6181431 ], [ -13.2237053, 8.6291142 ], [ -13.2274399, 8.6341515 ], [ -13.2320728, 8.636879 ], [ -13.2420702, 8.6485319 ], [ -13.247263, 8.666647 ], [ -13.2478104, 8.6801968 ], [ -13.2458391, 8.6969776 ], [ -13.2477884, 8.7130461 ], [ -13.2462101, 8.7190275 ], [ -13.2434111, 8.7144508 ], [ -13.2417641, 8.7040224 ], [ -13.2394066, 8.6997538 ], [ -13.238245, 8.7032557 ], [ -13.2386742, 8.7064371 ], [ -13.247467, 8.7716255 ], [ -13.2468452, 8.7828875 ], [ -13.2501631, 8.7961922 ], [ -13.2445574, 8.8226461 ], [ -13.2378931, 8.8279705 ], [ -13.2311983, 8.8365355 ], [ -13.2284832, 8.8374472 ], [ -13.220192, 8.8411732 ], [ -13.2087355, 8.8557167 ], [ -13.2015715, 8.8550701 ], [ -13.1869774, 8.8482647 ], [ -13.1748953, 8.8366184 ], [ -13.1707258, 8.8345757 ], [ -13.1688976, 8.8378029 ], [ -13.1744757, 8.8435125 ], [ -13.1737986, 8.8460445 ], [ -13.1703329, 8.8458347 ], [ -13.1610641, 8.8408346 ], [ -13.1453505, 8.8393173 ], [ -13.1394644, 8.8368225 ], [ -13.1265678, 8.8397284 ], [ -13.1303015, 8.8478394 ], [ -13.1313238, 8.8500586 ], [ -13.1404238, 8.8655367 ], [ -13.1492043, 8.8659458 ], [ -13.1587667, 8.8812838 ], [ -13.1597099, 8.8844948 ], [ -13.1574068, 8.8856573 ], [ -13.1659546, 8.899662 ], [ -13.1692848, 8.9036121 ], [ -13.1771603, 8.9050703 ], [ -13.1813145, 8.904357 ], [ -13.1933479, 8.907732 ], [ -13.2003222, 8.914813 ], [ -13.2010422, 8.9191742 ], [ -13.2031345, 8.9214592 ], [ -13.2240191, 8.936038 ], [ -13.2300138, 8.9400434 ], [ -13.236784, 8.9431705 ], [ -13.240612, 8.9466238 ], [ -13.2439289, 8.9423504 ], [ -13.2455454, 8.942111 ], [ -13.2481155, 8.9466915 ], [ -13.2556372, 8.9544392 ], [ -13.2624979, 8.9555626 ], [ -13.2684603, 8.9486332 ], [ -13.2726049, 8.9463091 ], [ -13.2855892, 8.9486113 ], [ -13.2938862, 8.9500818 ], [ -13.2971535, 8.9551163 ], [ -13.2970123, 8.9689035 ], [ -13.2905531, 8.9951086 ], [ -13.2898083, 8.9981298 ], [ -13.2931108, 9.0084486 ], [ -13.3076305, 9.0375385 ], [ -13.3215408, 9.0580893 ], [ -13.3242025, 9.0620203 ], [ -13.3246965, 9.0670729 ], [ -13.3235645, 9.0702972 ], [ -13.3106747, 9.0786514 ], [ -13.3044271, 9.0777721 ], [ -13.2936544, 9.0918579 ], [ -13.2930269, 9.1019726 ], [ -13.2847414, 9.1079988 ], [ -13.2757902, 9.1179361 ], [ -13.2686815, 9.1269426 ], [ -13.2654972, 9.1352358 ], [ -13.2565184, 9.1412659 ], [ -13.251893, 9.1410646 ], [ -13.2489672, 9.1444826 ], [ -13.2497025, 9.1601505 ], [ -13.2515945, 9.1668043 ], [ -13.2580423, 9.1626282 ], [ -13.2605324, 9.1904202 ], [ -13.2704945, 9.1931152 ], [ -13.2725353, 9.1868982 ], [ -13.2749577, 9.1680384 ], [ -13.2740173, 9.1657467 ], [ -13.276968, 9.1569958 ], [ -13.280407, 9.1526079 ], [ -13.2850294, 9.1523485 ], [ -13.2922182, 9.1552916 ], [ -13.3100319, 9.1567869 ], [ -13.3151569, 9.1624994 ], [ -13.3207016, 9.1706095 ], [ -13.3259077, 9.1796675 ], [ -13.312047, 9.1909237 ], [ -13.3161936, 9.1914873 ], [ -13.318821, 9.1921225 ], [ -13.320015, 9.1978598 ], [ -13.3184547, 9.2066021 ], [ -13.3136806, 9.2192726 ], [ -13.3134813, 9.2241001 ], [ -13.3105669, 9.2381372 ], [ -13.3098898, 9.2406702 ], [ -13.3238983, 9.2603455 ], [ -13.3220787, 9.2649536 ], [ -13.324173, 9.2667789 ], [ -13.3265715, 9.2796345 ], [ -13.3271112, 9.2913513 ], [ -13.3241577, 9.2994146 ], [ -13.3297815, 9.3104095 ], [ -13.3284512, 9.318923 ], [ -13.3254728, 9.3233089 ], [ -13.3196545, 9.3255205 ], [ -13.3246269, 9.3385525 ], [ -13.3396702, 9.3358583 ], [ -13.3449736, 9.333066 ], [ -13.3545275, 9.3088713 ], [ -13.352375, 9.2983131 ], [ -13.3558121, 9.2934637 ], [ -13.3552675, 9.2812872 ], [ -13.3570776, 9.2752991 ], [ -13.3707056, 9.2722235 ], [ -13.3846159, 9.2767277 ], [ -13.3878498, 9.2760162 ], [ -13.3899155, 9.2734747 ], [ -13.3970795, 9.2725077 ], [ -13.4126253, 9.2792988 ], [ -13.4131117, 9.2827435 ], [ -13.4120226, 9.2852421 ], [ -13.4096966, 9.2905798 ], [ -13.4116011, 9.2983809 ], [ -13.4172573, 9.313282 ], [ -13.4275665, 9.3318291 ], [ -13.4271574, 9.3394165 ], [ -13.4325666, 9.3517914 ], [ -13.4315052, 9.3653593 ], [ -13.4280491, 9.3674517 ], [ -13.4240446, 9.3904629 ], [ -13.4245396, 9.3950567 ], [ -13.4201345, 9.3990602 ], [ -13.4243803, 9.4067726 ], [ -13.4240799, 9.4101982 ], [ -13.435524, 9.4103823 ], [ -13.4420242, 9.4130955 ], [ -13.4466515, 9.4128342 ], [ -13.4494085, 9.4102869 ], [ -13.4669628, 9.4051094 ], [ -13.4743795, 9.4066668 ], [ -13.4806576, 9.410531 ], [ -13.4902487, 9.4209633 ], [ -13.4977026, 9.4310989 ], [ -13.5114641, 9.4454823 ], [ -13.5173388, 9.4573936 ], [ -13.5214157, 9.4765406 ], [ -13.5179815, 9.4819841 ], [ -13.5125303, 9.496274 ], [ -13.5081749, 9.5022812 ], [ -13.5041866, 9.5109911 ], [ -13.5115395, 9.5190382 ], [ -13.5206985, 9.5051813 ], [ -13.5264463, 9.4996233 ], [ -13.5333614, 9.4956675 ], [ -13.5433159, 9.4953651 ], [ -13.5535355, 9.4998884 ], [ -13.5593653, 9.5053635 ], [ -13.5698929, 9.5197687 ], [ -13.5864582, 9.5364275 ], [ -13.5955849, 9.5490046 ], [ -13.5948505, 9.5514317 ], [ -13.6035109, 9.5623493 ], [ -13.607049, 9.5643206 ], [ -13.616785, 9.5656271 ], [ -13.619771, 9.5623865 ], [ -13.6253185, 9.5611963 ], [ -13.6271257, 9.5552053 ], [ -13.6338339, 9.5542355 ], [ -13.6391773, 9.5564947 ], [ -13.6421318, 9.549346 ], [ -13.6451368, 9.5486336 ], [ -13.6501932, 9.5437679 ], [ -13.6615171, 9.5409241 ], [ -13.6679497, 9.5344381 ], [ -13.7006588, 9.5130386 ], [ -13.7031641, 9.5079613 ], [ -13.7163086, 9.5014229 ], [ -13.7237177, 9.5013647 ], [ -13.7258158, 9.5031872 ], [ -13.7270012, 9.5066261 ], [ -13.725194, 9.5121574 ], [ -13.7217588, 9.5167818 ], [ -13.7092638, 9.5177975 ], [ -13.6991215, 9.5236244 ], [ -13.6959858, 9.5315275 ], [ -13.6934481, 9.53792 ], [ -13.6773672, 9.5541353 ], [ -13.6718397, 9.5578556 ], [ -13.6692133, 9.5771856 ], [ -13.6614265, 9.5882788 ], [ -13.6603498, 9.5986319 ], [ -13.6573858, 9.6046305 ], [ -13.6536932, 9.6062689 ], [ -13.6459227, 9.6196604 ], [ -13.6380806, 9.6238565 ], [ -13.6341753, 9.6280251 ], [ -13.632637, 9.6338511 ], [ -13.6333666, 9.6432037 ], [ -13.6297979, 9.6609325 ], [ -13.6261053, 9.6627989 ], [ -13.6245069, 9.6657991 ], [ -13.6252794, 9.6696806 ], [ -13.6269073, 9.6765862 ], [ -13.6327562, 9.6838989 ], [ -13.6290121, 9.7089863 ], [ -13.6242609, 9.7237349 ], [ -13.6215, 9.726285 ], [ -13.6177959, 9.7267723 ], [ -13.6087389, 9.724081 ], [ -13.6022644, 9.7259684 ], [ -13.5978413, 9.7246656 ], [ -13.5986652, 9.7290545 ], [ -13.6004677, 9.7308264 ], [ -13.60114, 9.7303438 ], [ -13.6041584, 9.7312412 ], [ -13.6081371, 9.73627 ], [ -13.600791, 9.7452908 ], [ -13.5917959, 9.7508755 ], [ -13.5846338, 9.753686 ], [ -13.580677, 9.7535267 ], [ -13.5720129, 9.7583513 ], [ -13.5682049, 9.7703323 ], [ -13.5750055, 9.7675495 ], [ -13.5960808, 9.7657871 ], [ -13.6156063, 9.7734594 ], [ -13.6193428, 9.7771101 ], [ -13.6231308, 9.7874269 ], [ -13.6224537, 9.789731 ], [ -13.6169319, 9.7950611 ], [ -13.6125898, 9.7945633 ], [ -13.6116114, 9.7977619 ], [ -13.6144199, 9.7999077 ], [ -13.6301851, 9.8004799 ], [ -13.6320724, 9.8048334 ], [ -13.629365, 9.8142805 ], [ -13.625103, 9.8219938 ], [ -13.6388521, 9.8121405 ], [ -13.6444254, 9.8134775 ], [ -13.6521101, 9.818018 ], [ -13.6549168, 9.8212156 ], [ -13.6567812, 9.8268442 ], [ -13.6634321, 9.8295736 ], [ -13.6638126, 9.822834 ], [ -13.6538973, 9.8094969 ], [ -13.6441059, 9.8022137 ], [ -13.6398478, 9.7912102 ], [ -13.6462164, 9.7757587 ], [ -13.6503515, 9.7711296 ], [ -13.6563482, 9.7674065 ], [ -13.6657734, 9.7576771 ], [ -13.6713219, 9.7560253 ], [ -13.68927, 9.7400246 ], [ -13.6989946, 9.7390299 ], [ -13.7206936, 9.7427073 ], [ -13.7307968, 9.7459087 ], [ -13.7388601, 9.7520037 ], [ -13.7550659, 9.766408 ], [ -13.7578917, 9.771904 ], [ -13.7600412, 9.7797031 ], [ -13.7593956, 9.7856865 ], [ -13.755908, 9.7950277 ], [ -13.7475786, 9.8060961 ], [ -13.7505684, 9.8115063 ], [ -13.7487555, 9.8165789 ], [ -13.7441692, 9.8225927 ], [ -13.7396154, 9.8327456 ], [ -13.7204943, 9.8473806 ], [ -13.7113171, 9.8591776 ], [ -13.7017431, 9.8794851 ], [ -13.6929998, 9.8878298 ], [ -13.6840677, 9.9016943 ], [ -13.6850071, 9.9322681 ], [ -13.6813145, 9.9345951 ], [ -13.6837378, 9.9380388 ], [ -13.6925163, 9.9395599 ], [ -13.6929045, 9.933816 ], [ -13.6993055, 9.9227304 ], [ -13.701725, 9.9061565 ], [ -13.7070026, 9.8992176 ], [ -13.7177076, 9.875452 ], [ -13.7250681, 9.8682671 ], [ -13.7340651, 9.8626795 ], [ -13.7532358, 9.8540201 ], [ -13.7669849, 9.8499804 ], [ -13.7750006, 9.8508577 ], [ -13.7879515, 9.8470745 ], [ -13.7895603, 9.8454523 ], [ -13.7966824, 9.8378077 ], [ -13.8015366, 9.8361588 ], [ -13.8080521, 9.8390942 ], [ -13.8143177, 9.839963 ], [ -13.821557, 9.8461113 ], [ -13.8266582, 9.8463001 ], [ -13.8437386, 9.8647823 ], [ -13.8588877, 9.8841324 ], [ -13.8678837, 9.8956223 ], [ -13.8781767, 9.9061127 ], [ -13.9094486, 9.9290714 ], [ -13.952117, 9.9551477 ], [ -13.9551964, 9.9622488 ], [ -13.9542332, 9.9630175 ], [ -13.9601612, 9.9714575 ], [ -13.968751, 9.9738579 ], [ -13.9731436, 9.9722099 ], [ -13.9803305, 9.9719172 ], [ -13.9898701, 9.9752827 ], [ -14.0099277, 9.9875221 ], [ -14.0171127, 9.9956455 ], [ -14.0260077, 10.0 ], [ -14.0274448, 10.0007038 ], [ -14.0278149, 10.0 ], [ -14.0292683, 9.9972382 ], [ -14.0327387, 9.9962873 ], [ -14.0366879, 10.0 ], [ -14.0671377, 10.0286293 ], [ -14.0680981, 10.0320702 ], [ -14.0649967, 10.0477343 ], [ -14.0606432, 10.0535221 ], [ -14.0583639, 10.0579119 ], [ -14.0562954, 10.0636158 ], [ -14.053565, 10.065774 ], [ -14.038003, 10.0889082 ], [ -14.0355511, 10.0997381 ], [ -14.0321093, 10.1039085 ], [ -14.0310049, 10.1161642 ], [ -14.0354748, 10.1165257 ], [ -14.0492125, 10.1214609 ], [ -14.051796, 10.1248875 ], [ -14.0502062, 10.128581 ], [ -14.0460587, 10.1318378 ], [ -14.0427551, 10.1338873 ], [ -14.0417032, 10.1376257 ], [ -14.0440435, 10.139904 ], [ -14.0481138, 10.1532049 ], [ -14.0566339, 10.1459999 ], [ -14.0612602, 10.1443481 ], [ -14.0696306, 10.1461105 ], [ -14.0733852, 10.150857 ], [ -14.0756168, 10.1409988 ], [ -14.079319, 10.1398153 ], [ -14.0838451, 10.1521921 ], [ -14.0867596, 10.1413565 ], [ -14.0854855, 10.1291809 ], [ -14.0874577, 10.1169758 ], [ -14.0871115, 10.1047907 ], [ -14.0842295, 10.0944691 ], [ -14.0814304, 10.0896931 ], [ -14.0773706, 10.0807343 ], [ -14.0794344, 10.078186 ], [ -14.084671, 10.0802679 ], [ -14.0869656, 10.0761375 ], [ -14.0805206, 10.0703583 ], [ -14.0786219, 10.0657768 ], [ -14.0855293, 10.060195 ], [ -14.0910883, 10.0592241 ], [ -14.1019392, 10.053606 ], [ -14.1139956, 10.0528049 ], [ -14.128336, 10.0483036 ], [ -14.1376038, 10.0470676 ], [ -14.1415625, 10.0486403 ], [ -14.1466904, 10.0511217 ], [ -14.1595144, 10.0578995 ], [ -14.1639614, 10.0617676 ], [ -14.1751747, 10.0697098 ], [ -14.186223, 10.084322 ], [ -14.1890764, 10.091424 ], [ -14.1886778, 10.0980959 ], [ -14.1850271, 10.1043406 ], [ -14.1800108, 10.1148939 ], [ -14.1843328, 10.1282616 ], [ -14.1916819, 10.1194305 ], [ -14.194334, 10.1180954 ], [ -14.1939888, 10.1161203 ], [ -14.2008352, 10.1074085 ], [ -14.2042847, 10.1041555 ], [ -14.2093773, 10.1029577 ], [ -14.2189102, 10.1049356 ], [ -14.2380419, 10.1153288 ], [ -14.2497721, 10.1280928 ], [ -14.2530832, 10.1342697 ], [ -14.2533703, 10.1417532 ], [ -14.2627287, 10.1532087 ], [ -14.2676535, 10.1522942 ], [ -14.2842302, 10.1620197 ], [ -14.2947741, 10.1718044 ], [ -14.2992611, 10.1793489 ], [ -14.3123989, 10.193017 ], [ -14.31709, 10.1977997 ], [ -14.3493385, 10.2186337 ], [ -14.3563509, 10.22223 ], [ -14.3682442, 10.2283306 ], [ -14.3792047, 10.2330494 ], [ -14.3917713, 10.2359104 ], [ -14.4017506, 10.2355785 ], [ -14.413476, 10.2248793 ], [ -14.4178848, 10.2246037 ], [ -14.4239416, 10.2266102 ], [ -14.4297352, 10.2256308 ], [ -14.4373474, 10.2211828 ], [ -14.4490585, 10.2093325 ], [ -14.45438, 10.2076674 ], [ -14.4564772, 10.2083349 ], [ -14.4583683, 10.2115355 ], [ -14.4593887, 10.2200327 ], [ -14.4600325, 10.2208624 ], [ -14.4636269, 10.2255077 ], [ -14.46276, 10.231266 ], [ -14.4653807, 10.2374477 ], [ -14.4638128, 10.242753 ], [ -14.4654779, 10.2464161 ], [ -14.4706402, 10.251421 ], [ -14.4711475, 10.2555552 ], [ -14.4560843, 10.3010187 ], [ -14.4635525, 10.3260078 ], [ -14.4634476, 10.3392839 ], [ -14.4750862, 10.3401461 ], [ -14.4792843, 10.341711 ], [ -14.4851418, 10.3464794 ], [ -14.4945564, 10.3578796 ], [ -14.5055847, 10.3681116 ], [ -14.5351048, 10.3910246 ], [ -14.5429306, 10.4054298 ], [ -14.5521326, 10.41821 ], [ -14.5557795, 10.4326601 ], [ -14.5519047, 10.4393721 ], [ -14.5545559, 10.4687824 ], [ -14.551981, 10.4879007 ], [ -14.5482321, 10.4941864 ], [ -14.5473168, 10.4941937 ], [ -14.5451442, 10.504131 ], [ -14.5456667, 10.5058575 ], [ -14.5556335, 10.5030403 ], [ -14.5627899, 10.4985933 ], [ -14.5689735, 10.4907045 ], [ -14.5741768, 10.4779997 ], [ -14.5771589, 10.4745178 ], [ -14.5824709, 10.4716997 ], [ -14.5910463, 10.4697666 ], [ -14.6233435, 10.4696417 ], [ -14.6312628, 10.4713936 ], [ -14.6515331, 10.4762287 ], [ -14.6535339, 10.4683857 ], [ -14.6567574, 10.4658203 ], [ -14.6606932, 10.4646263 ], [ -14.6653852, 10.468483 ], [ -14.6670837, 10.4746742 ], [ -14.6625776, 10.4869146 ], [ -14.6660032, 10.5018263 ], [ -14.6674671, 10.5077896 ], [ -14.6691627, 10.513751 ], [ -14.6685162, 10.5181284 ], [ -14.66436, 10.5204725 ], [ -14.6623487, 10.5273972 ], [ -14.6579418, 10.5281372 ], [ -14.6529484, 10.5385427 ], [ -14.6546497, 10.5449638 ], [ -14.6579142, 10.5458469 ], [ -14.6598158, 10.5495062 ], [ -14.6608191, 10.5559349 ], [ -14.658123, 10.5640154 ], [ -14.6546507, 10.5652037 ], [ -14.6508636, 10.5592661 ], [ -14.6459665, 10.5579395 ], [ -14.6429987, 10.5625734 ], [ -14.6404448, 10.5628319 ], [ -14.6367636, 10.5660915 ], [ -14.6332645, 10.5649815 ], [ -14.6283941, 10.5659561 ], [ -14.6245346, 10.574049 ], [ -14.6210537, 10.5745468 ], [ -14.6183128, 10.5787172 ], [ -14.6065636, 10.588047 ], [ -14.5976667, 10.5933285 ], [ -14.5938454, 10.5939369 ], [ -14.59554, 10.5998983 ], [ -14.6024971, 10.5984421 ], [ -14.6173744, 10.5985079 ], [ -14.6201859, 10.600318 ], [ -14.6237345, 10.6057987 ], [ -14.6273975, 10.6211691 ], [ -14.6250067, 10.635685 ], [ -14.622098, 10.6456079 ], [ -14.6208029, 10.6452951 ], [ -14.6168871, 10.6576262 ], [ -14.6147385, 10.6730614 ], [ -14.6173487, 10.680809 ], [ -14.611805, 10.6924257 ], [ -14.6115227, 10.6986904 ], [ -14.6033039, 10.7104492 ], [ -14.6003742, 10.7147646 ], [ -14.5951452, 10.7164021 ], [ -14.5887709, 10.7209587 ], [ -14.5747776, 10.7381325 ], [ -14.5609341, 10.7688751 ], [ -14.5589542, 10.7790155 ], [ -14.5549841, 10.7845154 ], [ -14.5465288, 10.8120451 ], [ -14.5410023, 10.8171644 ], [ -14.552948, 10.8265028 ], [ -14.5607491, 10.8146505 ], [ -14.5644407, 10.8118525 ], [ -14.5733738, 10.8046236 ], [ -14.5857773, 10.7853975 ], [ -14.5922737, 10.7739611 ], [ -14.5937052, 10.766449 ], [ -14.6052399, 10.7458763 ], [ -14.609889, 10.7376814 ], [ -14.6290989, 10.7087851 ], [ -14.6369495, 10.6836262 ], [ -14.6526833, 10.6767807 ], [ -14.6619015, 10.669548 ], [ -14.6885405, 10.6425648 ], [ -14.6901226, 10.6401758 ], [ -14.6953259, 10.6397352 ], [ -14.7032747, 10.6325388 ], [ -14.7064981, 10.6348877 ], [ -14.7066622, 10.638196 ], [ -14.7058048, 10.6460524 ], [ -14.7086678, 10.6522293 ], [ -14.7070808, 10.6556978 ], [ -14.7114325, 10.6699085 ], [ -14.7110167, 10.6740541 ], [ -14.7071123, 10.6782389 ], [ -14.7006083, 10.6787729 ], [ -14.6976461, 10.6739168 ], [ -14.6956463, 10.673934 ], [ -14.6946859, 10.6785545 ], [ -14.6910219, 10.6789169 ], [ -14.6917171, 10.6822071 ], [ -14.6849318, 10.6904507 ], [ -14.6883469, 10.6966085 ], [ -14.7030649, 10.6900158 ], [ -14.7231693, 10.698988 ], [ -14.7202415, 10.7070723 ], [ -14.7172461, 10.7094059 ], [ -14.7154312, 10.7133369 ], [ -14.7122707, 10.7214241 ], [ -14.7071285, 10.7387838 ], [ -14.7056856, 10.7548513 ], [ -14.7038631, 10.7580919 ], [ -14.6939459, 10.7653351 ], [ -14.6744766, 10.7713041 ], [ -14.669405, 10.7752724 ], [ -14.6661882, 10.778758 ], [ -14.6562338, 10.8002319 ], [ -14.6645041, 10.8098164 ], [ -14.6689653, 10.7975893 ], [ -14.6721478, 10.7911129 ], [ -14.67974, 10.7838964 ], [ -14.6915216, 10.7768631 ], [ -14.7077379, 10.7711592 ], [ -14.7139721, 10.7671785 ], [ -14.7222338, 10.7576532 ], [ -14.72686, 10.7555304 ], [ -14.7282305, 10.7534447 ], [ -14.7308321, 10.7489529 ], [ -14.7362356, 10.7471209 ], [ -14.7401485, 10.7385874 ], [ -14.7398682, 10.7344494 ], [ -14.7441282, 10.7210598 ], [ -14.7433214, 10.7118683 ], [ -14.7425575, 10.706357 ], [ -14.7418089, 10.7019949 ], [ -14.7422409, 10.7004585 ], [ -14.7438173, 10.6948414 ], [ -14.7481775, 10.6899614 ], [ -14.7597542, 10.7052393 ], [ -14.7624083, 10.7132587 ], [ -14.7684898, 10.7161789 ], [ -14.7750998, 10.7243834 ], [ -14.7870512, 10.7511568 ], [ -14.789958, 10.7607841 ], [ -14.7890663, 10.7640142 ], [ -14.7818432, 10.762948 ], [ -14.7788334, 10.7641335 ], [ -14.7678423, 10.7763081 ], [ -14.7617607, 10.7953844 ], [ -14.7607327, 10.8066673 ], [ -14.7580233, 10.8135986 ], [ -14.7587757, 10.8181906 ], [ -14.7553959, 10.8274307 ], [ -14.7541313, 10.8361921 ], [ -14.7614126, 10.8474331 ], [ -14.7685909, 10.8344536 ], [ -14.7770033, 10.8248835 ], [ -14.78304, 10.8238907 ], [ -14.791913, 10.8265476 ], [ -14.7953691, 10.8237476 ], [ -14.8014154, 10.8234472 ], [ -14.807435, 10.8210764 ], [ -14.8090887, 10.8231277 ], [ -14.8093719, 10.8272638 ], [ -14.805789, 10.8388081 ], [ -14.8063211, 10.8443222 ], [ -14.8040943, 10.8526297 ], [ -14.8076944, 10.8617888 ], [ -14.8068085, 10.8654795 ], [ -14.809782, 10.8745642 ], [ -14.8141832, 10.8848572 ], [ -14.8155518, 10.8853455 ], [ -14.8157883, 10.8894758 ], [ -14.8144445, 10.895195 ], [ -14.8160658, 10.8983297 ], [ -14.8149614, 10.9083757 ], [ -14.817297, 10.9246883 ], [ -14.816349, 10.9300108 ], [ -14.8127918, 10.9331903 ], [ -14.8052235, 10.9332571 ], [ -14.7977123, 10.939621 ], [ -14.7967968, 10.9419661 ], [ -14.7935629, 10.9440746 ], [ -14.7858992, 10.9455442 ], [ -14.7734919, 10.9590302 ], [ -14.769558, 10.9609156 ], [ -14.7611847, 10.9614735 ], [ -14.7525454, 10.9592695 ], [ -14.7460318, 10.9595757 ], [ -14.7448339, 10.960022 ], [ -14.7409334, 10.9614744 ], [ -14.729207, 10.9738007 ], [ -14.7175179, 10.9893475 ], [ -14.7126627, 10.9921618 ], [ -14.7026701, 10.9936552 ], [ -14.6982851, 10.9969254 ], [ -14.6941652, 11.0029535 ], [ -14.6921616, 11.0107965 ], [ -14.6939068, 11.020668 ], [ -14.6916132, 11.0236855 ], [ -14.6820955, 11.0260925 ], [ -14.6646395, 11.0265179 ], [ -14.657588, 11.0208454 ], [ -14.6559877, 11.0233946 ], [ -14.6590881, 11.0298004 ], [ -14.6698236, 11.0319815 ], [ -14.6712503, 11.0344954 ], [ -14.67101, 11.0390015 ], [ -14.6833906, 11.0421085 ], [ -14.6857271, 11.0380135 ], [ -14.697135, 11.0378847 ], [ -14.7277031, 11.0191507 ], [ -14.7299461, 11.013855 ], [ -14.7235441, 11.0067606 ], [ -14.7235031, 11.0033102 ], [ -14.7271605, 10.9975185 ], [ -14.7510424, 10.9698696 ], [ -14.7566252, 10.9695759 ], [ -14.7690439, 10.9763336 ], [ -14.7762651, 10.9767103 ], [ -14.7873983, 10.9733601 ], [ -14.7948437, 10.9730444 ], [ -14.7990532, 10.9746056 ], [ -14.8011923, 10.978261 ], [ -14.7984848, 10.9854231 ], [ -14.8121405, 10.9919205 ], [ -14.8148403, 10.9902945 ], [ -14.8232107, 10.9895048 ], [ -14.8312569, 10.9811287 ], [ -14.8379793, 10.9787493 ], [ -14.8481035, 10.9691982 ], [ -14.8591976, 10.9626265 ], [ -14.8643093, 10.961875 ], [ -14.8678312, 10.9643631 ], [ -14.8698978, 10.962038 ], [ -14.8731585, 10.9622297 ], [ -14.8811693, 10.9699535 ], [ -14.8864946, 10.986454 ], [ -14.8864307, 11.0000267 ], [ -14.8901501, 11.0116215 ], [ -14.8905478, 11.0128593 ], [ -14.8993187, 11.0254068 ], [ -14.8984499, 11.0304775 ], [ -14.8954611, 11.0335035 ], [ -14.8940992, 11.0339069 ], [ -14.8989096, 11.0370102 ], [ -14.9032784, 11.0345736 ], [ -14.918046, 11.0448847 ], [ -14.9266186, 11.0545425 ], [ -14.9308052, 11.0592585 ], [ -14.9320431, 11.0597544 ], [ -14.9340363, 11.0501328 ], [ -14.9315977, 11.0464611 ], [ -14.9189062, 11.0273523 ], [ -14.914443, 11.0243607 ], [ -14.9013414, 11.0009975 ], [ -14.9007292, 10.9704103 ], [ -14.9023066, 10.9662504 ], [ -14.9177589, 10.954793 ], [ -14.9224339, 10.9563475 ], [ -14.9294825, 10.9615517 ], [ -14.9466352, 10.974226 ], [ -14.9570112, 10.9798193 ], [ -14.9627686, 10.9797792 ], [ -14.9715576, 10.9753008 ], [ -14.9765797, 10.9764795 ], [ -14.9798431, 10.9772453 ], [ -14.9937859, 10.9727325 ], [ -15.0, 10.9689159 ], [ -15.001586, 10.9679413 ], [ -15.017868, 10.9560947 ], [ -15.0271597, 10.9545994 ], [ -15.0331421, 10.949234 ], [ -15.0386114, 10.9401932 ], [ -15.0432148, 10.9362249 ], [ -15.0543766, 10.9353952 ], [ -15.0614738, 10.9263344 ], [ -15.0796013, 10.9242649 ], [ -15.0863619, 10.9250994 ], [ -15.0903416, 10.9268894 ], [ -15.0952959, 10.9318867 ], [ -15.0965166, 10.9362421 ], [ -15.0921707, 10.9420481 ], [ -15.0803499, 10.945879 ], [ -15.0646391, 10.9548187 ], [ -15.0494728, 10.9699621 ], [ -15.0478315, 10.9870062 ], [ -15.0342665, 10.991766 ], [ -15.050231, 10.9924955 ], [ -15.0548658, 10.9908295 ], [ -15.0582943, 10.9859543 ], [ -15.057703, 10.9763002 ], [ -15.0560226, 10.9724102 ], [ -15.056673, 10.9687214 ], [ -15.0649462, 10.9605675 ], [ -15.07584, 10.9569778 ], [ -15.0779076, 10.9548817 ], [ -15.0866728, 10.9529305 ], [ -15.0976353, 10.95049 ], [ -15.1076946, 10.9542723 ], [ -15.1142855, 10.9597092 ], [ -15.1166849, 10.9651995 ], [ -15.1165133, 10.9698019 ], [ -15.1075802, 10.9984417 ], [ -15.1065435, 11.0081167 ], [ -15.1107874, 11.0474005 ], [ -15.1081285, 11.0575552 ], [ -15.1040106, 11.0631285 ], [ -15.0984545, 11.0655003 ], [ -15.0932407, 11.0655661 ], [ -15.0912361, 11.0655918 ], [ -15.0758266, 11.0625668 ], [ -15.070487, 11.0637846 ], [ -15.0675077, 11.067503 ], [ -15.0684729, 11.0700207 ], [ -15.0712843, 11.0713654 ], [ -15.0817623, 11.0712328 ], [ -15.084342, 11.0725803 ], [ -15.0859079, 11.0854425 ], [ -15.0853062, 11.0928125 ], [ -15.08074, 11.0997705 ], [ -15.0781965, 11.1011839 ], [ -15.0698004, 11.1003704 ], [ -15.06283, 11.1016083 ], [ -15.0529575, 11.1125441 ], [ -15.0469608, 11.116991 ], [ -15.0381756, 11.1148319 ], [ -15.0365686, 11.1159897 ], [ -15.0442677, 11.1248465 ], [ -15.0461864, 11.1291933 ], [ -15.0452919, 11.1319647 ], [ -15.0400009, 11.1370916 ], [ -15.0344295, 11.1385422 ], [ -15.0227003, 11.1501904 ], [ -15.0147028, 11.1622524 ], [ -15.0115395, 11.1698837 ], [ -15.0012655, 11.1861143 ], [ -15.0, 11.187315 ], [ -14.9970436, 11.1901207 ], [ -14.9930983, 11.1887875 ], [ -14.9894972, 11.1950026 ], [ -14.9890957, 11.2000685 ], [ -14.9912748, 11.2064819 ], [ -14.9955215, 11.2105703 ], [ -15.0, 11.2117615 ], [ -15.0006647, 11.211937 ], [ -15.0065145, 11.2136898 ], [ -15.0131426, 11.2039108 ], [ -15.0258694, 11.1791372 ], [ -15.0336609, 11.1691465 ], [ -15.0410604, 11.1649141 ], [ -15.0451813, 11.1593418 ], [ -15.0486488, 11.1572285 ], [ -15.0554113, 11.1578331 ], [ -15.058773, 11.1476679 ], [ -15.0640488, 11.1413908 ], [ -15.068634, 11.1358118 ], [ -15.0732803, 11.1348324 ], [ -15.0781708, 11.1347713 ], [ -15.085454, 11.1395102 ], [ -15.0928183, 11.1327448 ], [ -15.096303, 11.1320105 ], [ -15.1034508, 11.1441116 ], [ -15.1069317, 11.1431475 ], [ -15.1087551, 11.1401339 ], [ -15.1071301, 11.122901 ], [ -15.1108484, 11.1223927 ], [ -15.1210175, 11.1337652 ], [ -15.1244392, 11.1284304 ], [ -15.1250801, 11.1240511 ], [ -15.1188536, 11.111249 ], [ -15.119957, 11.1066332 ], [ -15.1205244, 11.1061544 ], [ -15.1236506, 11.1035128 ], [ -15.1268654, 11.1007938 ], [ -15.1341276, 11.0965519 ], [ -15.151825, 11.0862093 ], [ -15.1652679, 11.0814343 ], [ -15.2101688, 11.0780878 ], [ -15.2127047, 11.0762148 ], [ -15.2287426, 11.0739326 ], [ -15.2222252, 11.0912724 ], [ -15.2227888, 11.0983963 ], [ -15.2182655, 11.1083479 ], [ -15.2170448, 11.1212463 ], [ -15.2033501, 11.1419001 ], [ -15.2077236, 11.1551857 ], [ -15.2093983, 11.1578302 ], [ -15.2239122, 11.1807394 ], [ -15.2284737, 11.1905708 ], [ -15.2424211, 11.1764221 ], [ -15.2330532, 11.1677351 ], [ -15.231102, 11.1613197 ], [ -15.2319736, 11.1569376 ], [ -15.2417679, 11.1407042 ], [ -15.2420759, 11.1291981 ], [ -15.2454967, 11.1238613 ], [ -15.2552519, 11.121892 ], [ -15.2699385, 11.1228466 ], [ -15.2775431, 11.1261568 ], [ -15.2781401, 11.1264172 ], [ -15.2809219, 11.1254597 ], [ -15.2824974, 11.1215286 ], [ -15.2852612, 11.1191902 ], [ -15.2878218, 11.1191568 ], [ -15.3064117, 11.1254787 ], [ -15.3145018, 11.1282291 ], [ -15.3182631, 11.1307087 ], [ -15.3189421, 11.133688 ], [ -15.3235226, 11.1403923 ], [ -15.3301296, 11.1464214 ], [ -15.3361397, 11.1431198 ], [ -15.3433504, 11.1423321 ], [ -15.3478012, 11.1441116 ], [ -15.3502054, 11.1440191 ], [ -15.3504868, 11.1440086 ], [ -15.3571138, 11.143754 ], [ -15.3606462, 11.1464663 ], [ -15.3699865, 11.1645126 ], [ -15.4081411, 11.2097683 ], [ -15.4217854, 11.2301378 ], [ -15.4281425, 11.2396278 ], [ -15.4275475, 11.246768 ], [ -15.4174614, 11.2584105 ], [ -15.4125977, 11.2605495 ], [ -15.4085159, 11.2684269 ], [ -15.4074173, 11.2730427 ], [ -15.4126205, 11.2784929 ], [ -15.4198875, 11.2813826 ], [ -15.4248409, 11.2854548 ], [ -15.4268045, 11.2923298 ], [ -15.4262018, 11.2990093 ], [ -15.4178839, 11.3121872 ], [ -15.4138956, 11.3185053 ], [ -15.4003248, 11.3474493 ], [ -15.3987675, 11.3495588 ], [ -15.3900337, 11.3613949 ], [ -15.3802309, 11.3690395 ], [ -15.3787527, 11.3701925 ], [ -15.3771219, 11.3714647 ], [ -15.3606701, 11.3785915 ], [ -15.3561182, 11.377491 ], [ -15.352849, 11.3807869 ], [ -15.3504, 11.3883352 ], [ -15.3536139, 11.3906507 ], [ -15.3555555, 11.3961458 ], [ -15.353817, 11.4064884 ], [ -15.3590794, 11.4075832 ], [ -15.3639412, 11.4105082 ], [ -15.3657503, 11.4079704 ], [ -15.3860674, 11.3938885 ], [ -15.3983297, 11.3872776 ], [ -15.402976, 11.3860626 ], [ -15.4103069, 11.3861809 ], [ -15.4183674, 11.3863106 ], [ -15.4236755, 11.382556 ], [ -15.4295301, 11.3682108 ], [ -15.4348011, 11.3619261 ], [ -15.4533901, 11.3489599 ], [ -15.459034, 11.3450232 ], [ -15.4620676, 11.345211 ], [ -15.4650631, 11.3488312 ], [ -15.4657911, 11.349711 ], [ -15.4713527, 11.3496116 ], [ -15.4714165, 11.3487606 ], [ -15.472414, 11.3354015 ], [ -15.4765224, 11.3293638 ], [ -15.4790659, 11.3279476 ], [ -15.4928122, 11.3275232 ], [ -15.4973259, 11.3280849 ], [ -15.5077581, 11.3293819 ], [ -15.5140905, 11.3320532 ], [ -15.5172319, 11.3396006 ], [ -15.5159283, 11.3460608 ], [ -15.5143633, 11.348279 ], [ -15.5031385, 11.3641863 ], [ -15.5015221, 11.3678389 ], [ -15.4997559, 11.3718262 ], [ -15.4975023, 11.3930244 ], [ -15.492732, 11.4016037 ], [ -15.4887247, 11.4145432 ], [ -15.4825935, 11.4259033 ], [ -15.4767265, 11.4291515 ], [ -15.4689465, 11.4334574 ], [ -15.4654055, 11.4463902 ], [ -15.4798698, 11.4468765 ], [ -15.4820185, 11.4502974 ], [ -15.4840689, 11.4629221 ], [ -15.4822912, 11.4689293 ], [ -15.4736319, 11.4828548 ], [ -15.4705868, 11.4819775 ], [ -15.4678879, 11.4728127 ], [ -15.4655228, 11.4705448 ], [ -15.461566, 11.4710608 ], [ -15.44104, 11.4869919 ], [ -15.4366121, 11.4872837 ], [ -15.4302568, 11.4832306 ], [ -15.4279165, 11.4827518 ], [ -15.4260464, 11.4823694 ], [ -15.4216948, 11.4879513 ], [ -15.4241228, 11.4945889 ], [ -15.4235067, 11.500349 ], [ -15.4251852, 11.5035467 ], [ -15.4231596, 11.5086365 ], [ -15.4196634, 11.5089149 ], [ -15.4149609, 11.5062189 ], [ -15.4073601, 11.4966612 ], [ -15.4007578, 11.4916916 ], [ -15.3969135, 11.483922 ], [ -15.3923073, 11.4878969 ], [ -15.3864479, 11.4859066 ], [ -15.3846216, 11.4886923 ], [ -15.3964386, 11.4995728 ], [ -15.3994179, 11.5121851 ], [ -15.4070435, 11.5233536 ], [ -15.408103, 11.5291843 ], [ -15.4007072, 11.5348902 ], [ -15.3963242, 11.5353699 ], [ -15.3896523, 11.5272226 ], [ -15.3861418, 11.5272608 ], [ -15.3822193, 11.5328979 ], [ -15.3799191, 11.5362091 ], [ -15.3794765, 11.5368462 ], [ -15.3771534, 11.5375681 ], [ -15.3747892, 11.5353003 ], [ -15.3671122, 11.5367851 ], [ -15.3631306, 11.5356894 ], [ -15.3655462, 11.525074 ], [ -15.3634109, 11.5225735 ], [ -15.3584995, 11.521719 ], [ -15.350956, 11.5160704 ], [ -15.3453398, 11.5147667 ], [ -15.343523, 11.5182419 ], [ -15.3485899, 11.5301361 ], [ -15.3481779, 11.5340528 ], [ -15.3461151, 11.5366116 ], [ -15.3407412, 11.5359945 ], [ -15.3382111, 11.5385599 ], [ -15.3387194, 11.541544 ], [ -15.3477478, 11.553154 ], [ -15.3487492, 11.557972 ], [ -15.3464661, 11.5614538 ], [ -15.3438997, 11.5614882 ], [ -15.3330603, 11.5563278 ], [ -15.3320751, 11.5501461 ], [ -15.3294516, 11.5460405 ], [ -15.3252745, 11.5477066 ], [ -15.3244429, 11.5548506 ], [ -15.3219223, 11.5581055 ], [ -15.3164968, 11.5538073 ], [ -15.313344, 11.561902 ], [ -15.3103437, 11.5642433 ], [ -15.3061094, 11.5617685 ], [ -15.3039064, 11.5544367 ], [ -15.3138618, 11.532217 ], [ -15.3121777, 11.5285587 ], [ -15.3100615, 11.5274372 ], [ -15.3058739, 11.528183 ], [ -15.3020372, 11.5374374 ], [ -15.2999573, 11.538846 ], [ -15.2950048, 11.5350018 ], [ -15.287529, 11.5341816 ], [ -15.2885008, 11.5369291 ], [ -15.2918596, 11.5390444 ], [ -15.2974434, 11.5425615 ], [ -15.29914, 11.5471392 ], [ -15.2971306, 11.5536079 ], [ -15.294364, 11.5559454 ], [ -15.2820368, 11.5586414 ], [ -15.2858324, 11.5631914 ], [ -15.2954435, 11.566514 ], [ -15.2973461, 11.5690193 ], [ -15.2937069, 11.5757399 ], [ -15.2953968, 11.5798578 ], [ -15.3030663, 11.5776844 ], [ -15.3063955, 11.5822411 ], [ -15.3119745, 11.5807858 ], [ -15.3158989, 11.5777416 ], [ -15.3302803, 11.5717964 ], [ -15.3356552, 11.5724134 ], [ -15.3363781, 11.5740137 ], [ -15.3340931, 11.5774956 ], [ -15.3259935, 11.5842152 ], [ -15.3214092, 11.5880203 ], [ -15.3146315, 11.5871916 ], [ -15.3123178, 11.588603 ], [ -15.3112001, 11.5920696 ], [ -15.3066015, 11.596962 ], [ -15.3053179, 11.6052618 ], [ -15.3030233, 11.6080532 ], [ -15.2992535, 11.6053438 ], [ -15.2960281, 11.6083775 ], [ -15.2939253, 11.6081753 ], [ -15.2910175, 11.6006222 ], [ -15.2865744, 11.599762 ], [ -15.2858458, 11.5977011 ], [ -15.291317, 11.5884256 ], [ -15.2896643, 11.5870667 ], [ -15.2850409, 11.5901194 ], [ -15.2822323, 11.589467 ], [ -15.2807617, 11.584425 ], [ -15.2760582, 11.581727 ], [ -15.2766562, 11.574358 ], [ -15.2742395, 11.568408 ], [ -15.2700291, 11.567544 ], [ -15.2656698, 11.5728931 ], [ -15.2610731, 11.5685492 ], [ -15.2546368, 11.5679789 ], [ -15.2514095, 11.5707817 ], [ -15.2528601, 11.5744438 ], [ -15.2587423, 11.5780468 ], [ -15.2600002, 11.5847015 ], [ -15.2661552, 11.5910616 ], [ -15.2585869, 11.6005955 ], [ -15.2595482, 11.6026526 ], [ -15.2621336, 11.6039991 ], [ -15.2712288, 11.6036472 ], [ -15.274766, 11.6063614 ], [ -15.278614, 11.6145926 ], [ -15.2821655, 11.6184559 ], [ -15.2875433, 11.6190739 ], [ -15.2899084, 11.6213427 ], [ -15.2859936, 11.6250763 ], [ -15.2820244, 11.6248999 ], [ -15.275897, 11.6206102 ], [ -15.270752, 11.6197596 ], [ -15.2673683, 11.6112909 ], [ -15.2633953, 11.6145515 ], [ -15.2625227, 11.6152668 ], [ -15.2573586, 11.6130342 ], [ -15.2544403, 11.621356 ], [ -15.2509947, 11.6253119 ], [ -15.2424145, 11.6123123 ], [ -15.2394133, 11.6146526 ], [ -15.2376928, 11.6252565 ], [ -15.2346725, 11.6262188 ], [ -15.2193375, 11.6139975 ], [ -15.2190447, 11.6096296 ], [ -15.2220049, 11.6042986 ], [ -15.2330704, 11.594491 ], [ -15.2293034, 11.5920095 ], [ -15.2204828, 11.5953445 ], [ -15.2188148, 11.5928383 ], [ -15.2199965, 11.5816269 ], [ -15.219059, 11.5764999 ], [ -15.2167168, 11.575841 ], [ -15.2137566, 11.581171 ], [ -15.2111998, 11.5818949 ], [ -15.2042217, 11.5663424 ], [ -15.2021322, 11.5670605 ], [ -15.2049284, 11.5840483 ], [ -15.2033405, 11.5872889 ], [ -15.1916676, 11.5867519 ], [ -15.1905355, 11.5892973 ], [ -15.1933908, 11.593401 ], [ -15.2029867, 11.5955763 ], [ -15.2055902, 11.5983028 ], [ -15.2033005, 11.6015539 ], [ -15.1888618, 11.6035824 ], [ -15.1858511, 11.6052322 ], [ -15.1865702, 11.6066036 ], [ -15.1957045, 11.6092453 ], [ -15.1998291, 11.6117573 ], [ -15.2060595, 11.615551 ], [ -15.21527, 11.6237125 ], [ -15.2179213, 11.6298885 ], [ -15.2172623, 11.6328897 ], [ -15.2117395, 11.6387129 ], [ -15.2077961, 11.6403751 ], [ -15.2016516, 11.6347046 ], [ -15.1974268, 11.6329184 ], [ -15.1967554, 11.6349983 ], [ -15.2001152, 11.6418562 ], [ -15.1978292, 11.6453371 ], [ -15.1945591, 11.6451492 ], [ -15.1832638, 11.6381655 ], [ -15.1741447, 11.6369028 ], [ -15.1701012, 11.6312037 ], [ -15.1668253, 11.6305561 ], [ -15.159627, 11.6331797 ], [ -15.1554146, 11.6323137 ], [ -15.1504507, 11.6275463 ], [ -15.1482477, 11.6242304 ], [ -15.1437826, 11.6175098 ], [ -15.1418419, 11.6120138 ], [ -15.1454754, 11.6046047 ], [ -15.1442699, 11.6016293 ], [ -15.141922, 11.6005096 ], [ -15.1368198, 11.6028757 ], [ -15.1291246, 11.6032047 ], [ -15.127759, 11.6057529 ], [ -15.1335297, 11.6185617 ], [ -15.1310272, 11.6234245 ], [ -15.1268406, 11.6243992 ], [ -15.1099167, 11.6151829 ], [ -15.0928707, 11.5965347 ], [ -15.0902348, 11.5912771 ], [ -15.0934553, 11.5877848 ], [ -15.0974541, 11.5889988 ], [ -15.1072769, 11.5919809 ], [ -15.1057796, 11.5846376 ], [ -15.1083117, 11.5820742 ], [ -15.1171637, 11.5810413 ], [ -15.1231861, 11.5777435 ], [ -15.1316233, 11.5806255 ], [ -15.1433086, 11.5820866 ], [ -15.1439304, 11.5763273 ], [ -15.1366053, 11.5692892 ], [ -15.1277599, 11.5707836 ], [ -15.1258593, 11.5682764 ], [ -15.1238499, 11.5574903 ], [ -15.1285553, 11.5429363 ], [ -15.1266308, 11.5385885 ], [ -15.1228905, 11.5379477 ], [ -15.1192007, 11.5412149 ], [ -15.1187801, 11.5429726 ], [ -15.1178751, 11.5467529 ], [ -15.1186876, 11.5552559 ], [ -15.1174221, 11.5653944 ], [ -15.1139784, 11.5695791 ], [ -15.1091166, 11.572402 ], [ -15.1049118, 11.5719957 ], [ -15.1040993, 11.5634937 ], [ -15.1017551, 11.562603 ], [ -15.0999069, 11.5640068 ], [ -15.0963116, 11.5744057 ], [ -15.0926275, 11.5781336 ], [ -15.0879745, 11.5791121 ], [ -15.0849152, 11.5770807 ], [ -15.0838671, 11.5683517 ], [ -15.0810184, 11.5647068 ], [ -15.0794201, 11.5672569 ], [ -15.0807552, 11.5801239 ], [ -15.0786953, 11.5831404 ], [ -15.0747414, 11.5841112 ], [ -15.0698175, 11.5823326 ], [ -15.0653172, 11.5770979 ], [ -15.0649815, 11.5752525 ], [ -15.0635576, 11.5674572 ], [ -15.0590496, 11.5794773 ], [ -15.0565071, 11.5813494 ], [ -15.0541477, 11.5793095 ], [ -15.0518169, 11.5616236 ], [ -15.0499392, 11.5607271 ], [ -15.047658, 11.5646667 ], [ -15.0489445, 11.5738525 ], [ -15.0467072, 11.5812445 ], [ -15.0429897, 11.5824394 ], [ -15.0357466, 11.5816097 ], [ -15.0299501, 11.5844421 ], [ -15.0242147, 11.5739317 ], [ -15.0207195, 11.5744352 ], [ -15.015233, 11.5830154 ], [ -15.0119972, 11.5853558 ], [ -15.0, 11.5840759 ], [ -14.9937658, 11.5828209 ], [ -14.9918795, 11.581233 ], [ -14.9894552, 11.574132 ], [ -14.9868593, 11.5718632 ], [ -14.9854803, 11.5734901 ], [ -14.9849005, 11.5829296 ], [ -14.975172, 11.5883408 ], [ -14.9761372, 11.5908594 ], [ -14.9901218, 11.5897675 ], [ -15.0, 11.5929918 ], [ -15.0054331, 11.6010809 ], [ -15.0047808, 11.6047707 ], [ -15.0, 11.6090374 ], [ -14.9994774, 11.6095028 ], [ -14.992691, 11.60814 ], [ -14.990612, 11.6097755 ], [ -15.0, 11.6183825 ], [ -15.0007648, 11.6190834 ], [ -15.0079412, 11.614624 ], [ -15.0123024, 11.6090479 ], [ -15.0170174, 11.5947266 ], [ -15.0197811, 11.5919313 ], [ -15.0232687, 11.5909681 ], [ -15.0277576, 11.5952845 ], [ -15.0305691, 11.5961695 ], [ -15.0349894, 11.5951929 ], [ -15.0423775, 11.589119 ], [ -15.0591602, 11.5879879 ], [ -15.068037, 11.5887966 ], [ -15.0702629, 11.5897713 ], [ -15.0767193, 11.592598 ], [ -15.0847387, 11.5991688 ], [ -15.0876207, 11.6053438 ], [ -15.0855684, 11.6090508 ], [ -15.0799942, 11.6109619 ], [ -15.0805244, 11.6157885 ], [ -15.0752277, 11.6211443 ], [ -15.0624351, 11.6242962 ], [ -15.0622435, 11.6275196 ], [ -15.0678883, 11.6308994 ], [ -15.0677004, 11.6343527 ], [ -15.0630884, 11.6385517 ], [ -15.0619612, 11.6415567 ], [ -15.0634117, 11.6454496 ], [ -15.0673847, 11.6458597 ], [ -15.0706148, 11.6430578 ], [ -15.0802269, 11.6286755 ], [ -15.0896654, 11.6188917 ], [ -15.0911064, 11.6189823 ], [ -15.0957375, 11.6192741 ], [ -15.0990467, 11.6224537 ], [ -15.0998135, 11.6275053 ], [ -15.0946035, 11.639534 ], [ -15.0960379, 11.6420469 ], [ -15.098835, 11.6417809 ], [ -15.1069069, 11.6345463 ], [ -15.1248846, 11.6352377 ], [ -15.1272602, 11.6384277 ], [ -15.1261339, 11.6414328 ], [ -15.1179924, 11.6433773 ], [ -15.1129227, 11.6482735 ], [ -15.1118507, 11.6554194 ], [ -15.1095629, 11.6588993 ], [ -15.1023302, 11.6589909 ], [ -15.1007242, 11.6610823 ], [ -15.1014795, 11.6654434 ], [ -15.1071405, 11.6699734 ], [ -15.1081858, 11.6782417 ], [ -15.109376, 11.6792412 ], [ -15.110074, 11.6798277 ], [ -15.1155062, 11.6671057 ], [ -15.1194181, 11.6629143 ], [ -15.1240673, 11.6614742 ], [ -15.126112, 11.6573076 ], [ -15.1225319, 11.651372 ], [ -15.1234245, 11.6483688 ], [ -15.1271343, 11.6464825 ], [ -15.1331062, 11.6392727 ], [ -15.1380548, 11.64289 ], [ -15.1426716, 11.6391497 ], [ -15.1482658, 11.6386185 ], [ -15.1506386, 11.6415777 ], [ -15.1493559, 11.6503372 ], [ -15.1514282, 11.6482401 ], [ -15.1553888, 11.6477289 ], [ -15.1591587, 11.6504402 ], [ -15.1633034, 11.646246 ], [ -15.1733389, 11.6463461 ], [ -15.1771126, 11.6492882 ], [ -15.1787958, 11.6529465 ], [ -15.1764917, 11.6596651 ], [ -15.1761017, 11.6608038 ], [ -15.1717329, 11.6656914 ], [ -15.1650314, 11.6706095 ], [ -15.1448412, 11.6791534 ], [ -15.1388474, 11.6847525 ], [ -15.1314135, 11.687377 ], [ -15.1274986, 11.6913385 ], [ -15.1282358, 11.6940899 ], [ -15.1354895, 11.6953774 ], [ -15.1336575, 11.6981611 ], [ -15.1337042, 11.7016125 ], [ -15.135335, 11.7013607 ], [ -15.1395025, 11.699007 ], [ -15.1512156, 11.6845922 ], [ -15.1556435, 11.6840744 ], [ -15.1580019, 11.6858845 ], [ -15.1614227, 11.6973438 ], [ -15.1650009, 11.7030497 ], [ -15.1685171, 11.704154 ], [ -15.170826, 11.7022839 ], [ -15.1714754, 11.6985941 ], [ -15.166832, 11.6830101 ], [ -15.1672239, 11.6774855 ], [ -15.1702147, 11.6742239 ], [ -15.1734715, 11.6734905 ], [ -15.1847115, 11.6761045 ], [ -15.1872492, 11.6740026 ], [ -15.1879091, 11.6710033 ], [ -15.1854286, 11.660223 ], [ -15.1872272, 11.655138 ], [ -15.1911621, 11.6527853 ], [ -15.1981564, 11.6522341 ], [ -15.207325, 11.657176 ], [ -15.2085733, 11.6631413 ], [ -15.2073202, 11.6739702 ], [ -15.2083197, 11.6787891 ], [ -15.2113276, 11.6769075 ], [ -15.2114305, 11.6718311 ], [ -15.2114677, 11.6700048 ], [ -15.2165031, 11.6628075 ], [ -15.2157249, 11.6570663 ], [ -15.2173052, 11.6531343 ], [ -15.2214861, 11.6516991 ], [ -15.227231, 11.6451817 ], [ -15.2302608, 11.6449118 ], [ -15.2380018, 11.6478004 ], [ -15.2430658, 11.6426725 ], [ -15.2496109, 11.6435061 ], [ -15.2588634, 11.6376314 ], [ -15.2674913, 11.6370564 ], [ -15.2698755, 11.6407051 ], [ -15.2666912, 11.6467295 ], [ -15.2609224, 11.6514072 ], [ -15.2443686, 11.6525478 ], [ -15.2378597, 11.6544743 ], [ -15.2355556, 11.6565742 ], [ -15.234663, 11.6595774 ], [ -15.2349348, 11.6604691 ], [ -15.2356405, 11.6627855 ], [ -15.2416983, 11.662015 ], [ -15.2449894, 11.6638117 ], [ -15.2417803, 11.6679935 ], [ -15.2407303, 11.6765223 ], [ -15.2379808, 11.6802397 ], [ -15.2321815, 11.6828461 ], [ -15.2301226, 11.6858644 ], [ -15.2313604, 11.6911392 ], [ -15.2295103, 11.6923141 ], [ -15.2194662, 11.6917562 ], [ -15.2155247, 11.6936483 ], [ -15.2127676, 11.6969051 ], [ -15.2158546, 11.7007761 ], [ -15.2214746, 11.7020826 ], [ -15.2236032, 11.7041254 ], [ -15.2245903, 11.7080231 ], [ -15.2196035, 11.7189016 ], [ -15.2206469, 11.7269402 ], [ -15.218133, 11.7308846 ], [ -15.2158279, 11.7329845 ], [ -15.2114029, 11.7337332 ], [ -15.2043629, 11.7310648 ], [ -15.2022419, 11.7293425 ], [ -15.1935053, 11.7222347 ], [ -15.1909466, 11.7229586 ], [ -15.1900444, 11.7252703 ], [ -15.1917524, 11.7307692 ], [ -15.1972027, 11.73668 ], [ -15.1918688, 11.7392797 ], [ -15.1944981, 11.7438469 ], [ -15.1980181, 11.7451811 ], [ -15.2143335, 11.7433577 ], [ -15.2180948, 11.7451487 ], [ -15.2238874, 11.7591066 ], [ -15.2266741, 11.7579193 ], [ -15.2278061, 11.755374 ], [ -15.2252579, 11.7397633 ], [ -15.2265892, 11.734684 ], [ -15.2298441, 11.7337208 ], [ -15.2429276, 11.7344685 ], [ -15.244185, 11.7319255 ], [ -15.2440739, 11.7317009 ], [ -15.2423744, 11.7282648 ], [ -15.2360039, 11.7232876 ], [ -15.2336073, 11.7187176 ], [ -15.2330685, 11.7134333 ], [ -15.2395611, 11.7103567 ], [ -15.2411509, 11.7071142 ], [ -15.2396269, 11.6981621 ], [ -15.2423964, 11.6958246 ], [ -15.2485142, 11.6994257 ], [ -15.251194, 11.6906471 ], [ -15.2579079, 11.6866474 ], [ -15.2604208, 11.682703 ], [ -15.2566109, 11.6772318 ], [ -15.2611952, 11.6711893 ], [ -15.2613525, 11.6656656 ], [ -15.2636824, 11.6654043 ], [ -15.268384, 11.6678734 ], [ -15.2742882, 11.6728554 ], [ -15.2771873, 11.6799488 ], [ -15.2751636, 11.6854973 ], [ -15.2720385, 11.6876621 ], [ -15.2605991, 11.6955843 ], [ -15.2613335, 11.6981049 ], [ -15.2634439, 11.6987667 ], [ -15.2778044, 11.6907539 ], [ -15.2794571, 11.692112 ], [ -15.2799683, 11.6953259 ], [ -15.2747698, 11.7075892 ], [ -15.2741461, 11.7131205 ], [ -15.2760525, 11.7158537 ], [ -15.276598, 11.7215977 ], [ -15.2697496, 11.7327328 ], [ -15.2719679, 11.7412157 ], [ -15.2745771, 11.7441711 ], [ -15.2780399, 11.7413635 ], [ -15.2802553, 11.7328224 ], [ -15.2836885, 11.7279453 ], [ -15.282692, 11.7233572 ], [ -15.2861032, 11.7168703 ], [ -15.2861576, 11.7154217 ], [ -15.2866135, 11.703289 ], [ -15.2884178, 11.6986637 ], [ -15.2905207, 11.6988659 ], [ -15.2962666, 11.7091417 ], [ -15.3014774, 11.7145939 ], [ -15.3078203, 11.7174988 ], [ -15.3148222, 11.7174044 ], [ -15.315733, 11.7157822 ], [ -15.3090858, 11.707819 ], [ -15.300355, 11.7010345 ], [ -15.2996092, 11.6978235 ], [ -15.2998104, 11.6955204 ], [ -15.3025789, 11.6931829 ], [ -15.31497, 11.6946259 ], [ -15.3177404, 11.6925192 ], [ -15.3167849, 11.6909208 ], [ -15.3071623, 11.6871405 ], [ -15.2945833, 11.6889191 ], [ -15.2930326, 11.6883602 ], [ -15.2896576, 11.6871443 ], [ -15.2879887, 11.6846361 ], [ -15.2879276, 11.6802654 ], [ -15.2967863, 11.6794567 ], [ -15.2976713, 11.6759939 ], [ -15.2906256, 11.6728668 ], [ -15.2879848, 11.6676111 ], [ -15.2818604, 11.6635523 ], [ -15.2799139, 11.6578264 ], [ -15.2802935, 11.6516094 ], [ -15.2832317, 11.6446686 ], [ -15.2876587, 11.6441488 ], [ -15.301074, 11.6522512 ], [ -15.3051825, 11.6623192 ], [ -15.3103094, 11.6617899 ], [ -15.3132906, 11.6580687 ], [ -15.3094931, 11.6535187 ], [ -15.3112965, 11.6488934 ], [ -15.3089008, 11.6445541 ], [ -15.3105268, 11.6384401 ], [ -15.312891, 11.6295462 ], [ -15.3158827, 11.6265154 ], [ -15.3189316, 11.6276255 ], [ -15.3206358, 11.6326628 ], [ -15.3198576, 11.6437168 ], [ -15.32372, 11.6528673 ], [ -15.323534, 11.6728849 ], [ -15.3294649, 11.6797066 ], [ -15.3367701, 11.6846685 ], [ -15.3409805, 11.6853027 ], [ -15.3430782, 11.6840935 ], [ -15.3446493, 11.6806507 ], [ -15.3432035, 11.6774502 ], [ -15.3354053, 11.6706533 ], [ -15.3334608, 11.6651592 ], [ -15.3355093, 11.6614504 ], [ -15.3457661, 11.6606207 ], [ -15.3465195, 11.6593437 ], [ -15.3471336, 11.6583014 ], [ -15.345232, 11.6557961 ], [ -15.3351593, 11.6531715 ], [ -15.3341885, 11.650425 ], [ -15.3357687, 11.6467218 ], [ -15.3340607, 11.6414537 ], [ -15.3354282, 11.6391344 ], [ -15.3447933, 11.6413078 ], [ -15.3463879, 11.638526 ], [ -15.341877, 11.6330652 ], [ -15.3471422, 11.6258621 ], [ -15.3461733, 11.6233444 ], [ -15.3433676, 11.6229229 ], [ -15.3345499, 11.6264935 ], [ -15.3326674, 11.6253681 ], [ -15.3337822, 11.6216726 ], [ -15.3294926, 11.6152887 ], [ -15.330163, 11.6132088 ], [ -15.3392487, 11.6121655 ], [ -15.3406229, 11.6103058 ], [ -15.3400774, 11.6047926 ], [ -15.3475695, 11.6065311 ], [ -15.3522806, 11.6096878 ], [ -15.3552999, 11.616375 ], [ -15.3573389, 11.6208925 ], [ -15.372694, 11.6340265 ], [ -15.3754892, 11.6500921 ], [ -15.3809118, 11.6539288 ], [ -15.3867712, 11.6556892 ], [ -15.3874283, 11.652689 ], [ -15.3922663, 11.6482515 ], [ -15.3863869, 11.6451111 ], [ -15.3847008, 11.6414537 ], [ -15.3896923, 11.6314926 ], [ -15.3878031, 11.6299076 ], [ -15.3806, 11.6320772 ], [ -15.3805313, 11.6272469 ], [ -15.3791018, 11.6251965 ], [ -15.3751287, 11.6247902 ], [ -15.3715773, 11.6211576 ], [ -15.3738451, 11.6165257 ], [ -15.3728857, 11.6146984 ], [ -15.3686733, 11.6138353 ], [ -15.3688154, 11.6101799 ], [ -15.3690157, 11.6050882 ], [ -15.3588734, 11.5974035 ], [ -15.3552923, 11.5917025 ], [ -15.3566599, 11.5893822 ], [ -15.3599157, 11.5886478 ], [ -15.3707705, 11.5972424 ], [ -15.3792343, 11.6017265 ], [ -15.3899622, 11.6013498 ], [ -15.3877964, 11.5967789 ], [ -15.3877277, 11.5919495 ], [ -15.3848829, 11.5887661 ], [ -15.3757296, 11.584981 ], [ -15.3751535, 11.5773964 ], [ -15.3792753, 11.5718184 ], [ -15.3841724, 11.5717516 ], [ -15.3915977, 11.5688887 ], [ -15.3974791, 11.5722589 ], [ -15.4017715, 11.5707321 ], [ -15.4042101, 11.5698652 ], [ -15.4068031, 11.5716705 ], [ -15.406455, 11.579957 ], [ -15.4111824, 11.5842628 ], [ -15.4074755, 11.6022587 ], [ -15.4083033, 11.6112204 ], [ -15.4120426, 11.6116285 ], [ -15.4140339, 11.6040087 ], [ -15.416563, 11.6014433 ], [ -15.4233217, 11.6008892 ], [ -15.4295807, 11.5980415 ], [ -15.4300241, 11.5964251 ], [ -15.4264717, 11.5927935 ], [ -15.4281616, 11.5805759 ], [ -15.4218721, 11.5650196 ], [ -15.4248581, 11.5617571 ], [ -15.4312582, 11.5688 ], [ -15.4313955, 11.5692825 ], [ -15.4378958, 11.5921745 ], [ -15.4428549, 11.5962467 ], [ -15.4446735, 11.5930004 ], [ -15.443121, 11.5663347 ], [ -15.437603, 11.5558281 ], [ -15.4290771, 11.5469751 ], [ -15.4318323, 11.5439453 ], [ -15.4386864, 11.5500622 ], [ -15.446393, 11.5506449 ], [ -15.4497051, 11.5538197 ], [ -15.4491053, 11.560729 ], [ -15.4503489, 11.5660038 ], [ -15.4540405, 11.5680361 ], [ -15.4564638, 11.5693693 ], [ -15.4586601, 11.5760098 ], [ -15.4648495, 11.5844355 ], [ -15.4680281, 11.5945139 ], [ -15.4676762, 11.6023417 ], [ -15.4650269, 11.6127319 ], [ -15.4622841, 11.6166811 ], [ -15.4515896, 11.6193609 ], [ -15.4476833, 11.6235571 ], [ -15.4493465, 11.6256037 ], [ -15.4572535, 11.6236534 ], [ -15.4573126, 11.6277933 ], [ -15.452033, 11.6338491 ], [ -15.4542303, 11.6404905 ], [ -15.4510269, 11.644906 ], [ -15.4480143, 11.6463289 ], [ -15.4438038, 11.6456966 ], [ -15.4341049, 11.6365891 ], [ -15.4319744, 11.6345882 ], [ -15.4272919, 11.633503 ], [ -15.4263821, 11.6351261 ], [ -15.4278679, 11.6410875 ], [ -15.4311981, 11.6454124 ], [ -15.4406004, 11.6501131 ], [ -15.4423141, 11.655611 ], [ -15.4384041, 11.6595764 ], [ -15.4194841, 11.6584587 ], [ -15.4153042, 11.6598969 ], [ -15.4174471, 11.662858 ], [ -15.4272671, 11.6641045 ], [ -15.4317675, 11.6686411 ], [ -15.4313469, 11.6718683 ], [ -15.4244757, 11.6809359 ], [ -15.4212351, 11.6828213 ], [ -15.4114246, 11.6822662 ], [ -15.4086542, 11.6843758 ], [ -15.4105606, 11.6871099 ], [ -15.4171343, 11.6897802 ], [ -15.4234304, 11.6894627 ], [ -15.4280357, 11.6850271 ], [ -15.4357185, 11.6837702 ], [ -15.4410172, 11.6788654 ], [ -15.4454641, 11.663619 ], [ -15.45368, 11.6508513 ], [ -15.4573755, 11.6482687 ], [ -15.4769859, 11.6486855 ], [ -15.4884529, 11.6508226 ], [ -15.4910765, 11.6546974 ], [ -15.486599, 11.6676455 ], [ -15.4898281, 11.6809416 ], [ -15.4980249, 11.6828966 ], [ -15.5137959, 11.6918764 ], [ -15.5154314, 11.6762075 ], [ -15.5191278, 11.673625 ], [ -15.5326653, 11.6736622 ], [ -15.5368967, 11.6756725 ], [ -15.5386353, 11.6827803 ], [ -15.5442533, 11.6838503 ], [ -15.5475883, 11.6884041 ], [ -15.5424881, 11.7036047 ], [ -15.5421181, 11.7058125 ], [ -15.5449562, 11.7121172 ], [ -15.5545101, 11.7143021 ], [ -15.5564365, 11.7184162 ], [ -15.5553608, 11.7244129 ], [ -15.5338621, 11.7543983 ], [ -15.5293131, 11.762516 ], [ -15.5273418, 11.771286 ], [ -15.5218649, 11.7798767 ], [ -15.5182314, 11.7832565 ], [ -15.490016, 11.8094978 ], [ -15.463583, 11.834074 ], [ -15.4568653, 11.8378496 ], [ -15.451498, 11.8381548 ], [ -15.4430428, 11.8348207 ], [ -15.4369745, 11.8351364 ], [ -15.4325657, 11.837038 ], [ -15.4182882, 11.8510399 ], [ -15.3916407, 11.8820057 ], [ -15.3804436, 11.8830795 ], [ -15.3686066, 11.8883028 ], [ -15.3597422, 11.8891134 ], [ -15.3524828, 11.8878326 ], [ -15.3334017, 11.876358 ], [ -15.3160267, 11.8699207 ], [ -15.3102531, 11.8694305 ], [ -15.3019962, 11.8687286 ], [ -15.2854271, 11.8696413 ], [ -15.2663708, 11.8765669 ], [ -15.2609901, 11.875948 ], [ -15.2534285, 11.869607 ], [ -15.2477884, 11.8671513 ], [ -15.2377415, 11.8668232 ], [ -15.2277451, 11.8701763 ], [ -15.2198086, 11.8705101 ], [ -15.2027206, 11.8677425 ], [ -15.1919975, 11.8692636 ], [ -15.1878576, 11.8720417 ], [ -15.1748695, 11.8807592 ], [ -15.1642485, 11.8898697 ], [ -15.1556444, 11.8927412 ], [ -15.1257973, 11.896575 ], [ -15.118619, 11.901268 ], [ -15.110321, 11.9096556 ], [ -15.0942821, 11.9333258 ], [ -15.0872679, 11.9404144 ], [ -15.083416, 11.9419756 ], [ -15.0745287, 11.9411678 ], [ -15.0587835, 11.9342337 ], [ -15.0509958, 11.9281197 ], [ -15.0294332, 11.9226379 ], [ -15.0290432, 11.9286242 ], [ -15.031271, 11.9382591 ], [ -15.0297041, 11.9435701 ], [ -15.0269527, 11.9475145 ], [ -15.0223074, 11.9496431 ], [ -15.0183277, 11.9490023 ], [ -15.0248613, 11.9664059 ], [ -15.0317373, 11.9741421 ], [ -15.0507526, 11.9810362 ], [ -15.0554276, 11.9812078 ], [ -15.0780849, 11.9806929 ], [ -15.0855274, 11.9780684 ], [ -15.0943346, 11.9726658 ], [ -15.1190882, 11.9716606 ], [ -15.1429768, 11.9584713 ], [ -15.1576672, 11.9427567 ], [ -15.1610527, 11.930171 ], [ -15.1709633, 11.9201508 ], [ -15.1737003, 11.9152832 ], [ -15.1769304, 11.9122515 ], [ -15.1774549, 11.9120941 ], [ -15.185771, 11.909606 ], [ -15.1977777, 11.8993263 ], [ -15.2026701, 11.8983421 ], [ -15.2094488, 11.8987131 ], [ -15.2366476, 11.9061785 ], [ -15.2516956, 11.9133425 ], [ -15.2677279, 11.9239416 ], [ -15.2955275, 11.9240303 ], [ -15.2999811, 11.9251213 ], [ -15.3192263, 11.9480991 ], [ -15.3322067, 11.9573565 ], [ -15.3479319, 11.9624348 ], [ -15.3664484, 11.9665537 ], [ -15.3879528, 11.9671793 ], [ -15.4094172, 11.965044 ], [ -15.4194221, 11.9621449 ], [ -15.4270773, 11.9583578 ], [ -15.445528, 11.9417667 ], [ -15.4511137, 11.9403095 ], [ -15.467742, 11.9397707 ], [ -15.4887075, 11.9390907 ], [ -15.5056648, 11.9324102 ], [ -15.5111895, 11.9268103 ], [ -15.5190945, 11.9085255 ], [ -15.5361633, 11.8937864 ], [ -15.5412807, 11.892333 ], [ -15.5527678, 11.8951597 ], [ -15.5549898, 11.8875351 ], [ -15.5725479, 11.8744888 ], [ -15.5739326, 11.8734589 ], [ -15.5858927, 11.8610945 ], [ -15.5959759, 11.8482943 ], [ -15.6021175, 11.8373919 ], [ -15.6083488, 11.8324699 ], [ -15.6174097, 11.8293476 ], [ -15.6341925, 11.8272619 ], [ -15.6395245, 11.8246536 ], [ -15.6457357, 11.8185806 ], [ -15.6583061, 11.8006811 ], [ -15.6638632, 11.7976084 ], [ -15.6664181, 11.7975702 ], [ -15.7049503, 11.7970009 ], [ -15.7261257, 11.7923136 ], [ -15.7739153, 11.7725 ], [ -15.7877045, 11.7639322 ], [ -15.7909555, 11.7619114 ], [ -15.7940311, 11.7600012 ], [ -15.8062239, 11.7485428 ], [ -15.8120117, 11.7454634 ], [ -15.8194485, 11.7432795 ], [ -15.8265162, 11.7473125 ], [ -15.8321209, 11.7474585 ], [ -15.835495, 11.754077 ], [ -15.8342152, 11.7616892 ], [ -15.8290262, 11.7730417 ], [ -15.8264074, 11.784585 ], [ -15.81985, 11.7980299 ], [ -15.8179502, 11.8107119 ], [ -15.8154039, 11.8121319 ], [ -15.8132658, 11.816432 ], [ -15.8267021, 11.8170681 ], [ -15.8402481, 11.8032389 ], [ -15.8441248, 11.7974272 ], [ -15.8502169, 11.769496 ], [ -15.8536482, 11.7650709 ], [ -15.8674459, 11.766469 ], [ -15.8737392, 11.7675171 ], [ -15.8903093, 11.7654247 ], [ -15.8932552, 11.7598572 ], [ -15.8969593, 11.7579594 ], [ -15.904892, 11.7576075 ], [ -15.9095869, 11.7591429 ], [ -15.9224091, 11.7580223 ], [ -15.9365721, 11.7531986 ], [ -15.9441996, 11.748477 ], [ -15.9463596, 11.7462034 ], [ -15.9575109, 11.7344637 ], [ -15.9612494, 11.7346344 ], [ -15.9629059, 11.7502527 ], [ -15.9655685, 11.7555552 ], [ -15.9720783, 11.7685137 ], [ -15.971487, 11.7751951 ], [ -15.9708405, 11.7764416 ], [ -15.9648714, 11.7879667 ], [ -15.9579077, 11.8014078 ], [ -15.9496317, 11.8093615 ], [ -15.9460506, 11.8188515 ], [ -15.9486752, 11.8222599 ], [ -15.9499216, 11.8270721 ], [ -15.9495668, 11.8339806 ], [ -15.945365, 11.8410959 ], [ -15.9416132, 11.8474493 ], [ -15.9342928, 11.8731756 ], [ -15.9329987, 11.8777227 ], [ -15.9289036, 11.8844585 ], [ -15.9062757, 11.9006882 ], [ -15.8986807, 11.9077082 ], [ -15.8850136, 11.9293175 ], [ -15.881218, 11.9454479 ], [ -15.9079742, 11.9544067 ], [ -15.9154425, 11.9568224 ], [ -15.9362173, 11.9604979 ], [ -15.9390697, 11.9491796 ], [ -15.9471254, 11.9416904 ], [ -15.9554539, 11.9367275 ], [ -15.973362, 11.9175797 ], [ -15.9796228, 11.9147205 ], [ -15.9915104, 11.9131508 ], [ -16.0242481, 11.9151592 ], [ -16.0284786, 11.9167023 ], [ -16.0549316, 11.9199591 ], [ -16.0689793, 11.9148684 ], [ -16.0742035, 11.9129753 ], [ -16.086462, 11.9056444 ], [ -16.0944996, 11.8974609 ], [ -16.1001053, 11.8835659 ], [ -16.1044636, 11.8788939 ], [ -16.1077099, 11.8774595 ], [ -16.1126175, 11.8776102 ], [ -16.1182652, 11.8800488 ], [ -16.135355, 11.8961039 ], [ -16.1577034, 11.9051685 ], [ -16.1631451, 11.9056406 ], [ -16.1705723, 11.9062815 ], [ -16.1981392, 11.9099922 ], [ -16.2127438, 11.9134607 ], [ -16.2315788, 11.9218884 ], [ -16.2424412, 11.9286089 ], [ -16.2518463, 11.9389095 ], [ -16.2653465, 11.9691763 ], [ -16.279871, 11.9845762 ], [ -16.2914104, 11.9896727 ], [ -16.3019562, 11.991334 ], [ -16.3208408, 11.9889421 ], [ -16.3285828, 11.9906502 ], [ -16.3373051, 11.994873 ], [ -16.3458862, 12.0043888 ], [ -16.3490791, 12.0130777 ], [ -16.3520985, 12.0308123 ], [ -16.3532581, 12.0376234 ], [ -16.3564072, 12.0492849 ], [ -16.3587646, 12.0580053 ], [ -16.365881, 12.0638647 ], [ -16.3686275, 12.0644369 ], [ -16.3832436, 12.0674772 ], [ -16.3861179, 12.0713387 ], [ -16.3857327, 12.0759459 ], [ -16.3828106, 12.0824385 ], [ -16.3599319, 12.1102123 ], [ -16.3538799, 12.1248102 ], [ -16.3512115, 12.1455631 ], [ -16.348156, 12.1487694 ], [ -16.3434086, 12.1537495 ], [ -16.3193626, 12.1691151 ], [ -16.3049965, 12.1764917 ], [ -16.2966251, 12.1791639 ], [ -16.2953033, 12.1799593 ], [ -16.2848244, 12.1862659 ], [ -16.2813263, 12.1867857 ], [ -16.2773151, 12.184783 ], [ -16.2753563, 12.1797543 ], [ -16.2774544, 12.1661444 ], [ -16.276701, 12.163166 ], [ -16.2731457, 12.1604662 ], [ -16.2679996, 12.1603222 ], [ -16.2602253, 12.1570024 ], [ -16.2548485, 12.157093 ], [ -16.2525711, 12.1630507 ], [ -16.2627048, 12.1650133 ], [ -16.2665005, 12.16817 ], [ -16.2658043, 12.181756 ], [ -16.2695007, 12.1925068 ], [ -16.2662125, 12.2049866 ], [ -16.2539005, 12.225399 ], [ -16.2512112, 12.2298555 ], [ -16.2315617, 12.2430687 ], [ -16.1727409, 12.2771759 ], [ -16.1488991, 12.2782583 ], [ -16.1416969, 12.2798891 ], [ -16.1344967, 12.2842464 ], [ -16.1390934, 12.2931433 ], [ -16.1430264, 12.2905483 ], [ -16.1601467, 12.2930279 ], [ -16.1741676, 12.2921066 ], [ -16.181366, 12.2889967 ], [ -16.1890907, 12.2893295 ], [ -16.1962967, 12.2866793 ], [ -16.2061195, 12.2865152 ], [ -16.2083168, 12.2879038 ], [ -16.2185097, 12.2860794 ], [ -16.2199707, 12.2826986 ], [ -16.2224503, 12.2817097 ], [ -16.2226028, 12.2793388 ], [ -16.2327766, 12.2724972 ], [ -16.2404461, 12.2696075 ], [ -16.2492123, 12.2625589 ], [ -16.2522392, 12.2618179 ], [ -16.2674141, 12.2468386 ], [ -16.2782536, 12.238143 ], [ -16.2801247, 12.2381105 ], [ -16.2819138, 12.2334785 ], [ -16.3086052, 12.2086401 ], [ -16.3144188, 12.2067003 ], [ -16.3219357, 12.208643 ], [ -16.3284054, 12.2041607 ], [ -16.3351593, 12.2026653 ], [ -16.3391056, 12.2009878 ], [ -16.3466148, 12.1893559 ], [ -16.3507824, 12.1869831 ], [ -16.3822098, 12.1870451 ], [ -16.386797, 12.1870537 ], [ -16.3952198, 12.1904383 ], [ -16.4046059, 12.1881409 ], [ -16.4047756, 12.1855917 ], [ -16.4090977, 12.1788425 ], [ -16.4130344, 12.1767054 ], [ -16.4387741, 12.1776381 ], [ -16.4490166, 12.1751575 ], [ -16.4549026, 12.1773558 ], [ -16.4726601, 12.1765833 ], [ -16.4858322, 12.1807232 ], [ -16.491272, 12.1840782 ], [ -16.4982243, 12.193388 ], [ -16.5051727, 12.2151222 ], [ -16.5390949, 12.2534018 ], [ -16.5502853, 12.2640152 ], [ -16.5670338, 12.2715387 ], [ -16.5883274, 12.2718468 ], [ -16.5958576, 12.2742414 ], [ -16.6045647, 12.2818356 ], [ -16.6227341, 12.2976828 ], [ -16.6299362, 12.3074455 ], [ -16.6406612, 12.3178349 ], [ -16.6541157, 12.3240318 ], [ -16.6686897, 12.3377428 ], [ -16.6724014, 12.337163 ], [ -16.6744366, 12.3344736 ], [ -16.690918, 12.3399229 ], [ -16.6984215, 12.3407059 ], [ -16.7039948, 12.3385305 ], [ -16.7157421, 12.3288832 ], [ -16.717535, 12.3281937 ], [ -16.719698, 12.3276596 ], [ -16.7248745, 12.329175 ], [ -16.7304974, 12.3357687 ], [ -16.7358856, 12.3420849 ], [ -16.7407551, 12.3518887 ], [ -16.7446365, 12.3711424 ], [ -16.7477989, 12.3772945 ], [ -16.7631817, 12.3862123 ], [ -16.7719955, 12.3941002 ], [ -16.7821827, 12.4125462 ], [ -16.7914143, 12.4418221 ], [ -16.7932949, 12.4542103 ], [ -16.796175, 12.4578381 ], [ -16.7974472, 12.4631062 ], [ -16.7979202, 12.4752903 ], [ -16.7964478, 12.4838285 ], [ -16.7886333, 12.5033016 ], [ -16.778677, 12.5209732 ], [ -16.7615509, 12.5433779 ], [ -16.7566528, 12.5443888 ], [ -16.7514172, 12.5371428 ], [ -16.7433739, 12.5399427 ], [ -16.7435532, 12.5450926 ], [ -16.7406082, 12.5502081 ], [ -16.7226048, 12.5516911 ], [ -16.7140331, 12.5564508 ], [ -16.7051373, 12.5566149 ], [ -16.7024956, 12.5532122 ], [ -16.7076721, 12.542304 ], [ -16.6989975, 12.5417728 ], [ -16.691061, 12.5430698 ], [ -16.688942, 12.5424175 ], [ -16.6862411, 12.5381641 ], [ -16.6807327, 12.5393925 ], [ -16.6819935, 12.5464563 ], [ -16.6793919, 12.5573168 ], [ -16.6735458, 12.5598783 ], [ -16.6580257, 12.566679 ], [ -16.6496372, 12.568902 ], [ -16.6433868, 12.5726976 ], [ -16.6362553, 12.5794983 ], [ -16.6216469, 12.5995483 ], [ -16.6130352, 12.6148872 ], [ -16.6014633, 12.6222277 ], [ -16.5986423, 12.6250381 ], [ -16.5908871, 12.6327705 ], [ -16.5862293, 12.6342344 ], [ -16.5845451, 12.6341047 ], [ -16.5789566, 12.6336746 ], [ -16.5683041, 12.6276541 ], [ -16.5568924, 12.6186562 ], [ -16.5511627, 12.6127768 ], [ -16.5455971, 12.6032143 ], [ -16.5435581, 12.5921841 ], [ -16.5345364, 12.5877666 ], [ -16.5331993, 12.5914717 ], [ -16.5278797, 12.5950174 ], [ -16.5218353, 12.5974255 ], [ -16.5119877, 12.5969086 ], [ -16.5031795, 12.5953817 ], [ -16.5023556, 12.5952387 ], [ -16.4769974, 12.5917749 ], [ -16.4661427, 12.5873642 ], [ -16.4249592, 12.563468 ], [ -16.4164734, 12.5603943 ], [ -16.4007549, 12.5588264 ], [ -16.4007797, 12.5730896 ], [ -16.4141808, 12.5778971 ], [ -16.4264717, 12.5823059 ], [ -16.4293575, 12.5863962 ], [ -16.4258156, 12.5977306 ], [ -16.4277515, 12.6011486 ], [ -16.4325886, 12.596693 ], [ -16.4358635, 12.596406 ], [ -16.4532642, 12.6131258 ], [ -16.4702377, 12.6190395 ], [ -16.4773674, 12.6246662 ], [ -16.481348, 12.6245966 ], [ -16.4874916, 12.6274786 ], [ -16.4927235, 12.6317577 ], [ -16.4942074, 12.6360245 ], [ -16.5021915, 12.6371117 ], [ -16.5035076, 12.6322575 ], [ -16.4993229, 12.6212893 ], [ -16.4999733, 12.6185169 ], [ -16.5188675, 12.6395769 ], [ -16.5329189, 12.6519814 ], [ -16.559412, 12.6657724 ], [ -16.5737782, 12.6698856 ], [ -16.5791302, 12.6679497 ], [ -16.5838356, 12.6690159 ], [ -16.5896301, 12.6656904 ], [ -16.5949478, 12.6672955 ], [ -16.595953, 12.6655769 ], [ -16.6159191, 12.6560154 ], [ -16.6238899, 12.6563311 ], [ -16.6349106, 12.6417665 ], [ -16.6403103, 12.6327982 ], [ -16.6592522, 12.616292 ], [ -16.6656551, 12.6107111 ], [ -16.6800442, 12.6037769 ], [ -16.6856422, 12.6025238 ], [ -16.709259, 12.5882864 ], [ -16.7244015, 12.5840969 ], [ -16.7314949, 12.5804462 ], [ -16.7364597, 12.5778923 ], [ -16.7528229, 12.5642452 ], [ -16.7574825, 12.5630083 ], [ -16.763113, 12.5635939 ], [ -16.7680969, 12.5669527 ], [ -16.7699547, 12.5697327 ], [ -16.7721977, 12.5730877 ], [ -16.7745361, 12.5850067 ], [ -16.7721653, 12.6075974 ], [ -16.7752895, 12.6213474 ], [ -16.7754955, 12.6222582 ], [ -16.7739239, 12.6257391 ], [ -16.7783756, 12.6378489 ], [ -16.7813854, 12.6601105 ], [ -16.7794971, 12.6833792 ], [ -16.7754078, 12.6926374 ], [ -16.7805614, 12.7047195 ], [ -16.7812958, 12.7035904 ], [ -16.7858143, 12.7069569 ], [ -16.7861118, 12.7101717 ], [ -16.7821827, 12.7249689 ], [ -16.7829647, 12.7290955 ], [ -16.7904472, 12.7402277 ], [ -16.7776127, 12.7791157 ], [ -16.7735252, 12.7858629 ], [ -16.7750435, 12.7915859 ], [ -16.7724094, 12.7985153 ], [ -16.7731495, 12.8052235 ], [ -16.775589, 12.805582 ], [ -16.7772503, 12.8079443 ], [ -16.7765694, 12.815917 ], [ -16.7758503, 12.8329792 ], [ -16.7795372, 12.82969 ], [ -16.7819347, 12.8204432 ], [ -16.785326, 12.7900143 ], [ -16.7838669, 12.7753181 ], [ -16.784935, 12.7700071 ], [ -16.787899, 12.765811 ], [ -16.7907658, 12.7685165 ], [ -16.7914848, 12.7933493 ], [ -16.7888393, 12.8019094 ], [ -16.7891293, 12.8030252 ], [ -16.7898521, 12.8058023 ], [ -16.7867947, 12.8175926 ], [ -16.7826595, 12.8335419 ], [ -16.7835541, 12.8434172 ], [ -16.7697239, 12.8795614 ], [ -16.7676773, 12.8880081 ], [ -16.7610416, 12.9153786 ], [ -16.7596035, 12.9379492 ], [ -16.7590752, 12.9399242 ], [ -16.7521706, 12.9656906 ], [ -16.7477837, 13.0055695 ], [ -16.7497196, 13.0207138 ], [ -16.7488804, 13.037981 ], [ -16.7547626, 13.0602112 ], [ -16.7558327, 13.0642519 ], [ -16.7616825, 13.0690269 ], [ -16.7782211, 13.0749302 ], [ -16.7822628, 13.0776157 ], [ -16.7855091, 13.087676 ], [ -16.7849808, 13.0966568 ], [ -16.778574, 13.1170177 ], [ -16.7791634, 13.1232166 ], [ -16.7802887, 13.1261578 ], [ -16.785099, 13.1387482 ], [ -16.7949657, 13.1512146 ], [ -16.7977715, 13.1626635 ], [ -16.7952747, 13.1790409 ], [ -16.7962227, 13.1914434 ], [ -16.7941551, 13.2296648 ], [ -16.7963161, 13.2441139 ], [ -16.7973385, 13.2475319 ], [ -16.7993298, 13.254178 ], [ -16.8036804, 13.2605371 ], [ -16.8158665, 13.2713499 ], [ -16.8181019, 13.2775183 ], [ -16.8182507, 13.2851048 ], [ -16.8137245, 13.3056602 ], [ -16.8143291, 13.3125486 ], [ -16.8242931, 13.3296118 ], [ -16.825079, 13.3337374 ], [ -16.8225746, 13.3376942 ], [ -16.814909, 13.3419771 ], [ -16.8117027, 13.3461781 ], [ -16.8116894, 13.3574476 ], [ -16.8127136, 13.3617983 ], [ -16.8095894, 13.3701363 ], [ -16.8029118, 13.3769312 ], [ -16.7657299, 13.3974028 ], [ -16.7551289, 13.4079475 ], [ -16.7471199, 13.4189053 ], [ -16.7397442, 13.4383612 ], [ -16.7373257, 13.4429197 ], [ -16.7327175, 13.4515991 ], [ -16.7260361, 13.4583921 ], [ -16.7046757, 13.4716635 ], [ -16.6896782, 13.4859657 ], [ -16.6850281, 13.4885807 ], [ -16.6798592, 13.4886751 ], [ -16.6753445, 13.4859972 ], [ -16.6709232, 13.4759588 ], [ -16.6670628, 13.4707394 ], [ -16.6623173, 13.4682961 ], [ -16.6381817, 13.4717236 ], [ -16.6252613, 13.4719563 ], [ -16.5857811, 13.4590979 ], [ -16.5798225, 13.4546041 ], [ -16.5746613, 13.4425077 ], [ -16.5766792, 13.4374123 ], [ -16.580616, 13.4343519 ], [ -16.5860043, 13.4335651 ], [ -16.5904884, 13.4346352 ], [ -16.5950584, 13.4403028 ], [ -16.6032352, 13.4378567 ], [ -16.60993, 13.4315262 ], [ -16.6127892, 13.4265308 ], [ -16.6065197, 13.4054737 ], [ -16.6048584, 13.3994198 ], [ -16.6031151, 13.3941612 ], [ -16.5948753, 13.3807402 ], [ -16.5818291, 13.3490047 ], [ -16.5854053, 13.3392811 ], [ -16.5819759, 13.3317528 ], [ -16.5769844, 13.3286219 ], [ -16.5752239, 13.322444 ], [ -16.5734558, 13.3158035 ], [ -16.5671806, 13.3067179 ], [ -16.5559635, 13.2970276 ], [ -16.5464745, 13.2919064 ], [ -16.5375118, 13.2897663 ], [ -16.520134, 13.2896137 ], [ -16.5062885, 13.2871161 ], [ -16.4965668, 13.2849693 ], [ -16.4852543, 13.2826386 ], [ -16.4701672, 13.2794523 ], [ -16.4670486, 13.2758274 ], [ -16.4646549, 13.2733393 ], [ -16.455183, 13.2689047 ], [ -16.3881798, 13.2769661 ], [ -16.3843575, 13.2733517 ], [ -16.3843174, 13.271102 ], [ -16.3657284, 13.2688408 ], [ -16.3407154, 13.2881289 ], [ -16.3353329, 13.2891397 ], [ -16.3294487, 13.2883205 ], [ -16.3245602, 13.2836943 ], [ -16.3221111, 13.2849951 ], [ -16.3163853, 13.2931423 ], [ -16.306139, 13.2979155 ], [ -16.254549, 13.3151131 ], [ -16.2386494, 13.3179369 ], [ -16.2324238, 13.3256016 ], [ -16.2299385, 13.3311634 ], [ -16.2271309, 13.3585777 ], [ -16.2246399, 13.3639088 ], [ -16.1856594, 13.3903351 ], [ -16.1673908, 13.4080915 ], [ -16.1568775, 13.4250526 ], [ -16.1536217, 13.4269457 ], [ -16.148201, 13.4258842 ], [ -16.135395, 13.4189644 ], [ -16.1049156, 13.4086504 ], [ -16.0782776, 13.4046211 ], [ -16.0719452, 13.4036627 ], [ -16.0632915, 13.4058723 ], [ -16.0397701, 13.4179773 ], [ -16.0282593, 13.4179306 ], [ -15.9992437, 13.4136019 ], [ -15.9948187, 13.4129419 ], [ -15.9833298, 13.4142733 ], [ -15.9730577, 13.4181137 ], [ -15.965539, 13.4180021 ], [ -15.9381037, 13.4195213 ], [ -15.8960686, 13.4218435 ], [ -15.88764, 13.423584 ], [ -15.8740473, 13.4401217 ], [ -15.8691559, 13.4427261 ], [ -15.8607082, 13.4433165 ], [ -15.8517532, 13.4416122 ], [ -15.8459692, 13.4396267 ], [ -15.8338003, 13.4354477 ], [ -15.8224936, 13.4335499 ], [ -15.8162022, 13.4339132 ], [ -15.7901039, 13.43542 ], [ -15.7491903, 13.4419699 ], [ -15.7199879, 13.4518719 ], [ -15.7121735, 13.4545212 ], [ -15.7056637, 13.4589872 ], [ -15.7046547, 13.4603548 ], [ -15.6969204, 13.4708443 ], [ -15.6908846, 13.4755325 ], [ -15.6829472, 13.4788675 ], [ -15.6727934, 13.4755678 ], [ -15.6415701, 13.4465895 ], [ -15.6377029, 13.444973 ], [ -15.6309299, 13.4421434 ], [ -15.6278944, 13.4433355 ], [ -15.6241188, 13.4422426 ], [ -15.6153135, 13.4447308 ], [ -15.6112528, 13.445878 ], [ -15.5961494, 13.4569044 ], [ -15.5901995, 13.4673376 ], [ -15.5897779, 13.4705629 ], [ -15.5856161, 13.4749928 ], [ -15.5864172, 13.4910336 ], [ -15.5981693, 13.501194 ], [ -15.6117983, 13.4817448 ], [ -15.6201639, 13.4756441 ], [ -15.6291008, 13.4762049 ], [ -15.6354856, 13.4788723 ], [ -15.6597862, 13.5005941 ], [ -15.6668692, 13.5027885 ], [ -15.678854, 13.5028448 ], [ -15.6865883, 13.5015812 ], [ -15.6970959, 13.4972878 ], [ -15.7525368, 13.4665689 ], [ -15.7644367, 13.4613323 ], [ -15.7840872, 13.4559784 ], [ -15.81602, 13.4548054 ], [ -15.862978, 13.4627914 ], [ -15.9022245, 13.4537144 ], [ -15.9177122, 13.4525547 ], [ -15.918622, 13.4536905 ], [ -15.9212246, 13.4518108 ], [ -15.9299259, 13.4523649 ], [ -15.9486828, 13.4500027 ], [ -15.9624443, 13.4463587 ], [ -16.0164032, 13.4395065 ], [ -16.0739498, 13.438817 ], [ -16.0821381, 13.4368458 ], [ -16.0909176, 13.4365911 ], [ -16.0999851, 13.436327 ], [ -16.1082478, 13.4387255 ], [ -16.1154003, 13.4448166 ], [ -16.1199169, 13.4479628 ], [ -16.132864, 13.4493628 ], [ -16.1531773, 13.4521713 ], [ -16.1559048, 13.450366 ], [ -16.1647034, 13.4428635 ], [ -16.1768131, 13.4366837 ], [ -16.195282, 13.43155 ], [ -16.202961, 13.4272833 ], [ -16.1989155, 13.4243603 ], [ -16.1991062, 13.4218273 ], [ -16.21982, 13.410676 ], [ -16.2225895, 13.4078703 ], [ -16.2260437, 13.403903 ], [ -16.2360401, 13.3979874 ], [ -16.2408237, 13.3893995 ], [ -16.282299, 13.3571949 ], [ -16.3011646, 13.3483677 ], [ -16.3047104, 13.3445234 ], [ -16.3106899, 13.3424568 ], [ -16.3187828, 13.3354197 ], [ -16.3246727, 13.3364697 ], [ -16.3320408, 13.341404 ], [ -16.3391056, 13.3424339 ], [ -16.3463898, 13.3405638 ], [ -16.3860912, 13.3303604 ], [ -16.4156094, 13.3264017 ], [ -16.423151, 13.3278809 ], [ -16.4330997, 13.3325377 ], [ -16.453577, 13.3478212 ], [ -16.4642258, 13.3522348 ], [ -16.4664478, 13.3525963 ], [ -16.479538, 13.3547268 ], [ -16.5133343, 13.3534422 ], [ -16.5167103, 13.3582125 ], [ -16.5149517, 13.3646832 ], [ -16.5009899, 13.3844805 ], [ -16.4953632, 13.397687 ], [ -16.4947319, 13.4271355 ], [ -16.4970551, 13.438364 ], [ -16.507267, 13.4570427 ], [ -16.5139503, 13.4626741 ], [ -16.5215321, 13.4659891 ], [ -16.5522804, 13.476944 ], [ -16.5589561, 13.4821148 ], [ -16.5597649, 13.4876194 ], [ -16.5562096, 13.4984913 ], [ -16.5441742, 13.5210123 ], [ -16.5418224, 13.5334721 ], [ -16.5407429, 13.551199 ], [ -16.5425434, 13.5594463 ], [ -16.5464478, 13.5671959 ], [ -16.5545883, 13.5750999 ], [ -16.5584812, 13.582159 ], [ -16.5601425, 13.5887852 ], [ -16.5599403, 13.5907516 ], [ -16.5591698, 13.5938759 ], [ -16.5639706, 13.5990791 ], [ -16.5693493, 13.5976038 ], [ -16.5727043, 13.6009932 ], [ -16.5740032, 13.6076384 ], [ -16.5759048, 13.6111918 ], [ -16.5774155, 13.6140165 ], [ -16.5848122, 13.6198645 ], [ -16.5882244, 13.6262417 ], [ -16.5878277, 13.6301575 ], [ -16.593256, 13.6312103 ], [ -16.603653, 13.6340132 ], [ -16.6096497, 13.6403446 ], [ -16.6144333, 13.6446276 ], [ -16.6184463, 13.6454754 ], [ -16.6247101, 13.6534109 ], [ -16.6288204, 13.6593151 ], [ -16.6284275, 13.6634617 ], [ -16.6322422, 13.666152 ], [ -16.6363907, 13.6741257 ], [ -16.6381226, 13.678751 ], [ -16.648531, 13.7065592 ], [ -16.6481762, 13.7125444 ], [ -16.642765, 13.7248297 ], [ -16.6413479, 13.7368126 ], [ -16.6379795, 13.7575684 ], [ -16.6301823, 13.7680559 ], [ -16.6302509, 13.7717342 ], [ -16.6241035, 13.7824221 ], [ -16.6150932, 13.791091 ], [ -16.5813866, 13.825036 ], [ -16.5711555, 13.8314266 ], [ -16.5605793, 13.8320751 ], [ -16.5556011, 13.8300943 ], [ -16.552, 13.8335171 ], [ -16.558567, 13.8376293 ], [ -16.5572033, 13.8401823 ], [ -16.545763, 13.8449841 ], [ -16.5253048, 13.8455763 ], [ -16.5218067, 13.8472471 ], [ -16.5141983, 13.8556585 ], [ -16.515913, 13.8593073 ], [ -16.5211007, 13.8639734 ], [ -16.5323448, 13.8698235 ], [ -16.5355473, 13.8649387 ], [ -16.539753, 13.8632565 ], [ -16.5517616, 13.8637314 ], [ -16.5552464, 13.8613701 ], [ -16.5606842, 13.8626528 ], [ -16.5621243, 13.8642368 ], [ -16.5648785, 13.8605089 ], [ -16.5744228, 13.855051 ], [ -16.5793533, 13.8545027 ], [ -16.5872135, 13.8470049 ], [ -16.5977325, 13.8433676 ], [ -16.6021538, 13.8407593 ], [ -16.6223068, 13.8364887 ], [ -16.6255608, 13.8343611 ], [ -16.6354008, 13.8321133 ], [ -16.6475258, 13.8263769 ], [ -16.6532173, 13.8288031 ], [ -16.6589489, 13.8208809 ], [ -16.6614571, 13.8166962 ], [ -16.6815434, 13.7972822 ], [ -16.6841431, 13.79743 ], [ -16.6877708, 13.8026524 ], [ -16.6896267, 13.8012381 ], [ -16.6900082, 13.7966328 ], [ -16.6895924, 13.7872124 ], [ -16.6927166, 13.7784185 ], [ -16.6964207, 13.775362 ], [ -16.6999397, 13.7748365 ], [ -16.7087822, 13.782033 ], [ -16.7199554, 13.797493 ], [ -16.722559, 13.801096 ], [ -16.735508, 13.8137341 ], [ -16.7390156, 13.8247061 ], [ -16.7528553, 13.8467541 ], [ -16.7546101, 13.8522425 ], [ -16.7535057, 13.8559399 ], [ -16.7502747, 13.8592186 ], [ -16.7402534, 13.8642311 ], [ -16.7389278, 13.8686247 ], [ -16.745966, 13.8917179 ], [ -16.7471561, 13.9045715 ], [ -16.7491779, 13.9116611 ], [ -16.7511444, 13.9159937 ], [ -16.7496815, 13.9254475 ], [ -16.7512627, 13.9341555 ], [ -16.752037, 13.9375896 ], [ -16.7530766, 13.9426289 ], [ -16.7529755, 13.9495277 ], [ -16.7452202, 13.9623175 ], [ -16.740654, 13.9695272 ], [ -16.732605, 13.979331 ], [ -16.7196846, 13.9929037 ], [ -16.722086, 13.995388 ], [ -16.7258739, 13.9964685 ], [ -16.7359581, 13.9944439 ], [ -16.7376995, 13.9932032 ], [ -16.7561588, 13.9800472 ], [ -16.7621479, 13.9732695 ], [ -16.7673855, 13.9642057 ], [ -16.769825, 13.9565725 ], [ -16.7700005, 13.9294395 ], [ -16.7720947, 13.9041109 ], [ -16.7690697, 13.8938198 ], [ -16.767664, 13.8804302 ], [ -16.767334, 13.8772974 ], [ -16.7681942, 13.849 ], [ -16.7702351, 13.8330975 ], [ -16.7723217, 13.8314486 ], [ -16.7766666, 13.8371162 ], [ -16.7789555, 13.8458118 ], [ -16.7818146, 13.8836985 ], [ -16.7815456, 13.906004 ], [ -16.7860355, 13.9429379 ], [ -16.7788162, 14.0069866 ], [ -16.7799911, 14.0189199 ], [ -16.7825794, 14.0313454 ], [ -16.7898693, 14.0663271 ], [ -16.8039246, 14.1104345 ], [ -16.8110924, 14.1275415 ], [ -16.8244877, 14.137867 ], [ -16.8250484, 14.1424551 ], [ -16.8215809, 14.1457376 ], [ -16.819294, 14.1492281 ], [ -16.8205357, 14.1524239 ], [ -16.8365746, 14.1535025 ], [ -16.8399258, 14.1561995 ], [ -16.8425026, 14.1554604 ], [ -16.8458405, 14.1574669 ], [ -16.853693, 14.1614571 ], [ -16.856596, 14.1653109 ], [ -16.8611851, 14.1709709 ], [ -16.873642, 14.1813116 ], [ -16.877327, 14.1888285 ], [ -16.8797855, 14.2065725 ], [ -16.8806305, 14.2126722 ], [ -16.8843842, 14.2236357 ], [ -16.9117336, 14.271389 ], [ -16.9179783, 14.2772474 ], [ -16.9222565, 14.2790051 ], [ -16.9361706, 14.2794294 ], [ -16.9395294, 14.2823524 ], [ -16.940588, 14.2880793 ], [ -16.9390469, 14.3051901 ], [ -16.9365444, 14.3329792 ], [ -16.9388695, 14.3430481 ], [ -16.9423275, 14.3507967 ], [ -16.9651413, 14.3829994 ], [ -16.9885349, 14.4087505 ], [ -16.9935398, 14.4124823 ], [ -17.0, 14.4172993 ], [ -17.011158, 14.4342699 ], [ -17.0381336, 14.445447 ], [ -17.0536385, 14.450489 ], [ -17.0609207, 14.4528875 ], [ -17.0629425, 14.4595757 ], [ -17.0670433, 14.4692783 ], [ -17.0703309, 14.4717139 ], [ -17.0775871, 14.4744778 ], [ -17.0833874, 14.4812183 ], [ -17.0886383, 14.4930029 ], [ -17.0914974, 14.5068197 ], [ -17.0966454, 14.5252609 ], [ -17.1049686, 14.5406089 ], [ -17.1155491, 14.555604 ], [ -17.1249447, 14.5589495 ], [ -17.1319981, 14.5611134 ], [ -17.1368713, 14.5669212 ], [ -17.1418571, 14.5807657 ], [ -17.1514816, 14.6004152 ], [ -17.1584721, 14.6225529 ], [ -17.1721783, 14.6378937 ], [ -17.2064342, 14.6698151 ], [ -17.2311954, 14.6889763 ], [ -17.2464886, 14.6935444 ], [ -17.2558746, 14.6980324 ], [ -17.2621975, 14.7020197 ], [ -17.2729588, 14.7095099 ], [ -17.2826385, 14.7100983 ], [ -17.2890072, 14.7108717 ], [ -17.2953167, 14.7157745 ], [ -17.3037605, 14.7202501 ], [ -17.3164387, 14.7259283 ], [ -17.3460636, 14.7366476 ], [ -17.3600025, 14.7370596 ], [ -17.3889236, 14.7307787 ], [ -17.4129066, 14.7228231 ], [ -17.4231224, 14.7190523 ], [ -17.4248466, 14.7140236 ], [ -17.4261188, 14.707612 ], [ -17.4264259, 14.7025652 ], [ -17.4286175, 14.6980019 ], [ -17.4319572, 14.6957483 ], [ -17.4350967, 14.6909695 ], [ -17.4368191, 14.6861687 ], [ -17.4359188, 14.6829433 ], [ -17.4322307, 14.6794937 ], [ -17.4312196, 14.6790418 ], [ -17.4277229, 14.6775579 ], [ -17.4254227, 14.6731672 ], [ -17.4270992, 14.6715813 ], [ -17.4294815, 14.6702347 ], [ -17.4321251, 14.6670542 ], [ -17.4338512, 14.6617956 ], [ -17.4356098, 14.6544714 ], [ -17.4399452, 14.6485577 ], [ -17.4432526, 14.6485996 ], [ -17.4450645, 14.6541328 ], [ -17.446373, 14.6619558 ], [ -17.4469427, 14.6701747 ], [ -17.4471082, 14.6713836 ], [ -17.4473972, 14.6732178 ], [ -17.4513969, 14.6744165 ], [ -17.4558945, 14.6737852 ], [ -17.4596691, 14.6742926 ], [ -17.4617748, 14.6756964 ], [ -17.4638634, 14.6784782 ], [ -17.4676304, 14.6794443 ], [ -17.4711609, 14.6804075 ], [ -17.4744434, 14.6822853 ], [ -17.4760399, 14.6864376 ], [ -17.4782581, 14.6967964 ], [ -17.4782189, 14.6996998 ], [ -17.4783892, 14.7004399 ], [ -17.4815102, 14.7009697 ], [ -17.4848137, 14.7012405 ], [ -17.4869022, 14.7040224 ], [ -17.4910278, 14.7132578 ], [ -17.4935856, 14.7162743 ], [ -17.4990463, 14.7145061 ], [ -17.5037785, 14.7141066 ], [ -17.5072994, 14.7157574 ], [ -17.5100498, 14.7219896 ], [ -17.5120602, 14.7305098 ], [ -17.5140896, 14.7376509 ], [ -17.5152473, 14.7392731 ], [ -17.5218487, 14.7405033 ], [ -17.5312443, 14.7447519 ], [ -17.5352364, 14.7466383 ], [ -17.5344925, 14.7491541 ], [ -17.5325775, 14.750967 ], [ -17.5292721, 14.7506962 ], [ -17.5266953, 14.7490578 ], [ -17.5236359, 14.7481012 ], [ -17.5208841, 14.7479091 ], [ -17.5198544, 14.7478382 ], [ -17.5185681, 14.7485447 ], [ -17.5172318, 14.7494633 ], [ -17.5151561, 14.7515835 ], [ -17.5136337, 14.7534857 ], [ -17.5109978, 14.7562075 ], [ -17.5083466, 14.7598476 ], [ -17.5052185, 14.7639399 ], [ -17.5007248, 14.7641134 ], [ -17.4962406, 14.7635965 ], [ -17.4905567, 14.7644444 ], [ -17.4874535, 14.7667007 ], [ -17.4855232, 14.7694311 ], [ -17.4819565, 14.7709932 ], [ -17.477026, 14.7686358 ], [ -17.4706802, 14.7660303 ], [ -17.4642887, 14.7666378 ], [ -17.4583702, 14.767251 ], [ -17.4467239, 14.771924 ], [ -17.4341106, 14.7779608 ], [ -17.4265289, 14.7792435 ], [ -17.4182415, 14.780283 ], [ -17.4039783, 14.7858381 ], [ -17.3899403, 14.7923136 ], [ -17.3832741, 14.7956715 ], [ -17.3790264, 14.7951555 ], [ -17.364954, 14.8039265 ], [ -17.3478336, 14.8108187 ], [ -17.3338242, 14.8149967 ], [ -17.3171749, 14.8218937 ], [ -17.3085861, 14.8272886 ], [ -17.3026714, 14.8276701 ], [ -17.2967472, 14.8285093 ], [ -17.2874584, 14.8332062 ], [ -17.2690983, 14.84375 ], [ -17.2524471, 14.8506432 ], [ -17.2200165, 14.8690281 ], [ -17.2035561, 14.8786755 ], [ -17.1914005, 14.8851662 ], [ -17.1790425, 14.8899105 ], [ -17.1640453, 14.8958101 ], [ -17.1480408, 14.9063778 ], [ -17.1288986, 14.9210329 ], [ -17.119978, 14.9321556 ], [ -17.1131573, 14.9451437 ], [ -17.1075287, 14.9574575 ], [ -17.1026402, 14.96772 ], [ -17.0923157, 14.9776735 ], [ -17.0809879, 14.9912872 ], [ -17.073431, 15.0 ], [ -17.0691872, 15.0048923 ], [ -17.0591145, 15.0137014 ], [ -17.0473213, 15.0266161 ], [ -17.0384159, 15.0363588 ], [ -17.0275879, 15.0479107 ], [ -17.012888, 15.0649138 ], [ -17.0, 15.0746794 ], [ -16.9979401, 15.0762882 ], [ -16.9900856, 15.0851669 ], [ -16.9848042, 15.0924826 ], [ -16.9330616, 15.1641188 ], [ -16.9072056, 15.1936388 ], [ -16.8974667, 15.2047558 ], [ -16.8652153, 15.2476196 ], [ -16.8551979, 15.2670975 ], [ -16.8381386, 15.289463 ], [ -16.8334808, 15.2972107 ], [ -16.7891235, 15.3709736 ], [ -16.7745724, 15.3891516 ], [ -16.767313, 15.4055128 ], [ -16.7591629, 15.4238777 ], [ -16.6953316, 15.5102015 ], [ -16.679821, 15.5311642 ], [ -16.6603661, 15.5659513 ], [ -16.6253605, 15.6164427 ], [ -16.6126614, 15.6347551 ], [ -16.6062717, 15.6474943 ], [ -16.5901623, 15.6885595 ], [ -16.584465, 15.6965437 ], [ -16.566843, 15.7286015 ], [ -16.5640812, 15.7336273 ], [ -16.5539055, 15.7468901 ], [ -16.5486336, 15.7563915 ], [ -16.5428181, 15.7746267 ], [ -16.5367107, 15.7879543 ], [ -16.5344658, 15.7968063 ], [ -16.5396996, 15.7978611 ], [ -16.5363159, 15.8068705 ], [ -16.5311031, 15.8322077 ], [ -16.529274, 15.8628302 ], [ -16.5271378, 15.8985968 ], [ -16.5230484, 15.9206982 ], [ -16.5180359, 15.9694309 ], [ -16.518795, 15.9882994 ], [ -16.5192642, 16.0 ], [ -16.5026875, 16.0 ], [ -16.506134, 16.0007725 ], [ -16.5049458, 16.0532742 ], [ -16.5057716, 16.0621853 ], [ -16.5075378, 16.081274 ], [ -16.5083809, 16.1191196 ], [ -16.5083427, 16.1234722 ], [ -16.5080013, 16.1610851 ], [ -16.5053272, 16.1940899 ], [ -16.5070038, 16.2186451 ], [ -16.5121403, 16.2490044 ], [ -16.5148926, 16.2652702 ], [ -16.5152359, 16.2797241 ], [ -16.5102291, 16.3081245 ], [ -16.4943542, 16.3554745 ], [ -16.4874096, 16.3706627 ], [ -16.4814987, 16.3835812 ], [ -16.470293, 16.4130783 ], [ -16.4481945, 16.4876766 ], [ -16.447855, 16.4906712 ], [ -16.4450779, 16.5151806 ], [ -16.4445114, 16.5498199 ], [ -16.4381428, 16.5940456 ], [ -16.4387302, 16.6073589 ], [ -16.4374619, 16.6161423 ], [ -16.436182, 16.6250057 ], [ -16.4315186, 16.6398792 ], [ -16.420578, 16.6636467 ], [ -16.4056435, 16.7057343 ], [ -16.3928642, 16.7344036 ], [ -16.3769054, 16.7701893 ], [ -16.3736343, 16.7875996 ], [ -16.3601933, 16.8212128 ], [ -16.3532772, 16.8454742 ], [ -16.3497086, 16.8530979 ], [ -16.3330536, 16.8886642 ], [ -16.3090382, 16.9515533 ], [ -16.30023, 16.9698677 ], [ -16.2878265, 16.9956512 ], [ -16.2647858, 17.0535011 ], [ -16.2579727, 17.0658283 ], [ -16.2532711, 17.0813923 ], [ -16.250803, 17.0865536 ], [ -16.2283573, 17.1334839 ], [ -16.2018299, 17.2007103 ], [ -16.2003231, 17.2029495 ], [ -16.1901722, 17.2180386 ], [ -16.1888561, 17.2288151 ], [ -16.1519661, 17.3195534 ], [ -16.1197605, 17.3986835 ], [ -16.1098213, 17.4307232 ], [ -16.1100197, 17.4343987 ], [ -16.108387, 17.4382648 ], [ -16.1001778, 17.4577141 ], [ -16.0923252, 17.4948273 ], [ -16.0751991, 17.5601864 ], [ -16.0725231, 17.5703888 ], [ -16.0698566, 17.5933228 ], [ -16.0641518, 17.6100235 ], [ -16.0600777, 17.630188 ], [ -16.0552826, 17.6707802 ], [ -16.0518284, 17.6790104 ], [ -16.051157, 17.6837864 ], [ -16.0473766, 17.7106514 ], [ -16.0464077, 17.7313099 ], [ -16.0443478, 17.7432289 ], [ -16.0454903, 17.7678127 ], [ -16.0429039, 17.7834015 ], [ -16.0446396, 17.7985783 ], [ -16.043932, 17.8092823 ], [ -16.0425892, 17.8295593 ], [ -16.0376987, 17.8570652 ], [ -16.0325832, 17.9031715 ], [ -16.0331726, 17.9139729 ], [ -16.0308132, 17.9347172 ], [ -16.0240364, 17.994257 ], [ -16.0228577, 18.0319119 ], [ -16.023962, 18.0606003 ], [ -16.0246811, 18.0792465 ], [ -16.028656, 18.1080017 ], [ -16.029108, 18.1300583 ], [ -16.0321903, 18.1532917 ], [ -16.0278873, 18.1711597 ], [ -16.0291786, 18.1835766 ], [ -16.0299759, 18.1857662 ], [ -16.03825, 18.2084847 ], [ -16.0387497, 18.2268658 ], [ -16.036871, 18.2429256 ], [ -16.0389862, 18.2668381 ], [ -16.0429916, 18.2935276 ], [ -16.048336, 18.3094463 ], [ -16.0485649, 18.3101273 ], [ -16.0516968, 18.3296871 ], [ -16.0535603, 18.3547459 ], [ -16.0528374, 18.3749523 ], [ -16.0550575, 18.3903675 ], [ -16.0555153, 18.4352512 ], [ -16.0557213, 18.4553852 ], [ -16.0665627, 18.4950161 ], [ -16.0728836, 18.5102444 ], [ -16.0749111, 18.5219822 ], [ -16.0891628, 18.5563068 ], [ -16.0896664, 18.557518 ], [ -16.0919247, 18.5701771 ], [ -16.1003761, 18.5891037 ], [ -16.1187706, 18.6235275 ], [ -16.1352215, 18.659996 ], [ -16.1386681, 18.6728287 ], [ -16.1430817, 18.6892548 ], [ -16.1451492, 18.6982365 ], [ -16.1440792, 18.7074146 ], [ -16.1451569, 18.7184525 ], [ -16.1481209, 18.7334175 ], [ -16.1507683, 18.7550392 ], [ -16.1530972, 18.7621861 ], [ -16.1614246, 18.7723789 ], [ -16.1644573, 18.781599 ], [ -16.1705322, 18.8304214 ], [ -16.1788349, 18.8970795 ], [ -16.185091, 18.9205761 ], [ -16.1935425, 18.942028 ], [ -16.1990776, 18.9528446 ], [ -16.207016, 18.9683533 ], [ -16.2204456, 18.9990444 ], [ -16.2300777, 19.0237217 ], [ -16.2537003, 19.0678158 ], [ -16.260395, 19.0803051 ], [ -16.2821064, 19.1069355 ], [ -16.2966976, 19.1217785 ], [ -16.3124008, 19.1458187 ], [ -16.3222122, 19.1557903 ], [ -16.3325977, 19.1688061 ], [ -16.3475189, 19.1874981 ], [ -16.3571033, 19.1963158 ], [ -16.3722935, 19.2010479 ], [ -16.3922291, 19.2152405 ], [ -16.4105358, 19.2232132 ], [ -16.4194012, 19.2317925 ], [ -16.4309902, 19.23419 ], [ -16.4393082, 19.2383213 ], [ -16.4413433, 19.2393341 ], [ -16.4617748, 19.2535229 ], [ -16.4701691, 19.2611752 ], [ -16.4724522, 19.2756691 ], [ -16.4893799, 19.3029232 ], [ -16.4957848, 19.316761 ], [ -16.5011482, 19.3388615 ], [ -16.5038548, 19.3430939 ], [ -16.5104542, 19.3534145 ], [ -16.5394917, 19.3819084 ], [ -16.5374851, 19.3897057 ], [ -16.5318947, 19.3919582 ], [ -16.4967632, 19.3937397 ], [ -16.4816017, 19.3837337 ], [ -16.4722919, 19.379221 ], [ -16.4681015, 19.3771877 ], [ -16.4560108, 19.3754787 ], [ -16.4438744, 19.3785915 ], [ -16.4380398, 19.3808403 ], [ -16.4292622, 19.3869667 ], [ -16.4115314, 19.3925591 ], [ -16.3944778, 19.4027481 ], [ -16.3780689, 19.4207554 ], [ -16.3705063, 19.4262009 ], [ -16.3585567, 19.431179 ], [ -16.3485546, 19.440939 ], [ -16.3384094, 19.461525 ], [ -16.3242683, 19.4701271 ], [ -16.3193111, 19.4808807 ], [ -16.3163795, 19.4831505 ], [ -16.3140621, 19.4962273 ], [ -16.3069115, 19.5078793 ], [ -16.2862911, 19.5329266 ], [ -16.286293, 19.533123 ], [ -16.2863903, 19.5460587 ], [ -16.284626, 19.552475 ], [ -16.289238, 19.5518284 ], [ -16.2985172, 19.5454826 ], [ -16.3053875, 19.5375042 ], [ -16.3172379, 19.5401421 ], [ -16.3206387, 19.539484 ], [ -16.3292027, 19.5317497 ], [ -16.3321629, 19.526722 ], [ -16.3387165, 19.5258636 ], [ -16.3545818, 19.5149784 ], [ -16.362915, 19.5058632 ], [ -16.3679333, 19.4942875 ], [ -16.3698616, 19.4898415 ], [ -16.3796215, 19.4832649 ], [ -16.3840504, 19.4764118 ], [ -16.3911343, 19.4707298 ], [ -16.3977871, 19.4595299 ], [ -16.3999443, 19.4618473 ], [ -16.3969898, 19.4666462 ], [ -16.3964424, 19.473074 ], [ -16.3878841, 19.4808102 ], [ -16.3811855, 19.496376 ], [ -16.3681374, 19.5167084 ], [ -16.364912, 19.5240326 ], [ -16.361084, 19.528347 ], [ -16.3533859, 19.5370255 ], [ -16.3528614, 19.540926 ], [ -16.356987, 19.5405045 ], [ -16.3743095, 19.5294018 ], [ -16.3851013, 19.5166302 ], [ -16.3932648, 19.5001583 ], [ -16.3983917, 19.4962978 ], [ -16.4129753, 19.4918308 ], [ -16.4239559, 19.4841137 ], [ -16.4259224, 19.481144 ], [ -16.4368916, 19.4743443 ], [ -16.4384632, 19.4715939 ], [ -16.4391117, 19.4704571 ], [ -16.4322319, 19.4552345 ], [ -16.4311275, 19.4441967 ], [ -16.432169, 19.4368515 ], [ -16.4303627, 19.4232807 ], [ -16.431881, 19.4166298 ], [ -16.4370289, 19.4102402 ], [ -16.438982, 19.4086494 ], [ -16.4457512, 19.4098568 ], [ -16.4611797, 19.4175682 ], [ -16.4669399, 19.4231319 ], [ -16.4685822, 19.4286594 ], [ -16.4592705, 19.4492283 ], [ -16.4520016, 19.4652824 ], [ -16.4281273, 19.5036793 ], [ -16.4179344, 19.5297852 ], [ -16.4020653, 19.5413647 ], [ -16.3951759, 19.5516434 ], [ -16.3928165, 19.5564499 ], [ -16.3647289, 19.6136398 ], [ -16.3515682, 19.6199551 ], [ -16.3461647, 19.6265697 ], [ -16.3419399, 19.660078 ], [ -16.3376541, 19.6659927 ], [ -16.331358, 19.6746864 ], [ -16.3237877, 19.6794415 ], [ -16.3200874, 19.6851521 ], [ -16.3144646, 19.6892357 ], [ -16.310339, 19.6894264 ], [ -16.3038883, 19.6799469 ], [ -16.2980614, 19.6803532 ], [ -16.2926655, 19.6858158 ], [ -16.2761078, 19.7139225 ], [ -16.2733288, 19.7242355 ], [ -16.2756538, 19.7336769 ], [ -16.2794819, 19.7387695 ], [ -16.2794514, 19.7417564 ], [ -16.277813, 19.7452431 ], [ -16.2754765, 19.7502193 ], [ -16.2533875, 19.7727566 ], [ -16.2474632, 19.7816601 ], [ -16.2458477, 19.7963505 ], [ -16.2507153, 19.8175354 ], [ -16.2505646, 19.8313198 ], [ -16.2435741, 19.8487148 ], [ -16.2429962, 19.8572121 ], [ -16.2448063, 19.8586922 ], [ -16.2461262, 19.8597698 ], [ -16.2593937, 19.8456497 ], [ -16.2637615, 19.8461514 ], [ -16.2665958, 19.8535309 ], [ -16.2554684, 19.8718071 ], [ -16.2531719, 19.8818951 ], [ -16.2538013, 19.8910904 ], [ -16.2554741, 19.8936348 ], [ -16.2629547, 19.8983021 ], [ -16.2757874, 19.9023285 ], [ -16.2830906, 19.9010201 ], [ -16.2911491, 19.8969593 ], [ -16.2963047, 19.8919525 ], [ -16.2975178, 19.8858147 ], [ -16.2978458, 19.8841553 ], [ -16.2974529, 19.8754196 ], [ -16.2999668, 19.8674011 ], [ -16.3031425, 19.865593 ], [ -16.3080006, 19.8656387 ], [ -16.3150043, 19.869379 ], [ -16.3183289, 19.8767624 ], [ -16.3187351, 19.8843479 ], [ -16.3157234, 19.8935108 ], [ -16.3073139, 19.9076786 ], [ -16.2861938, 19.9288502 ], [ -16.2722378, 19.9385986 ], [ -16.2694359, 19.9426708 ], [ -16.2653255, 19.9486427 ], [ -16.2525806, 19.9586315 ], [ -16.2326527, 19.9804974 ], [ -16.2286282, 19.9928646 ], [ -16.2293148, 19.9965477 ], [ -16.2320213, 20.0 ], [ -16.2360287, 20.0051136 ], [ -16.2367001, 20.0104046 ], [ -16.2346516, 20.0198059 ], [ -16.236187, 20.0234108 ], [ -16.2391872, 20.0274315 ], [ -16.2491398, 20.0289059 ], [ -16.2542191, 20.0314827 ], [ -16.257885, 20.0394115 ], [ -16.2615833, 20.0474052 ], [ -16.26227, 20.0513191 ], [ -16.2598286, 20.0522137 ], [ -16.2542629, 20.0496349 ], [ -16.2460709, 20.0426617 ], [ -16.2412033, 20.0430756 ], [ -16.2384968, 20.0460358 ], [ -16.2389545, 20.0485687 ], [ -16.2452698, 20.0493183 ], [ -16.2527218, 20.0572014 ], [ -16.2484341, 20.0714054 ], [ -16.2509956, 20.0817699 ], [ -16.2479763, 20.0909309 ], [ -16.2550602, 20.1105289 ], [ -16.262516, 20.118412 ], [ -16.2625275, 20.119318 ], [ -16.2626457, 20.1289825 ], [ -16.2589893, 20.1296368 ], [ -16.2548962, 20.1256924 ], [ -16.2517395, 20.1252022 ], [ -16.2387371, 20.1349564 ], [ -16.225935, 20.1483879 ], [ -16.2236919, 20.1531925 ], [ -16.2265358, 20.1601124 ], [ -16.2242985, 20.1644554 ], [ -16.2159786, 20.1685104 ], [ -16.2110519, 20.1737461 ], [ -16.2030716, 20.1909008 ], [ -16.1995125, 20.204422 ], [ -16.1999454, 20.2092495 ], [ -16.2030029, 20.21982 ], [ -16.2067413, 20.2327518 ], [ -16.2150974, 20.2475395 ], [ -16.2267361, 20.2740746 ], [ -16.232481, 20.2830906 ], [ -16.2433949, 20.2871017 ], [ -16.2643738, 20.2840843 ], [ -16.267271, 20.2864094 ], [ -16.2757721, 20.3071651 ], [ -16.2774754, 20.3113194 ], [ -16.2872963, 20.3268051 ], [ -16.2960377, 20.3294144 ], [ -16.3028202, 20.3331528 ], [ -16.305706, 20.3366261 ], [ -16.3092918, 20.3430939 ], [ -16.3118496, 20.3548336 ], [ -16.3195763, 20.3613377 ], [ -16.3236198, 20.3707943 ], [ -16.3275795, 20.3882923 ], [ -16.3348026, 20.3968582 ], [ -16.3420792, 20.4001408 ], [ -16.3463993, 20.4066124 ], [ -16.3591366, 20.4241886 ], [ -16.3529701, 20.4312553 ], [ -16.3726959, 20.4812851 ], [ -16.375309, 20.4879723 ], [ -16.3768063, 20.5086613 ], [ -16.3845558, 20.5383663 ], [ -16.3946152, 20.5568333 ], [ -16.4076424, 20.5716496 ], [ -16.4193878, 20.5928879 ], [ -16.4220848, 20.5958576 ], [ -16.4259052, 20.6000652 ], [ -16.4284878, 20.6104259 ], [ -16.4291668, 20.6407566 ], [ -16.4368439, 20.6444511 ], [ -16.4388847, 20.6454334 ], [ -16.4392586, 20.6321125 ], [ -16.4429092, 20.6330624 ], [ -16.4459972, 20.6418171 ], [ -16.4508133, 20.6487503 ], [ -16.4566612, 20.6497192 ], [ -16.4641914, 20.6536865 ], [ -16.4748344, 20.6638832 ], [ -16.4863262, 20.68787 ], [ -16.4879208, 20.700058 ], [ -16.4841175, 20.7147293 ], [ -16.4837971, 20.7227688 ], [ -16.4883881, 20.7280903 ], [ -16.503788, 20.7266064 ], [ -16.5062065, 20.7291527 ], [ -16.5091629, 20.7264214 ], [ -16.5140247, 20.7287579 ], [ -16.5224953, 20.7370949 ], [ -16.5263958, 20.7380447 ], [ -16.5323238, 20.7040939 ], [ -16.5334892, 20.6834278 ], [ -16.5330524, 20.6779099 ], [ -16.5294456, 20.6719093 ], [ -16.5264168, 20.6560345 ], [ -16.5272255, 20.6477699 ], [ -16.526041, 20.6438541 ], [ -16.5296307, 20.6298809 ], [ -16.5328751, 20.61726 ], [ -16.5260124, 20.5937729 ], [ -16.5246544, 20.5822754 ], [ -16.5301208, 20.5715218 ], [ -16.5302296, 20.5598068 ], [ -16.5329285, 20.5579891 ], [ -16.5355797, 20.5616856 ], [ -16.539465, 20.5635548 ], [ -16.5452671, 20.5693436 ], [ -16.5564365, 20.5754051 ], [ -16.5709629, 20.5879231 ], [ -16.572155, 20.5911503 ], [ -16.5789928, 20.5905132 ], [ -16.5838547, 20.5926189 ], [ -16.5956497, 20.6110878 ], [ -16.5953884, 20.6131516 ], [ -16.6002693, 20.6129608 ], [ -16.6058407, 20.6178265 ], [ -16.6123524, 20.6268349 ], [ -16.6237564, 20.6347313 ], [ -16.6268787, 20.6404972 ], [ -16.6343441, 20.6524982 ], [ -16.6403904, 20.6589756 ], [ -16.6576481, 20.6680622 ], [ -16.6653805, 20.677536 ], [ -16.6683025, 20.6784763 ], [ -16.6763744, 20.6766968 ], [ -16.6787987, 20.6787815 ], [ -16.6802196, 20.6840744 ], [ -16.6695576, 20.7037544 ], [ -16.6722107, 20.7076797 ], [ -16.6719208, 20.7134209 ], [ -16.6659946, 20.7211876 ], [ -16.6634655, 20.7315083 ], [ -16.6602783, 20.7346573 ], [ -16.6665668, 20.74049 ], [ -16.6770229, 20.7460766 ], [ -16.6901741, 20.7507648 ], [ -16.705904, 20.7690239 ], [ -16.7170105, 20.785181 ], [ -16.7189293, 20.7897892 ], [ -16.7181454, 20.7962151 ], [ -16.7190819, 20.8012753 ], [ -16.7285099, 20.8139744 ], [ -16.7335529, 20.8252659 ], [ -16.7491169, 20.8350201 ], [ -16.7534695, 20.8410206 ], [ -16.7551289, 20.8474636 ], [ -16.7525692, 20.8623791 ], [ -16.7546883, 20.8727303 ], [ -16.762022, 20.883852 ], [ -16.7675972, 20.8960476 ], [ -16.7685471, 20.9143982 ], [ -16.7728577, 20.9261417 ], [ -16.7796364, 20.9351463 ], [ -16.7806721, 20.9350224 ], [ -16.7869797, 20.9342747 ], [ -16.78685, 20.9191132 ], [ -16.8009338, 20.9320679 ], [ -16.810585, 20.9498177 ], [ -16.8129673, 20.9583321 ], [ -16.8116608, 20.9695778 ], [ -16.8152294, 20.9831524 ], [ -16.8195992, 20.9877758 ], [ -16.8312836, 20.9956589 ], [ -16.8341904, 20.9995823 ], [ -16.8366337, 21.0073833 ], [ -16.8387337, 21.01408 ], [ -16.85816, 21.034874 ], [ -16.8612881, 21.0422421 ], [ -16.8614616, 21.0521202 ], [ -16.8574924, 21.0596752 ], [ -16.85672, 21.0649548 ], [ -16.8582993, 21.0840282 ], [ -16.8565464, 21.089529 ], [ -16.8533611, 21.0899696 ], [ -16.848484, 21.0874138 ], [ -16.8441334, 21.0795765 ], [ -16.8388672, 21.0632362 ], [ -16.8381786, 21.0624332 ], [ -16.8344994, 21.0581551 ], [ -16.8306065, 21.0551453 ], [ -16.8222618, 21.0583096 ], [ -16.818594, 21.0578251 ], [ -16.8164043, 21.055975 ], [ -16.8106976, 21.0334282 ], [ -16.8031712, 21.0255699 ], [ -16.8030052, 21.0152321 ], [ -16.8006458, 21.0035038 ], [ -16.7946072, 20.9931278 ], [ -16.7866116, 20.9829693 ], [ -16.7725067, 20.9720802 ], [ -16.7688351, 20.9706364 ], [ -16.7588501, 20.9667072 ], [ -16.7573299, 20.973587 ], [ -16.7574768, 20.9862232 ], [ -16.75424, 20.9935513 ], [ -16.7634792, 21.0009632 ], [ -16.7644081, 21.0071716 ], [ -16.7748489, 21.0175762 ], [ -16.7813282, 21.0343857 ], [ -16.789299, 21.0482197 ], [ -16.8040905, 21.0664616 ], [ -16.8125381, 21.082365 ], [ -16.8073006, 21.0954227 ], [ -16.8011341, 21.1018143 ], [ -16.7954884, 21.1038456 ], [ -16.7974224, 21.1070728 ], [ -16.807682, 21.1101246 ], [ -16.8195934, 21.1214561 ], [ -16.8375473, 21.1440773 ], [ -16.840971, 21.1447887 ], [ -16.842226, 21.1404324 ], [ -16.8471317, 21.1393147 ], [ -16.85005, 21.1420879 ], [ -16.8529778, 21.1473198 ], [ -16.8577881, 21.1559162 ], [ -16.8623543, 21.1678886 ], [ -16.8593369, 21.1791229 ], [ -16.8516788, 21.1882629 ], [ -16.8474274, 21.2004108 ], [ -16.8450813, 21.2541389 ], [ -16.8463211, 21.268177 ], [ -16.8464413, 21.2695351 ], [ -16.8483944, 21.2704659 ], [ -16.8503723, 21.267952 ], [ -16.8537502, 21.2411022 ], [ -16.8560009, 21.234684 ], [ -16.8621674, 21.228981 ], [ -16.8648663, 21.2283077 ], [ -16.8731594, 21.2336407 ], [ -16.8915462, 21.2319126 ], [ -16.8937321, 21.2346821 ], [ -16.897089, 21.245266 ], [ -16.9043903, 21.25243 ], [ -16.905838, 21.2558823 ], [ -16.9020958, 21.2657356 ], [ -16.9027939, 21.2710228 ], [ -16.9058552, 21.2745743 ], [ -16.9071712, 21.2761021 ], [ -16.9105988, 21.2765808 ], [ -16.9239426, 21.2601223 ], [ -16.9265404, 21.2380886 ], [ -16.9352474, 21.2183857 ], [ -16.9326248, 21.2073479 ], [ -16.934721, 21.1869183 ], [ -16.9362106, 21.1837101 ], [ -16.9463158, 21.17412 ], [ -16.9458809, 21.1660347 ], [ -16.9443512, 21.1375904 ], [ -16.9458694, 21.1300201 ], [ -16.9544868, 21.1227188 ], [ -16.961853, 21.1195431 ], [ -16.9635792, 21.117485 ], [ -16.9592037, 21.1126385 ], [ -16.9611874, 21.1087456 ], [ -16.963892, 21.1069222 ], [ -16.9714794, 21.107193 ], [ -16.9748878, 21.1101971 ], [ -16.973875, 21.1154747 ], [ -16.9750824, 21.1180077 ], [ -16.9777813, 21.1173344 ], [ -16.9804935, 21.1141338 ], [ -16.9889774, 21.0886841 ], [ -16.9892826, 21.0865269 ], [ -16.9917946, 21.068716 ], [ -16.9958057, 21.0533485 ], [ -17.0048447, 21.0559235 ], [ -17.0134125, 21.0557384 ], [ -17.0168514, 21.05369 ], [ -17.0225277, 21.0456791 ], [ -17.0228329, 21.035574 ], [ -17.0204525, 21.0247669 ], [ -17.0167961, 21.0224514 ], [ -17.008482, 21.0217171 ], [ -17.0048237, 21.0198612 ], [ -17.0016842, 21.0131836 ], [ -17.0087414, 20.9796848 ], [ -17.0029526, 20.9663315 ], [ -17.0103855, 20.9507523 ], [ -17.0127659, 20.9215927 ], [ -17.0174618, 20.9133472 ], [ -17.042923, 20.9079647 ], [ -17.0490665, 20.9024849 ], [ -17.050684, 20.8952293 ], [ -17.0518284, 20.8900929 ], [ -17.0513763, 20.884119 ], [ -17.0475273, 20.8733044 ], [ -17.0290508, 20.8566704 ], [ -17.0271206, 20.8522949 ], [ -17.0279045, 20.8437996 ], [ -17.0353527, 20.824543 ], [ -17.04533, 20.7901363 ], [ -17.0436363, 20.7800674 ], [ -17.0429707, 20.7761116 ], [ -17.044466, 20.7712955 ], [ -17.05056, 20.7731647 ], [ -17.0518475, 20.7741585 ], [ -17.0544529, 20.7761707 ], [ -17.0827389, 20.8282261 ], [ -17.0929909, 20.8301125 ], [ -17.0998096, 20.8347397 ], [ -17.1031818, 20.8434849 ], [ -17.1021748, 20.8487625 ], [ -17.0916138, 20.8579006 ], [ -17.0904198, 20.8597584 ], [ -17.0802708, 20.8755341 ], [ -17.0763054, 20.8849316 ], [ -17.0757866, 20.890213 ], [ -17.0810909, 20.9031029 ], [ -17.0883846, 20.9102592 ], [ -17.0922451, 20.919466 ], [ -17.089222, 20.9355297 ], [ -17.0889091, 20.9477024 ], [ -17.0861778, 20.9548092 ], [ -17.0770569, 20.9673996 ], [ -17.0734215, 20.9741383 ], [ -17.0651894, 20.9893913 ], [ -17.0604649, 21.0026913 ], [ -17.0630684, 21.0176334 ], [ -17.0580673, 21.035984 ], [ -17.0618744, 21.0548382 ], [ -17.0559158, 21.0692787 ], [ -17.0602551, 21.080555 ], [ -17.0557842, 21.0915585 ], [ -17.0555305, 21.0941963 ], [ -17.0544815, 21.1051025 ], [ -17.0495243, 21.1154137 ], [ -17.0504513, 21.1243763 ], [ -17.0461578, 21.1464024 ], [ -17.0389557, 21.1635933 ], [ -17.0394135, 21.1688786 ], [ -17.046463, 21.1776409 ], [ -17.0478897, 21.1847687 ], [ -17.0427132, 21.2150021 ], [ -17.0390091, 21.2366295 ], [ -17.0327492, 21.2591057 ], [ -17.0343781, 21.2733536 ], [ -17.0241966, 21.2953491 ], [ -17.0275478, 21.3086872 ], [ -17.0281277, 21.3346405 ], [ -17.0274162, 21.3377457 ], [ -17.0177994, 21.3798294 ], [ -17.0120697, 21.394268 ], [ -17.0102997, 21.4029865 ], [ -17.0138607, 21.4220657 ], [ -17.0133247, 21.4296417 ], [ -17.0063133, 21.4525681 ], [ -17.0047531, 21.4605827 ], [ -17.0025139, 21.4720688 ], [ -16.9911251, 21.487854 ], [ -16.9899197, 21.5236702 ], [ -16.981617, 21.5555439 ], [ -16.9785557, 21.5734386 ], [ -16.9794559, 21.5821762 ], [ -16.9815636, 21.6026173 ], [ -16.9795074, 21.6168442 ], [ -16.9734802, 21.6377068 ], [ -16.9709072, 21.6558323 ], [ -16.9715786, 21.6661682 ], [ -16.9795227, 21.6917 ], [ -16.9806595, 21.706171 ], [ -16.9791012, 21.7192497 ], [ -16.9617729, 21.7384415 ], [ -16.9493618, 21.7572021 ], [ -16.9478512, 21.7624741 ], [ -16.9495296, 21.7689114 ], [ -16.9527054, 21.7719154 ], [ -16.9595814, 21.7733307 ], [ -16.9622555, 21.7779369 ], [ -16.9643631, 21.7942505 ], [ -16.9615898, 21.8047962 ], [ -16.9585896, 21.8149338 ], [ -16.9530411, 21.8336773 ], [ -16.9329529, 21.8585892 ], [ -16.9159012, 21.870203 ], [ -16.9069309, 21.8869095 ], [ -16.8955078, 21.9022255 ], [ -16.8892345, 21.9196358 ], [ -16.8906765, 21.9244652 ], [ -16.8955688, 21.9288559 ], [ -16.898241, 21.9339237 ], [ -16.8972168, 21.9396553 ], [ -16.8790359, 21.9703121 ], [ -16.8777409, 21.9794865 ], [ -16.8699989, 21.9950504 ], [ -16.8704205, 22.0051537 ], [ -16.8554516, 22.0340347 ], [ -16.8419514, 22.0600739 ], [ -16.8335056, 22.1036377 ], [ -16.8220291, 22.1230774 ], [ -16.8121719, 22.1560688 ], [ -16.808918, 22.1629353 ], [ -16.8037186, 22.1661148 ], [ -16.7906265, 22.1699333 ], [ -16.7797337, 22.1760597 ], [ -16.770031, 22.1877022 ], [ -16.7695065, 22.1918316 ], [ -16.7719154, 22.199192 ], [ -16.7809753, 22.2070541 ], [ -16.7745514, 22.2090797 ], [ -16.7668514, 22.2163734 ], [ -16.7603683, 22.2257423 ], [ -16.7424202, 22.2349663 ], [ -16.7217045, 22.2504997 ], [ -16.7125034, 22.2598476 ], [ -16.6982727, 22.2810936 ], [ -16.6836414, 22.2906322 ], [ -16.6722603, 22.2946815 ], [ -16.6569691, 22.2945728 ], [ -16.6508274, 22.2915459 ], [ -16.6412811, 22.2793636 ], [ -16.6354542, 22.271925 ], [ -16.6298199, 22.2675228 ], [ -16.6219387, 22.2663174 ], [ -16.6135445, 22.2674026 ], [ -16.5813923, 22.2774887 ], [ -16.5326271, 22.2963924 ], [ -16.5201263, 22.3043766 ], [ -16.4996185, 22.3174725 ], [ -16.4936256, 22.3249989 ], [ -16.4908314, 22.3334675 ], [ -16.4936543, 22.34795 ], [ -16.4918938, 22.3513794 ], [ -16.485466, 22.3527031 ], [ -16.4792461, 22.3579311 ], [ -16.4681702, 22.380331 ], [ -16.4587212, 22.387598 ], [ -16.4569607, 22.3910255 ], [ -16.4589081, 22.4034328 ], [ -16.459053, 22.4043541 ], [ -16.4566784, 22.419939 ], [ -16.4493484, 22.4373207 ], [ -16.450613, 22.459362 ], [ -16.4403152, 22.4769459 ], [ -16.4358864, 22.5003147 ], [ -16.4283123, 22.5167732 ], [ -16.4245644, 22.5211029 ], [ -16.4232121, 22.5220318 ], [ -16.3942127, 22.541954 ], [ -16.3773212, 22.5507565 ], [ -16.3673229, 22.5619144 ], [ -16.3597851, 22.5740089 ], [ -16.3584957, 22.5790462 ], [ -16.3590851, 22.5937366 ], [ -16.355442, 22.611372 ], [ -16.3531723, 22.619463 ], [ -16.3510761, 22.626936 ], [ -16.3416939, 22.6493397 ], [ -16.3428841, 22.6537094 ], [ -16.3477669, 22.6597176 ], [ -16.3411522, 22.6773262 ], [ -16.3397408, 22.6843452 ], [ -16.3388042, 22.6890068 ], [ -16.3391972, 22.6986465 ], [ -16.3446865, 22.7175083 ], [ -16.3398666, 22.7289371 ], [ -16.3336391, 22.7564125 ], [ -16.3263912, 22.7634602 ], [ -16.3292713, 22.7717457 ], [ -16.3227768, 22.777422 ], [ -16.3108826, 22.800024 ], [ -16.3104, 22.8009415 ], [ -16.2951241, 22.8175488 ], [ -16.2890701, 22.8280449 ], [ -16.2872105, 22.8397293 ], [ -16.2893391, 22.8489246 ], [ -16.2969952, 22.8505993 ], [ -16.3001728, 22.8542995 ], [ -16.3015957, 22.8600464 ], [ -16.2997971, 22.8662243 ], [ -16.2866459, 22.8915672 ], [ -16.2860165, 22.9039497 ], [ -16.282793, 22.9041481 ], [ -16.2812557, 22.902277 ], [ -16.2759514, 22.8958263 ], [ -16.2712421, 22.8962421 ], [ -16.2567844, 22.9048252 ], [ -16.2433872, 22.906992 ], [ -16.2128143, 22.9167938 ], [ -16.1798, 22.9444599 ], [ -16.1707535, 22.9556103 ], [ -16.1579399, 22.9708519 ], [ -16.1457901, 22.9927521 ], [ -16.1416969, 23.0034904 ], [ -16.1385174, 23.0208912 ], [ -16.1402779, 23.0397167 ], [ -16.1462288, 23.0604191 ], [ -16.1519642, 23.0720901 ], [ -16.1532516, 23.074707 ], [ -16.1620522, 23.0853462 ], [ -16.1713886, 23.0925465 ], [ -16.1768131, 23.0951233 ], [ -16.1825218, 23.0947208 ], [ -16.1870155, 23.0920124 ], [ -16.1931896, 23.0941353 ], [ -16.2054806, 23.0818691 ], [ -16.2069416, 23.084177 ], [ -16.2008705, 23.0946693 ], [ -16.1868553, 23.1273289 ], [ -16.1793308, 23.134594 ], [ -16.1656151, 23.1411114 ], [ -16.1608562, 23.1449623 ], [ -16.1514988, 23.1602345 ], [ -16.1253986, 23.1856594 ], [ -16.117054, 23.1986465 ], [ -16.1119633, 23.2093716 ], [ -16.1137485, 23.2259007 ], [ -16.1129284, 23.2323132 ], [ -16.1107903, 23.2353249 ], [ -16.0967674, 23.2550793 ], [ -16.0829277, 23.2705307 ], [ -16.0717869, 23.2883015 ], [ -16.0576706, 23.3053513 ], [ -16.0558414, 23.3126698 ], [ -16.0596218, 23.3283005 ], [ -16.0588093, 23.3337955 ], [ -16.0490589, 23.3389683 ], [ -16.0483303, 23.3396416 ], [ -16.0299625, 23.3566513 ], [ -16.0199757, 23.360672 ], [ -16.0139503, 23.3656521 ], [ -16.0003281, 23.3820133 ], [ -15.9858761, 23.4047852 ], [ -15.9743824, 23.4289627 ], [ -15.9686489, 23.4387283 ], [ -15.9565916, 23.459259 ], [ -15.9524384, 23.4727402 ], [ -15.9528513, 23.4791641 ], [ -15.9555407, 23.4826317 ], [ -15.9614611, 23.4861355 ], [ -15.9646358, 23.4905262 ], [ -15.9635782, 23.4953289 ], [ -15.9657583, 23.4997082 ], [ -15.9729319, 23.5025387 ], [ -15.9738932, 23.5050697 ], [ -15.9723482, 23.5091782 ], [ -15.9680691, 23.513258 ], [ -15.9410839, 23.5232792 ], [ -15.934598, 23.5310135 ], [ -15.9287052, 23.5380421 ], [ -15.9192734, 23.5553589 ], [ -15.9152365, 23.5596676 ], [ -15.901989, 23.5645618 ], [ -15.8947611, 23.5841942 ], [ -15.8858204, 23.6015129 ], [ -15.8754473, 23.6142311 ], [ -15.876358, 23.62043 ], [ -15.8745604, 23.6245346 ], [ -15.8623667, 23.6298637 ], [ -15.8570185, 23.6337318 ], [ -15.8501301, 23.6460304 ], [ -15.8418274, 23.6525803 ], [ -15.8384914, 23.6598759 ], [ -15.8324232, 23.6666832 ], [ -15.8204689, 23.6851082 ], [ -15.812932, 23.6900616 ], [ -15.8004684, 23.7089367 ], [ -15.7932787, 23.7244377 ], [ -15.7939901, 23.726965 ], [ -15.8005018, 23.7242928 ], [ -15.801136, 23.725132 ], [ -15.8017225, 23.7259121 ], [ -15.7866211, 23.737421 ], [ -15.7767305, 23.7499084 ], [ -15.7472649, 23.7729301 ], [ -15.7432013, 23.7783794 ], [ -15.7364864, 23.7947979 ], [ -15.730114, 23.8048038 ], [ -15.7253113, 23.809557 ], [ -15.7122259, 23.8162251 ], [ -15.711256, 23.8167191 ], [ -15.7079096, 23.8240108 ], [ -15.7098265, 23.8290768 ], [ -15.7137871, 23.8309574 ], [ -15.7182741, 23.8307838 ], [ -15.7265244, 23.8288231 ], [ -15.7390928, 23.8211842 ], [ -15.7423248, 23.821682 ], [ -15.7417469, 23.8271751 ], [ -15.7297792, 23.8618584 ], [ -15.7126513, 23.8951721 ], [ -15.7123356, 23.8957882 ], [ -15.7380333, 23.9112244 ], [ -15.7449884, 23.9129124 ], [ -15.7499933, 23.9115982 ], [ -15.7643261, 23.8856487 ], [ -15.7694044, 23.8790646 ], [ -15.7723885, 23.8795586 ], [ -15.7742109, 23.8914967 ], [ -15.7661839, 23.9124794 ] ], [ [ -12.5960665, 7.6381989 ], [ -12.5849915, 7.637125 ], [ -12.5732555, 7.6238132 ], [ -12.5721064, 7.6203699 ], [ -12.5803928, 7.6173882 ], [ -12.5886803, 7.6121101 ], [ -12.5955858, 7.6056862 ], [ -12.5959949, 7.5988259 ], [ -12.5975256, 7.5983877 ], [ -12.6018019, 7.601326 ], [ -12.6066341, 7.6091299 ], [ -12.6112366, 7.6086712 ], [ -12.6126165, 7.6049991 ], [ -12.6121597, 7.599721 ], [ -12.6073685, 7.599473 ], [ -12.6056175, 7.601655 ], [ -12.5995016, 7.5942111 ], [ -12.5966501, 7.5944629 ], [ -12.5923653, 7.5988002 ], [ -12.5907469, 7.6058078 ], [ -12.589653, 7.6071181 ], [ -12.5873003, 7.606832 ], [ -12.5854597, 7.6033902 ], [ -12.5905256, 7.5919151 ], [ -12.5891457, 7.5873251 ], [ -12.5859241, 7.5857182 ], [ -12.5798092, 7.5857482 ], [ -12.5809031, 7.587492 ], [ -12.5850582, 7.5881443 ], [ -12.5873032, 7.5912261 ], [ -12.581316, 7.6047649 ], [ -12.5677347, 7.6118779 ], [ -12.5557661, 7.6125641 ], [ -12.5424175, 7.610496 ], [ -12.53022, 7.603838 ], [ -12.5263081, 7.6040659 ], [ -12.5151014, 7.5955968 ], [ -12.5035267, 7.5868483 ], [ -12.4975452, 7.580421 ], [ -12.4982357, 7.5785851 ], [ -12.4908733, 7.5714679 ], [ -12.4892635, 7.5671072 ], [ -12.4970932, 7.553339 ], [ -12.502388, 7.5496678 ], [ -12.5051498, 7.5505867 ], [ -12.514122, 7.5627542 ], [ -12.5203352, 7.5643611 ], [ -12.5304623, 7.561151 ], [ -12.535758, 7.555644 ], [ -12.5401335, 7.54807 ], [ -12.5451956, 7.5476122 ], [ -12.5481873, 7.5505958 ], [ -12.5514088, 7.5505972 ], [ -12.553483, 7.5404992 ], [ -12.552104, 7.5349898 ], [ -12.5498028, 7.533154 ], [ -12.5472698, 7.5384331 ], [ -12.539444, 7.5409551 ], [ -12.5373726, 7.5430198 ], [ -12.5309248, 7.5549541 ], [ -12.5274715, 7.554493 ], [ -12.521718, 7.5593128 ], [ -12.5138931, 7.5574741 ], [ -12.5120277, 7.5508509 ], [ -12.5118237, 7.5501289 ], [ -12.4964094, 7.5324531 ], [ -12.4948025, 7.5241899 ], [ -12.4954939, 7.517993 ], [ -12.4925051, 7.5101891 ], [ -12.4943485, 7.5023861 ], [ -12.4991837, 7.4936638 ], [ -12.5095425, 7.485404 ], [ -12.5249662, 7.4679642 ], [ -12.5279608, 7.4569459 ], [ -12.5289507, 7.4438052 ], [ -12.5305023, 7.4232039 ], [ -12.5291243, 7.412416 ], [ -12.5266991, 7.4056339 ], [ -12.5256758, 7.4027729 ], [ -12.5268288, 7.3931332 ], [ -12.5369539, 7.3903799 ], [ -12.5514507, 7.3901529 ], [ -12.5661764, 7.3933702 ], [ -12.5677862, 7.3975029 ], [ -12.5699501, 7.409493 ], [ -12.5642643, 7.402297 ], [ -12.5620317, 7.407372 ], [ -12.5614595, 7.4107943 ], [ -12.5599585, 7.4197669 ], [ -12.5604153, 7.4289489 ], [ -12.5663958, 7.4411159 ], [ -12.5742168, 7.4516759 ], [ -12.5843401, 7.459712 ], [ -12.6045895, 7.4716501 ], [ -12.6464491, 7.4881139 ], [ -12.683979, 7.502872 ], [ -12.7242517, 7.5161839 ], [ -12.7465754, 7.5221519 ], [ -12.7606144, 7.5239868 ], [ -12.7667255, 7.5262032 ], [ -12.7808666, 7.5313301 ], [ -12.8128567, 7.53936 ], [ -12.8298883, 7.545784 ], [ -12.8884087, 7.560308 ], [ -12.8917999, 7.5611501 ], [ -12.9334593, 7.5691719 ], [ -12.9474983, 7.5698571 ], [ -12.9511814, 7.5714622 ], [ -12.9410563, 7.5790391 ], [ -12.919651, 7.57652 ], [ -12.9033098, 7.5779009 ], [ -12.8918018, 7.5746908 ], [ -12.8964071, 7.5827222 ], [ -12.906764, 7.584785 ], [ -12.9122877, 7.5899239 ], [ -12.9136696, 7.5912099 ], [ -12.9058466, 7.6013103 ], [ -12.8653393, 7.6176119 ], [ -12.8501482, 7.6180739 ], [ -12.8368216, 7.6158619 ], [ -12.8335762, 7.615324 ], [ -12.8202276, 7.6228991 ], [ -12.8144732, 7.6233578 ], [ -12.8100996, 7.6203752 ], [ -12.8038855, 7.6203761 ], [ -12.7988195, 7.6256547 ], [ -12.7870827, 7.6300159 ], [ -12.7477245, 7.6247411 ], [ -12.7265491, 7.6277251 ], [ -12.7207947, 7.627265 ], [ -12.7182627, 7.6242828 ], [ -12.7044516, 7.630249 ], [ -12.7007685, 7.6297898 ], [ -12.6920223, 7.636446 ], [ -12.6807442, 7.6382809 ], [ -12.6572666, 7.635756 ], [ -12.6252718, 7.6410313 ], [ -12.5960665, 7.6381989 ] ], [ [ -16.0820389, 11.019496 ], [ -16.0880394, 11.016407 ], [ -16.0931568, 11.0160933 ], [ -16.0992603, 11.0189848 ], [ -16.1079979, 11.0262041 ], [ -16.1189919, 11.0292444 ], [ -16.13204, 11.0297203 ], [ -16.1367474, 11.0326338 ], [ -16.1390076, 11.037219 ], [ -16.1401234, 11.0394802 ], [ -16.142662, 11.0518608 ], [ -16.1445789, 11.0550499 ], [ -16.1466446, 11.0531759 ], [ -16.1488705, 11.0471573 ], [ -16.1489582, 11.0386438 ], [ -16.1522884, 11.0291567 ], [ -16.1519623, 11.0236416 ], [ -16.153307, 11.020628 ], [ -16.1574383, 11.0171089 ], [ -16.1616249, 11.0168095 ], [ -16.1755657, 11.0241623 ], [ -16.1806564, 11.0268469 ], [ -16.1906509, 11.0257607 ], [ -16.2033997, 11.0359001 ], [ -16.2127972, 11.0408039 ], [ -16.2248611, 11.0516443 ], [ -16.2308502, 11.0612068 ], [ -16.2479248, 11.0788641 ], [ -16.2511234, 11.0887022 ], [ -16.2503281, 11.0965376 ], [ -16.2469749, 11.1046467 ], [ -16.2432213, 11.1086073 ], [ -16.2398853, 11.1121283 ], [ -16.2154541, 11.1270313 ], [ -16.1969318, 11.1335526 ], [ -16.1929722, 11.1336184 ], [ -16.192009, 11.131794 ], [ -16.2079086, 11.1082935 ], [ -16.2029991, 11.1072245 ], [ -16.1979237, 11.1100702 ], [ -16.1844902, 11.1280079 ], [ -16.1815662, 11.1340389 ], [ -16.1800537, 11.1409655 ], [ -16.1813126, 11.1464663 ], [ -16.1797371, 11.1497126 ], [ -16.1836033, 11.1577005 ], [ -16.1818695, 11.1653214 ], [ -16.1772671, 11.1686192 ], [ -16.1656895, 11.1727219 ], [ -16.1490955, 11.1833487 ], [ -16.1354084, 11.1867952 ], [ -16.1317406, 11.1903067 ], [ -16.1272774, 11.2018833 ], [ -16.1236248, 11.2063141 ], [ -16.1187687, 11.2084637 ], [ -16.1057281, 11.2035608 ], [ -16.1035252, 11.2027321 ], [ -16.0867786, 11.2043848 ], [ -16.0775814, 11.1978626 ], [ -16.0686722, 11.1945562 ], [ -16.0658035, 11.1902313 ], [ -16.0654793, 11.1847153 ], [ -16.0702267, 11.1761255 ], [ -16.0764675, 11.1592302 ], [ -16.072567, 11.148941 ], [ -16.0717335, 11.1409035 ], [ -16.0737324, 11.1351175 ], [ -16.0858459, 11.1351519 ], [ -16.088583, 11.1316566 ], [ -16.0866642, 11.1284666 ], [ -16.0839729, 11.1266546 ], [ -16.0826607, 11.1257725 ], [ -16.0637665, 11.1242371 ], [ -16.0593586, 11.1252289 ], [ -16.0546818, 11.1241541 ], [ -16.0506573, 11.1203079 ], [ -16.0489159, 11.1136646 ], [ -16.0502586, 11.1104221 ], [ -16.0553551, 11.1087294 ], [ -16.0621319, 11.1100006 ], [ -16.0643978, 11.1062832 ], [ -16.056385, 11.1006613 ], [ -16.0483227, 11.0920486 ], [ -16.0496922, 11.090416 ], [ -16.0497456, 11.0796032 ], [ -16.0526485, 11.0721941 ], [ -16.0616055, 11.0646877 ], [ -16.0722885, 11.0629044 ], [ -16.0760651, 11.0632944 ], [ -16.0854378, 11.0585098 ], [ -16.076313, 11.0529461 ], [ -16.0734234, 11.0472422 ], [ -16.0645695, 11.0469255 ], [ -16.0618935, 11.0400677 ], [ -16.0634727, 11.0370502 ], [ -16.0745068, 11.0285902 ], [ -16.0820389, 11.019496 ] ], [ [ -15.0474186, 10.9193802 ], [ -15.0356293, 10.9220886 ], [ -15.0304775, 10.9232731 ], [ -15.0239623, 10.9259565 ], [ -15.0175609, 10.9287397 ], [ -15.0136645, 10.9323578 ], [ -15.0092114, 10.9393158 ], [ -15.0061499, 10.948222 ], [ -15.0014315, 10.951767 ], [ -15.0, 10.9531736 ], [ -14.9941821, 10.9549017 ], [ -14.9852759, 10.9615813 ], [ -14.9694118, 10.9671477 ], [ -14.9613094, 10.974966 ], [ -14.9543276, 10.9750519 ], [ -14.9336395, 10.958971 ], [ -14.9247093, 10.952178 ], [ -14.9168997, 10.9419212 ], [ -14.9115009, 10.9383059 ], [ -14.9053535, 10.930789 ], [ -14.9046087, 10.9268885 ], [ -14.923069, 10.8956099 ], [ -14.9333782, 10.8826027 ], [ -14.943284, 10.8746614 ], [ -14.9453173, 10.8698053 ], [ -14.949439, 10.8639631 ], [ -14.953167, 10.8615704 ], [ -14.9586382, 10.863204 ], [ -14.9620829, 10.8668795 ], [ -14.9666595, 10.8828869 ], [ -14.9704342, 10.886981 ], [ -14.9737225, 10.8872252 ], [ -14.9764376, 10.8868637 ], [ -14.9777679, 10.8838282 ], [ -14.9715672, 10.8751535 ], [ -14.9708815, 10.8671923 ], [ -14.9718237, 10.860219 ], [ -14.9713688, 10.8595724 ], [ -14.9676933, 10.8543501 ], [ -14.9657297, 10.846323 ], [ -14.9677887, 10.8435383 ], [ -14.9635897, 10.8426685 ], [ -14.9618998, 10.8378592 ], [ -14.9641819, 10.8343802 ], [ -14.9720221, 10.835475 ], [ -14.978878, 10.8244839 ], [ -14.9744368, 10.8174629 ], [ -14.9604416, 10.8146439 ], [ -14.9629393, 10.809783 ], [ -14.9612913, 10.8081932 ], [ -14.9568892, 10.8096275 ], [ -14.9538298, 10.8069038 ], [ -14.948698, 10.8058167 ], [ -14.9413681, 10.7964745 ], [ -14.9417725, 10.7916393 ], [ -14.9518471, 10.7788649 ], [ -14.9529343, 10.772871 ], [ -14.9629297, 10.7722883 ], [ -14.9699345, 10.7742729 ], [ -14.9822454, 10.7729712 ], [ -14.9964466, 10.7749805 ], [ -15.0, 10.7755098 ], [ -15.0146389, 10.7776308 ], [ -15.0148892, 10.7777672 ], [ -15.0216665, 10.7814531 ], [ -15.0320196, 10.7905235 ], [ -15.050621, 10.8124857 ], [ -15.072896, 10.8387775 ], [ -15.0785637, 10.8451462 ], [ -15.0845156, 10.855423 ], [ -15.086256, 10.8639116 ], [ -15.0849047, 10.8694124 ], [ -15.0820589, 10.8809872 ], [ -15.0779905, 10.8902407 ], [ -15.0678682, 10.8991089 ], [ -15.0669794, 10.9023418 ], [ -15.0628481, 10.906764 ], [ -15.0589161, 10.9086542 ], [ -15.0474186, 10.9193802 ] ], [ [ -16.059679, 11.8826103 ], [ -16.0354691, 11.8876019 ], [ -16.0328808, 11.8864927 ], [ -16.0249386, 11.8765554 ], [ -16.0207157, 11.8712721 ], [ -16.0179367, 11.8726978 ], [ -16.0194225, 11.8777351 ], [ -16.0253944, 11.8856936 ], [ -16.0254555, 11.8893728 ], [ -16.0231533, 11.8914785 ], [ -16.0090733, 11.8875637 ], [ -15.9969187, 11.8870668 ], [ -15.9949522, 11.8811169 ], [ -16.0003395, 11.8712378 ], [ -16.0069847, 11.860218 ], [ -16.0103321, 11.8507319 ], [ -16.0111046, 11.8410568 ], [ -16.0228176, 11.8291359 ], [ -16.028904, 11.8159246 ], [ -16.0318604, 11.7972403 ], [ -16.0403442, 11.7738686 ], [ -16.050209, 11.7633553 ], [ -16.0542221, 11.7606907 ], [ -16.0548267, 11.7602901 ], [ -16.059021, 11.7597618 ], [ -16.0779934, 11.7633667 ], [ -16.0902786, 11.7581062 ], [ -16.0970345, 11.7573061 ], [ -16.0987244, 11.760499 ], [ -16.0986881, 11.772233 ], [ -16.1010742, 11.7751865 ], [ -16.1149864, 11.7832413 ], [ -16.1310673, 11.7951727 ], [ -16.1479015, 11.8100805 ], [ -16.1504612, 11.8095779 ], [ -16.152422, 11.8073578 ], [ -16.1460629, 11.7981472 ], [ -16.1481247, 11.7958136 ], [ -16.1565838, 11.7988939 ], [ -16.1633205, 11.8105164 ], [ -16.1660709, 11.8210545 ], [ -16.1650524, 11.829814 ], [ -16.1691875, 11.8529835 ], [ -16.1668587, 11.8670568 ], [ -16.1609154, 11.8745174 ], [ -16.1539135, 11.8748627 ], [ -16.1459236, 11.8720055 ], [ -16.1383591, 11.8735933 ], [ -16.1340523, 11.8744984 ], [ -16.1275063, 11.8741465 ], [ -16.115181, 11.863534 ], [ -16.104187, 11.8625631 ], [ -16.0921497, 11.8689709 ], [ -16.0793343, 11.8707895 ], [ -16.059679, 11.8826103 ] ], [ [ -16.3632755, 19.8521271 ], [ -16.3581429, 19.8552971 ], [ -16.3510971, 19.855463 ], [ -16.3487053, 19.8517666 ], [ -16.3483124, 19.842802 ], [ -16.3520279, 19.8183479 ], [ -16.3566456, 19.787962 ], [ -16.3591099, 19.7843075 ], [ -16.3642311, 19.7820568 ], [ -16.3681717, 19.776577 ], [ -16.3669968, 19.7726612 ], [ -16.3614368, 19.7703133 ], [ -16.3590565, 19.7656956 ], [ -16.3637505, 19.7576962 ], [ -16.3704796, 19.7163982 ], [ -16.3741932, 19.7034512 ], [ -16.3762646, 19.6962299 ], [ -16.3883095, 19.6807137 ], [ -16.3990536, 19.6493282 ], [ -16.3983707, 19.6447277 ], [ -16.4015884, 19.6383228 ], [ -16.4047718, 19.6351337 ], [ -16.4091473, 19.6342525 ], [ -16.412569, 19.631525 ], [ -16.4168301, 19.6175461 ], [ -16.4202557, 19.6143589 ], [ -16.4225349, 19.6044979 ], [ -16.4284306, 19.5967369 ], [ -16.4318295, 19.5963078 ], [ -16.4356365, 19.6039219 ], [ -16.4360771, 19.6085205 ], [ -16.4387035, 19.6126804 ], [ -16.4440136, 19.6152534 ], [ -16.4458866, 19.6221619 ], [ -16.4443188, 19.6338654 ], [ -16.451416, 19.6525383 ], [ -16.447443, 19.6621552 ], [ -16.4458904, 19.6720219 ], [ -16.4520588, 19.6865482 ], [ -16.4514847, 19.6894016 ], [ -16.4510403, 19.6915951 ], [ -16.4357109, 19.7211037 ], [ -16.4208755, 19.7738228 ], [ -16.4176807, 19.8025169 ], [ -16.4158783, 19.810133 ], [ -16.4146404, 19.8153572 ], [ -16.4112053, 19.8190041 ], [ -16.4043732, 19.8223896 ], [ -16.3987904, 19.8221111 ], [ -16.3896084, 19.8176651 ], [ -16.3746548, 19.8315487 ], [ -16.3667107, 19.848711 ], [ -16.3632755, 19.8521271 ] ], [ [ -15.9119329, 11.4875498 ], [ -15.9114084, 11.4827995 ], [ -15.9132452, 11.4521723 ], [ -15.9153023, 11.4496098 ], [ -15.9206095, 11.4460754 ], [ -15.9340639, 11.4417229 ], [ -15.9414339, 11.4360857 ], [ -15.9525375, 11.4306192 ], [ -15.9634581, 11.4281454 ], [ -15.9669962, 11.4306211 ], [ -15.9678011, 11.4370499 ], [ -15.9750891, 11.4406157 ], [ -15.9851284, 11.4413767 ], [ -15.9904575, 11.4392214 ], [ -15.9927235, 11.4352741 ], [ -15.9952812, 11.4347734 ], [ -16.0029583, 11.4477644 ], [ -16.0064964, 11.4502392 ], [ -16.0157967, 11.4484797 ], [ -16.0171566, 11.4461575 ], [ -16.0132885, 11.4379368 ], [ -16.0136909, 11.4340191 ], [ -16.0206394, 11.4311466 ], [ -16.0309315, 11.433053 ], [ -16.0337028, 11.4313974 ], [ -16.0714359, 11.4427528 ], [ -16.0781574, 11.4495239 ], [ -16.079977, 11.4513569 ], [ -16.0812244, 11.4561682 ], [ -16.0794582, 11.4621782 ], [ -16.0681934, 11.4717941 ], [ -16.0457973, 11.4854994 ], [ -16.0384903, 11.4948196 ], [ -16.035183, 11.5063763 ], [ -16.0306492, 11.5142717 ], [ -16.0267239, 11.5166359 ], [ -16.0113354, 11.5171118 ], [ -16.0012588, 11.5142813 ], [ -15.9942589, 11.514163 ], [ -15.9921837, 11.5149317 ], [ -15.9910135, 11.5153646 ], [ -15.9825363, 11.5247021 ], [ -15.9783545, 11.5256891 ], [ -15.9759531, 11.5215864 ], [ -15.978672, 11.5167112 ], [ -15.9779425, 11.514883 ], [ -15.9739857, 11.5154057 ], [ -15.9707813, 11.5191374 ], [ -15.9651461, 11.5169258 ], [ -15.9587517, 11.5110455 ], [ -15.9457254, 11.5133209 ], [ -15.9439287, 11.5174904 ], [ -15.9373541, 11.5148335 ], [ -15.9313431, 11.5181484 ], [ -15.9262075, 11.5179987 ], [ -15.9189119, 11.5139723 ], [ -15.9141436, 11.5076046 ], [ -15.9119329, 11.4875498 ] ], [ [ -16.3129368, 11.4898119 ], [ -16.3213139, 11.4887505 ], [ -16.3325729, 11.4922371 ], [ -16.3338661, 11.4933834 ], [ -16.342762, 11.5012655 ], [ -16.353775, 11.5040674 ], [ -16.3735886, 11.5032654 ], [ -16.3821526, 11.5125504 ], [ -16.3859882, 11.505352 ], [ -16.3900032, 11.5080433 ], [ -16.3961334, 11.4987345 ], [ -16.403553, 11.4963055 ], [ -16.4096375, 11.4973488 ], [ -16.4127426, 11.5014362 ], [ -16.4195805, 11.518342 ], [ -16.4263592, 11.526083 ], [ -16.4279175, 11.5278597 ], [ -16.429287, 11.5391102 ], [ -16.4088287, 11.5560322 ], [ -16.3947182, 11.5627193 ], [ -16.3795567, 11.5629826 ], [ -16.3722897, 11.5610371 ], [ -16.3654022, 11.5542536 ], [ -16.3552704, 11.5486755 ], [ -16.3394241, 11.5496387 ], [ -16.3292999, 11.5562229 ], [ -16.3230839, 11.5623426 ], [ -16.3174, 11.5707226 ], [ -16.2947502, 11.5961857 ], [ -16.2856693, 11.5972605 ], [ -16.2816677, 11.5952578 ], [ -16.2797356, 11.59161 ], [ -16.2745285, 11.5873261 ], [ -16.2676105, 11.5920448 ], [ -16.2627087, 11.591897 ], [ -16.2577496, 11.5885296 ], [ -16.2528992, 11.5780277 ], [ -16.2566242, 11.5641613 ], [ -16.2558384, 11.5593424 ], [ -16.2487221, 11.5525608 ], [ -16.2484074, 11.5479641 ], [ -16.2509289, 11.5453911 ], [ -16.2567406, 11.5441427 ], [ -16.2704926, 11.5301065 ], [ -16.2770538, 11.5184908 ], [ -16.2794495, 11.5087872 ], [ -16.278326, 11.4979935 ], [ -16.2824383, 11.4930925 ], [ -16.2948704, 11.4970226 ], [ -16.3044472, 11.4977798 ], [ -16.3074532, 11.4963474 ], [ -16.3129368, 11.4898119 ] ], [ [ -15.6640816, 11.308486 ], [ -15.6612778, 11.3080673 ], [ -15.6600847, 11.3062439 ], [ -15.6622362, 11.2944794 ], [ -15.6600285, 11.2873802 ], [ -15.6615763, 11.2818356 ], [ -15.6670275, 11.2725534 ], [ -15.6678476, 11.2651796 ], [ -15.6649675, 11.2596998 ], [ -15.6638842, 11.2498236 ], [ -15.668273, 11.2320442 ], [ -15.6717043, 11.2278528 ], [ -15.6742773, 11.2285051 ], [ -15.6751862, 11.2300224 ], [ -15.6771469, 11.2332935 ], [ -15.6792116, 11.246376 ], [ -15.6818342, 11.250248 ], [ -15.6905327, 11.2551813 ], [ -15.6934729, 11.2645693 ], [ -15.6984158, 11.2677164 ], [ -15.6997433, 11.2630959 ], [ -15.6938314, 11.2424784 ], [ -15.7037077, 11.2179451 ], [ -15.7094746, 11.214179 ], [ -15.7138863, 11.2131929 ], [ -15.7176628, 11.2163572 ], [ -15.7232323, 11.2252121 ], [ -15.7241135, 11.226613 ], [ -15.7285461, 11.2270069 ], [ -15.7317305, 11.2218981 ], [ -15.7366362, 11.222744 ], [ -15.7374706, 11.2165203 ], [ -15.7329197, 11.2085371 ], [ -15.7278414, 11.2116032 ], [ -15.7257462, 11.196681 ], [ -15.7313051, 11.179574 ], [ -15.7344952, 11.1749249 ], [ -15.7379637, 11.1732626 ], [ -15.7440548, 11.1754713 ], [ -15.7502718, 11.1707764 ], [ -15.7573423, 11.1759605 ], [ -15.7610397, 11.1740646 ], [ -15.7710934, 11.1614904 ], [ -15.7736378, 11.1603012 ], [ -15.7797613, 11.1645794 ], [ -15.7828941, 11.1712036 ], [ -15.7823286, 11.1797237 ], [ -15.7877712, 11.1998863 ], [ -15.7869053, 11.2040405 ], [ -15.7830248, 11.2091608 ], [ -15.7786055, 11.2096882 ], [ -15.7725058, 11.2070198 ], [ -15.76999, 11.2100487 ], [ -15.7712955, 11.2190008 ], [ -15.7665119, 11.225975 ], [ -15.7667732, 11.2278118 ], [ -15.7762814, 11.2249069 ], [ -15.7819052, 11.2268925 ], [ -15.7840738, 11.2314606 ], [ -15.7836657, 11.2351484 ], [ -15.7816916, 11.2373409 ], [ -15.7710686, 11.2491426 ], [ -15.7604456, 11.2552843 ], [ -15.7567892, 11.2599411 ], [ -15.7620411, 11.2679138 ], [ -15.761611, 11.2702208 ], [ -15.7588654, 11.2734833 ], [ -15.7496061, 11.2775335 ], [ -15.733798, 11.2800713 ], [ -15.7289705, 11.2845154 ], [ -15.7214861, 11.2977409 ], [ -15.715291, 11.3040447 ], [ -15.7088156, 11.3073626 ], [ -15.6973934, 11.3073025 ], [ -15.6956568, 11.3066578 ], [ -15.683095, 11.3019934 ], [ -15.6767883, 11.3011665 ], [ -15.6640816, 11.308486 ] ], [ [ -15.9334717, 11.1905022 ], [ -15.9258842, 11.1823397 ], [ -15.9158106, 11.1645527 ], [ -15.9114399, 11.1535788 ], [ -15.9111328, 11.148982 ], [ -15.9023895, 11.1412973 ], [ -15.9002113, 11.1362696 ], [ -15.9039326, 11.1214876 ], [ -15.9025745, 11.1095467 ], [ -15.9054022, 11.0970793 ], [ -15.9027681, 11.0846519 ], [ -15.8985443, 11.076251 ], [ -15.8887691, 11.0621405 ], [ -15.8904982, 11.0538321 ], [ -15.894393, 11.04986 ], [ -15.8990974, 11.0527773 ], [ -15.9114847, 11.0555744 ], [ -15.9293518, 11.0516138 ], [ -15.9364529, 11.046917 ], [ -15.9486551, 11.0501595 ], [ -15.9630423, 11.0514584 ], [ -15.9673557, 11.0544643 ], [ -15.9783049, 11.0547504 ], [ -15.9834642, 11.0569696 ], [ -15.9860859, 11.0606089 ], [ -15.9856691, 11.0636053 ], [ -15.9795341, 11.0729055 ], [ -15.9670677, 11.079545 ], [ -15.9582691, 11.082675 ], [ -15.9549828, 11.0811167 ], [ -15.9521999, 11.081851 ], [ -15.9457932, 11.0888529 ], [ -15.9413815, 11.089613 ], [ -15.9308729, 11.0879374 ], [ -15.9289007, 11.095561 ], [ -15.9329185, 11.0991783 ], [ -15.9506149, 11.0988998 ], [ -15.9591179, 11.0918636 ], [ -15.9648933, 11.0890121 ], [ -15.9702377, 11.0882368 ], [ -15.9712372, 11.0923615 ], [ -15.9693785, 11.106885 ], [ -15.9674692, 11.1090889 ], [ -15.9520025, 11.1269445 ], [ -15.9534512, 11.1299124 ], [ -15.9583855, 11.1325951 ], [ -15.9653168, 11.1432981 ], [ -15.9788609, 11.1736813 ], [ -15.9797411, 11.1847115 ], [ -15.9734497, 11.198844 ], [ -15.9700012, 11.2016592 ], [ -15.9648895, 11.2026606 ], [ -15.9539137, 11.2009935 ], [ -15.9528456, 11.2004452 ], [ -15.9334717, 11.1905022 ] ], [ [ -16.3284912, 11.8539867 ], [ -16.3394699, 11.8540297 ], [ -16.3441734, 11.8557892 ], [ -16.343071, 11.8594894 ], [ -16.3349438, 11.8621597 ], [ -16.3255367, 11.8717537 ], [ -16.3209152, 11.8825798 ], [ -16.3154449, 11.8953934 ], [ -16.3057537, 11.9418039 ], [ -16.3050976, 11.9708042 ], [ -16.3021183, 11.9740763 ], [ -16.2952995, 11.9716606 ], [ -16.2898102, 11.9650822 ], [ -16.2810459, 11.9514408 ], [ -16.2729931, 11.9389076 ], [ -16.2658386, 11.9305153 ], [ -16.2602806, 11.9269238 ], [ -16.2495327, 11.9199762 ], [ -16.2480679, 11.9163198 ], [ -16.2496433, 11.9128428 ], [ -16.2567768, 11.9067411 ], [ -16.2597218, 11.9013996 ], [ -16.2592144, 11.899107 ], [ -16.2552395, 11.8989439 ], [ -16.2487698, 11.9029636 ], [ -16.2404022, 11.905405 ], [ -16.2373581, 11.9049959 ], [ -16.2335815, 11.9027586 ], [ -16.2169304, 11.8855515 ], [ -16.2124577, 11.8835554 ], [ -16.2007465, 11.8816795 ], [ -16.1867352, 11.8819122 ], [ -16.1850414, 11.8784885 ], [ -16.1856861, 11.8752565 ], [ -16.1879787, 11.8726892 ], [ -16.193779, 11.8705215 ], [ -16.2010098, 11.8699417 ], [ -16.2077351, 11.8670683 ], [ -16.2114067, 11.8633261 ], [ -16.212204, 11.8600245 ], [ -16.2138042, 11.8533955 ], [ -16.2174606, 11.848731 ], [ -16.2353096, 11.8410702 ], [ -16.240921, 11.8414354 ], [ -16.2470436, 11.8443241 ], [ -16.2535858, 11.8444443 ], [ -16.2591324, 11.8411293 ], [ -16.2614079, 11.8408871 ], [ -16.2642612, 11.8405828 ], [ -16.2805786, 11.8520412 ], [ -16.2916164, 11.8555365 ], [ -16.3044624, 11.855547 ], [ -16.3155518, 11.8486862 ], [ -16.3284912, 11.8539867 ] ], [ [ -16.1668396, 11.2944069 ], [ -16.1616745, 11.2786179 ], [ -16.1543236, 11.2711468 ], [ -16.1532974, 11.2656422 ], [ -16.1704388, 11.2460337 ], [ -16.1778069, 11.2408485 ], [ -16.180315, 11.237587 ], [ -16.1829605, 11.2288008 ], [ -16.2068672, 11.2233419 ], [ -16.2284641, 11.2201643 ], [ -16.2545128, 11.2163305 ], [ -16.2628078, 11.2242422 ], [ -16.2748375, 11.2325516 ], [ -16.2828255, 11.2363272 ], [ -16.2919445, 11.2380123 ], [ -16.2936516, 11.2423544 ], [ -16.2918644, 11.2467566 ], [ -16.2854176, 11.2512369 ], [ -16.2826958, 11.2554235 ], [ -16.2730083, 11.2877979 ], [ -16.2724438, 11.2883444 ], [ -16.2686539, 11.2920132 ], [ -16.2544479, 11.2927132 ], [ -16.2454205, 11.2963161 ], [ -16.2415237, 11.3000631 ], [ -16.2370319, 11.3098011 ], [ -16.2314739, 11.311965 ], [ -16.2189026, 11.3128662 ], [ -16.2121258, 11.3118315 ], [ -16.2090569, 11.3095798 ], [ -16.2049046, 11.2986059 ], [ -16.2011528, 11.2972879 ], [ -16.1923485, 11.3004255 ], [ -16.1837311, 11.3007984 ], [ -16.1668396, 11.2944069 ] ], [ [ -15.5287676, 11.6152821 ], [ -15.4897423, 11.6273384 ], [ -15.4844437, 11.6320143 ], [ -15.4779043, 11.6316462 ], [ -15.4731607, 11.626421 ], [ -15.471467, 11.622304 ], [ -15.4741659, 11.6153641 ], [ -15.48248, 11.6094952 ], [ -15.490159, 11.6080055 ], [ -15.4952068, 11.6021843 ], [ -15.4909792, 11.5922861 ], [ -15.4906158, 11.5914354 ], [ -15.4865999, 11.5880413 ], [ -15.4819546, 11.5894871 ], [ -15.4809408, 11.5839806 ], [ -15.4822655, 11.5788994 ], [ -15.4741964, 11.569581 ], [ -15.4829063, 11.5588751 ], [ -15.4861345, 11.5562992 ], [ -15.4961109, 11.5524769 ], [ -15.5007887, 11.5533314 ], [ -15.5055084, 11.5569458 ], [ -15.507905, 11.5612822 ], [ -15.5158815, 11.5643902 ], [ -15.522603, 11.5613041 ], [ -15.526926, 11.5538807 ], [ -15.5363665, 11.5454655 ], [ -15.5410061, 11.543787 ], [ -15.5476103, 11.5457439 ], [ -15.5595179, 11.5492725 ], [ -15.5624704, 11.5439405 ], [ -15.5587902, 11.5317984 ], [ -15.5488691, 11.523428 ], [ -15.5466843, 11.5177078 ], [ -15.5500975, 11.5119076 ], [ -15.5665312, 11.5033894 ], [ -15.5766068, 11.506465 ], [ -15.5853252, 11.5123215 ], [ -15.6090345, 11.5223303 ], [ -15.6142206, 11.5234137 ], [ -15.6244793, 11.5255585 ], [ -15.6336727, 11.5318632 ], [ -15.6330709, 11.5383139 ], [ -15.6195612, 11.5396614 ], [ -15.6151953, 11.5440969 ], [ -15.6116972, 11.5441465 ], [ -15.6044731, 11.5601273 ], [ -15.5977602, 11.5636759 ], [ -15.5923147, 11.5738773 ], [ -15.5869913, 11.5767155 ], [ -15.5745907, 11.5743637 ], [ -15.5638676, 11.5749779 ], [ -15.5606461, 11.5780153 ], [ -15.5578938, 11.5829868 ], [ -15.5517855, 11.594017 ], [ -15.5430555, 11.6058617 ], [ -15.5405903, 11.6100512 ], [ -15.5287676, 11.6152821 ] ], [ [ -15.9922619, 11.2093573 ], [ -15.9857321, 11.2090015 ], [ -15.9831095, 11.2053614 ], [ -15.9840736, 11.2019787 ], [ -15.9894972, 11.1829443 ], [ -15.9886475, 11.1737556 ], [ -15.9816017, 11.1561527 ], [ -15.9761343, 11.1353045 ], [ -15.9767447, 11.1157408 ], [ -15.9807806, 11.1062441 ], [ -15.9846563, 11.1011209 ], [ -15.9875622, 11.0937128 ], [ -15.9965696, 11.0845232 ], [ -16.0093212, 11.0715103 ], [ -16.0153408, 11.0693436 ], [ -16.0251446, 11.070797 ], [ -16.0287132, 11.0753403 ], [ -16.0319996, 11.0768995 ], [ -16.0351257, 11.0828295 ], [ -16.0371418, 11.0919991 ], [ -16.0365887, 11.10075 ], [ -16.0333939, 11.1047115 ], [ -16.0271568, 11.1218367 ], [ -16.0237141, 11.1248827 ], [ -16.0196362, 11.1318502 ], [ -16.0172348, 11.141551 ], [ -16.0203495, 11.1467924 ], [ -16.0258827, 11.1432524 ], [ -16.0295048, 11.1369829 ], [ -16.0294399, 11.1330729 ], [ -16.0349255, 11.1267729 ], [ -16.0437946, 11.1277809 ], [ -16.0452442, 11.1309786 ], [ -16.0487728, 11.1329918 ], [ -16.0566139, 11.1422977 ], [ -16.0614605, 11.1526051 ], [ -16.0653114, 11.1607914 ], [ -16.0628567, 11.1672745 ], [ -16.0566444, 11.1719751 ], [ -16.0569439, 11.1758814 ], [ -16.0549469, 11.1818953 ], [ -16.0423927, 11.1975117 ], [ -16.0346565, 11.1946449 ], [ -16.0309601, 11.1965456 ], [ -16.0259743, 11.2049074 ], [ -16.0222855, 11.2072668 ], [ -16.011261, 11.2028427 ], [ -15.9973335, 11.2060556 ], [ -15.9922619, 11.2093573 ] ], [ [ -16.2803593, 11.4411306 ], [ -16.2989826, 11.4392033 ], [ -16.3060284, 11.4420748 ], [ -16.3077221, 11.4446754 ], [ -16.309267, 11.4537535 ], [ -16.3074799, 11.4581556 ], [ -16.3001595, 11.4663324 ], [ -16.2971458, 11.4685278 ], [ -16.2865734, 11.4762268 ], [ -16.2699261, 11.484561 ], [ -16.2429085, 11.513545 ], [ -16.2343483, 11.5176001 ], [ -16.2280731, 11.518856 ], [ -16.2211514, 11.5233431 ], [ -16.2177658, 11.5232658 ], [ -16.2153187, 11.5232105 ], [ -16.2103767, 11.5207605 ], [ -16.2043056, 11.5204039 ], [ -16.1989651, 11.5218735 ], [ -16.1816216, 11.530674 ], [ -16.1764126, 11.5397329 ], [ -16.1733913, 11.5404739 ], [ -16.169632, 11.5389252 ], [ -16.1686249, 11.5345707 ], [ -16.1701393, 11.5276432 ], [ -16.1767368, 11.5178709 ], [ -16.1733971, 11.4999809 ], [ -16.175415, 11.4953451 ], [ -16.1880932, 11.4805422 ], [ -16.1910419, 11.4770985 ], [ -16.2039948, 11.4619703 ], [ -16.2148628, 11.4564972 ], [ -16.2175007, 11.4472504 ], [ -16.2202587, 11.4449034 ], [ -16.2237873, 11.4466848 ], [ -16.2310181, 11.4467936 ], [ -16.2400589, 11.4436512 ], [ -16.2500648, 11.4423323 ], [ -16.2568932, 11.4461288 ], [ -16.2634449, 11.4473982 ], [ -16.267868, 11.4467487 ], [ -16.2722855, 11.4460983 ], [ -16.2803593, 11.4411306 ] ], [ [ -15.9039326, 11.2079897 ], [ -15.9099178, 11.2322826 ], [ -15.9098635, 11.2337685 ], [ -15.9097557, 11.2366562 ], [ -15.8733702, 11.2926674 ], [ -15.8635349, 11.3043222 ], [ -15.8535881, 11.3090773 ], [ -15.8470345, 11.3073387 ], [ -15.8350506, 11.3013105 ], [ -15.8279362, 11.2935982 ], [ -15.8277435, 11.2930584 ], [ -15.8264723, 11.2894793 ], [ -15.8275642, 11.2848616 ], [ -15.8314514, 11.2802 ], [ -15.8360825, 11.2782888 ], [ -15.840909, 11.2593498 ], [ -15.8427048, 11.2404575 ], [ -15.8445024, 11.2362881 ], [ -15.8475084, 11.2348614 ], [ -15.8490963, 11.2320766 ], [ -15.8499546, 11.2274618 ], [ -15.8473473, 11.224741 ], [ -15.8405809, 11.2241554 ], [ -15.8389244, 11.2225704 ], [ -15.8369808, 11.2175388 ], [ -15.8387489, 11.2115307 ], [ -15.8463011, 11.2029018 ], [ -15.8511448, 11.1998367 ], [ -15.8620415, 11.1964474 ], [ -15.8694983, 11.1965618 ], [ -15.8749065, 11.1996994 ], [ -15.8798141, 11.2005434 ], [ -15.883049, 11.1988831 ], [ -15.8881779, 11.1990328 ], [ -15.8966188, 11.2023525 ], [ -15.9039326, 11.2079897 ] ], [ [ -15.2515593, 11.0566072 ], [ -15.2453175, 11.0599108 ], [ -15.2327728, 11.0621471 ], [ -15.2272291, 11.0654411 ], [ -15.2170382, 11.0694866 ], [ -15.1914349, 11.0741549 ], [ -15.1742725, 11.0757971 ], [ -15.1716785, 11.0733004 ], [ -15.1694965, 11.0668869 ], [ -15.1710405, 11.0604258 ], [ -15.1735315, 11.0553322 ], [ -15.1795053, 11.0492725 ], [ -15.1983843, 11.0333843 ], [ -15.2066154, 11.022234 ], [ -15.2077131, 11.0173893 ], [ -15.2209358, 10.9967413 ], [ -15.2255478, 10.9934597 ], [ -15.2299728, 10.9936314 ], [ -15.2450438, 11.0060844 ], [ -15.2553415, 11.0100889 ], [ -15.2586489, 11.0134954 ], [ -15.2555332, 11.0238886 ], [ -15.2532272, 11.0255299 ], [ -15.2460175, 11.0260849 ], [ -15.243969, 11.029563 ], [ -15.2477312, 11.0322733 ], [ -15.2595158, 11.0256758 ], [ -15.2637119, 11.0260801 ], [ -15.2663107, 11.0288057 ], [ -15.2670698, 11.0331669 ], [ -15.2643871, 11.041254 ], [ -15.260622, 11.0460711 ], [ -15.2515593, 11.0566072 ] ], [ [ -16.1370621, 11.325037 ], [ -16.1329803, 11.3317757 ], [ -16.1345387, 11.3405132 ], [ -16.1355572, 11.3462276 ], [ -16.1325321, 11.346508 ], [ -16.1300697, 11.3455238 ], [ -16.1247864, 11.3434134 ], [ -16.101923, 11.3424072 ], [ -16.0984993, 11.3409996 ], [ -16.0852928, 11.341176 ], [ -16.0798569, 11.3471375 ], [ -16.074091, 11.3509121 ], [ -16.0655346, 11.3549623 ], [ -16.0587826, 11.3555317 ], [ -16.041399, 11.3615637 ], [ -16.0327911, 11.3626223 ], [ -16.0253887, 11.3521585 ], [ -16.0236816, 11.3475838 ], [ -16.0245323, 11.3439722 ], [ -16.0247707, 11.3429651 ], [ -16.0255241, 11.3419685 ], [ -16.0286484, 11.337841 ], [ -16.0298786, 11.3276987 ], [ -16.0337067, 11.3195848 ], [ -16.0369263, 11.3170023 ], [ -16.0420456, 11.3164597 ], [ -16.0495911, 11.3216295 ], [ -16.0535679, 11.3224859 ], [ -16.0577278, 11.3203478 ], [ -16.0603027, 11.3209963 ], [ -16.0641479, 11.327837 ], [ -16.0697212, 11.3265963 ], [ -16.0715046, 11.3217354 ], [ -16.0792885, 11.3133268 ], [ -16.1053753, 11.2984095 ], [ -16.1160831, 11.2975426 ], [ -16.1205406, 11.2993107 ], [ -16.1298008, 11.3092813 ], [ -16.1370621, 11.325037 ] ], [ [ -15.9778519, 11.5944881 ], [ -15.9555111, 11.6123266 ], [ -15.952693, 11.6112213 ], [ -15.9484615, 11.6041117 ], [ -15.9402161, 11.590251 ], [ -15.9373913, 11.588685 ], [ -15.9268866, 11.5883894 ], [ -15.9227104, 11.5898352 ], [ -15.9218817, 11.5962906 ], [ -15.9167423, 11.595911 ], [ -15.9111757, 11.5835743 ], [ -15.9089346, 11.5748663 ], [ -15.9107409, 11.5702944 ], [ -15.9134169, 11.5635223 ], [ -15.9109993, 11.5582705 ], [ -15.9074516, 11.5553331 ], [ -15.9042969, 11.5477905 ], [ -15.9039888, 11.5431938 ], [ -15.9061995, 11.5355673 ], [ -15.9108038, 11.5318136 ], [ -15.9196138, 11.5284557 ], [ -15.9247484, 11.5286055 ], [ -15.9267769, 11.5299025 ], [ -15.9433708, 11.5405064 ], [ -15.9477186, 11.5458326 ], [ -15.9802742, 11.5857067 ], [ -15.9801207, 11.5905409 ], [ -15.9778519, 11.5944881 ] ], [ [ -14.8968964, 10.8942461 ], [ -14.9013395, 10.8887405 ], [ -14.9020128, 10.8866615 ], [ -14.8992329, 10.8815346 ], [ -14.8947687, 10.8765373 ], [ -14.8876133, 10.8745871 ], [ -14.8852844, 10.8700714 ], [ -14.8877354, 10.8613005 ], [ -14.8866711, 10.850502 ], [ -14.8812456, 10.8445864 ], [ -14.881671, 10.841361 ], [ -14.8876343, 10.8343887 ], [ -14.8909349, 10.8191671 ], [ -14.8976469, 10.8163261 ], [ -14.9034052, 10.811656 ], [ -14.9117966, 10.8129349 ], [ -14.9176464, 10.8156252 ], [ -14.9238625, 10.8288918 ], [ -14.9329805, 10.8324614 ], [ -14.9300184, 10.8375578 ], [ -14.9316168, 10.8433084 ], [ -14.9370871, 10.8630056 ], [ -14.9345808, 10.8671761 ], [ -14.9253693, 10.8748789 ], [ -14.914362, 10.8878937 ], [ -14.9091196, 10.896698 ], [ -14.9064655, 10.9080019 ], [ -14.901906, 10.9154177 ], [ -14.8963776, 10.920085 ], [ -14.8893681, 10.9178686 ], [ -14.8869019, 10.9066267 ], [ -14.8968964, 10.8942461 ] ], [ [ -15.6666889, 11.5062981 ], [ -15.6652126, 11.5044832 ], [ -15.6739225, 11.494462 ], [ -15.6689301, 11.4883242 ], [ -15.6630373, 11.4842691 ], [ -15.6644049, 11.4821787 ], [ -15.6643295, 11.4773483 ], [ -15.6591644, 11.4751234 ], [ -15.6544361, 11.4708223 ], [ -15.6525068, 11.4667091 ], [ -15.6538572, 11.4634686 ], [ -15.6629438, 11.4628744 ], [ -15.6697655, 11.4515009 ], [ -15.677845, 11.4460897 ], [ -15.6903734, 11.4419928 ], [ -15.7051754, 11.4339514 ], [ -15.7123852, 11.4326925 ], [ -15.7184525, 11.4330645 ], [ -15.7204695, 11.4385376 ], [ -15.7228355, 11.4449635 ], [ -15.7256794, 11.4479094 ], [ -15.7390184, 11.4509306 ], [ -15.7425795, 11.455018 ], [ -15.7412395, 11.4587193 ], [ -15.7370958, 11.4622326 ], [ -15.7326736, 11.462759 ], [ -15.7246056, 11.4688616 ], [ -15.7148619, 11.4722281 ], [ -15.7061415, 11.4813299 ], [ -15.6995592, 11.4931612 ], [ -15.6910505, 11.5011101 ], [ -15.6755114, 11.5068617 ], [ -15.6666889, 11.5062981 ] ], [ [ -16.1310387, 11.4095707 ], [ -16.1203709, 11.4129667 ], [ -16.1111507, 11.4193296 ], [ -16.1009407, 11.4222565 ], [ -16.0846653, 11.4250526 ], [ -16.0762215, 11.4221983 ], [ -16.0706444, 11.4094048 ], [ -16.0706234, 11.4081812 ], [ -16.0703888, 11.3942251 ], [ -16.0719814, 11.3918982 ], [ -16.0754662, 11.3911514 ], [ -16.0780506, 11.3922596 ], [ -16.0851517, 11.3985872 ], [ -16.095871, 11.3981819 ], [ -16.09972, 11.3914471 ], [ -16.1036434, 11.3890829 ], [ -16.1136475, 11.3877687 ], [ -16.1173267, 11.3847179 ], [ -16.1213894, 11.3768291 ], [ -16.1237316, 11.3774815 ], [ -16.1341686, 11.3878927 ], [ -16.1383705, 11.3882837 ], [ -16.1440659, 11.3803682 ], [ -16.1467533, 11.3738813 ], [ -16.1443901, 11.3720798 ], [ -16.147789, 11.3662729 ], [ -16.1553135, 11.370059 ], [ -16.1583977, 11.37323 ], [ -16.1676407, 11.3879957 ], [ -16.1689453, 11.3900805 ], [ -16.1691437, 11.4015808 ], [ -16.1647854, 11.4057941 ], [ -16.1517735, 11.4085398 ], [ -16.1310387, 11.4095707 ] ], [ [ -15.8325558, 11.334938 ], [ -15.8261509, 11.3426275 ], [ -15.8263769, 11.3445196 ], [ -15.8274946, 11.3538818 ], [ -15.8259907, 11.3619566 ], [ -15.8225679, 11.3666105 ], [ -15.8165941, 11.3704033 ], [ -15.8140278, 11.3720322 ], [ -15.8038301, 11.3758688 ], [ -15.7905626, 11.3772211 ], [ -15.7835016, 11.3729572 ], [ -15.7812986, 11.3663187 ], [ -15.7826204, 11.3614674 ], [ -15.785841, 11.3586578 ], [ -15.7933283, 11.360384 ], [ -15.7951632, 11.3585157 ], [ -15.7991238, 11.3449001 ], [ -15.8020182, 11.3349457 ], [ -15.7986031, 11.3253345 ], [ -15.8003368, 11.3170261 ], [ -15.8043423, 11.3050013 ], [ -15.8084717, 11.3007975 ], [ -15.8117304, 11.300518 ], [ -15.819191, 11.3006334 ], [ -15.8281336, 11.3060179 ], [ -15.834527, 11.3123617 ], [ -15.8364925, 11.3187733 ], [ -15.8358955, 11.3252249 ], [ -15.8325558, 11.334938 ] ], [ [ -16.3439198, 19.6908436 ], [ -16.3371944, 19.6967964 ], [ -16.324337, 19.7198868 ], [ -16.3194237, 19.7255859 ], [ -16.3052673, 19.7332668 ], [ -16.2987061, 19.7341251 ], [ -16.2945976, 19.7324772 ], [ -16.2944202, 19.7262726 ], [ -16.2983532, 19.7214832 ], [ -16.3090878, 19.7160683 ], [ -16.3191509, 19.7051334 ], [ -16.3297443, 19.6898365 ], [ -16.3309097, 19.6886234 ], [ -16.3420086, 19.6770802 ], [ -16.3474426, 19.6674805 ], [ -16.3540611, 19.6608772 ], [ -16.3627338, 19.6428032 ], [ -16.3716068, 19.6288662 ], [ -16.3791809, 19.6234188 ], [ -16.3840904, 19.6174889 ], [ -16.3875713, 19.6090183 ], [ -16.3866444, 19.6046448 ], [ -16.3904228, 19.590662 ], [ -16.3933887, 19.5849438 ], [ -16.396801, 19.5831356 ], [ -16.3970871, 19.5839005 ], [ -16.397747, 19.5856724 ], [ -16.3949604, 19.5975952 ], [ -16.3984737, 19.610033 ], [ -16.3903217, 19.624897 ], [ -16.3778801, 19.6321392 ], [ -16.3722382, 19.6385231 ], [ -16.36376, 19.6611938 ], [ -16.3561459, 19.6705456 ], [ -16.3553352, 19.6785812 ], [ -16.3528652, 19.6829243 ], [ -16.3439198, 19.6908436 ] ], [ [ -15.9750824, 11.5395451 ], [ -15.9787569, 11.5360355 ], [ -15.987092, 11.5322227 ], [ -15.9909391, 11.5250292 ], [ -16.0037136, 11.5216045 ], [ -16.0095501, 11.5219717 ], [ -16.0152054, 11.5253325 ], [ -16.0207748, 11.5376673 ], [ -16.0192223, 11.5425234 ], [ -16.0109634, 11.5541458 ], [ -16.0023518, 11.5662603 ], [ -15.9993067, 11.5796528 ], [ -15.9965649, 11.583147 ], [ -15.9928436, 11.5838966 ], [ -15.9882488, 11.5740776 ], [ -15.9825449, 11.5677252 ], [ -15.9778566, 11.5664196 ], [ -15.9752417, 11.5634699 ], [ -15.9755764, 11.5554123 ], [ -15.9708204, 11.5499659 ], [ -15.9750824, 11.5395451 ] ], [ [ 12.884614, -5.978353 ], [ 12.8749628, -5.9638638 ], [ 12.8830051, -5.9620271 ], [ 12.8898993, -5.9560499 ], [ 12.8981714, -5.955822 ], [ 12.9032259, -5.9539852 ], [ 12.9105749, -5.9452004 ], [ 12.9126492, -5.9427204 ], [ 12.9232168, -5.9376659 ], [ 12.9308681, -5.9286742 ], [ 12.9354095, -5.9264274 ], [ 12.9425192, -5.9282432 ], [ 12.9436665, -5.9314632 ], [ 12.9422884, -5.9353724 ], [ 12.9314899, -5.9454865 ], [ 12.9202299, -5.952383 ], [ 12.9181623, -5.9574404 ], [ 12.9186211, -5.9608908 ], [ 12.924365, -5.9694009 ], [ 12.9229889, -5.9721599 ], [ 12.9128771, -5.9765253 ], [ 12.9046049, -5.9845719 ], [ 12.8983994, -5.988018 ], [ 12.888979, -5.985487 ], [ 12.8802462, -5.9861717 ], [ 12.8767996, -5.983871 ], [ 12.884614, -5.978353 ] ], [ [ -16.6070747, 13.8273354 ], [ -16.6048889, 13.8236952 ], [ -16.6045666, 13.8191032 ], [ -16.6075287, 13.8139906 ], [ -16.6177196, 13.8055325 ], [ -16.6656036, 13.7752333 ], [ -16.6670303, 13.7761269 ], [ -16.6580791, 13.7877855 ], [ -16.6567745, 13.7933283 ], [ -16.6708946, 13.7813454 ], [ -16.6734905, 13.7817583 ], [ -16.6738052, 13.7858915 ], [ -16.6649246, 13.8012285 ], [ -16.6505585, 13.8127556 ], [ -16.6349583, 13.8213148 ], [ -16.619297, 13.8266554 ], [ -16.6106262, 13.8284206 ], [ -16.6070747, 13.8273354 ] ], [ [ 9.2994471, 0.8801321 ], [ 9.3039837, 0.8872709 ], [ 9.3042192, 0.8902909 ], [ 9.3061504, 0.915078 ], [ 9.3081865, 0.9199111 ], [ 9.3198223, 0.922485 ], [ 9.3234911, 0.9190529 ], [ 9.3296595, 0.9188481 ], [ 9.3317194, 0.917478 ], [ 9.3336391, 0.895201 ], [ 9.3435173, 0.8814551 ], [ 9.3426113, 0.8796141 ], [ 9.3400984, 0.879834 ], [ 9.3325825, 0.87521 ], [ 9.3213863, 0.8763139 ], [ 9.3188877, 0.873087 ], [ 9.3166056, 0.872849 ], [ 9.3092623, 0.8810899 ], [ 9.3062935, 0.881308 ], [ 9.3008242, 0.878529 ], [ 9.2994471, 0.8801321 ] ], [ [ -16.4257832, 11.2939129 ], [ -16.4299183, 11.2906189 ], [ -16.4515171, 11.2863293 ], [ -16.4692173, 11.2855577 ], [ -16.4758549, 11.2789984 ], [ -16.481638, 11.2765951 ], [ -16.4877338, 11.2785587 ], [ -16.4890041, 11.2842855 ], [ -16.4885254, 11.2962599 ], [ -16.4898033, 11.3024492 ], [ -16.4882526, 11.3068476 ], [ -16.4845619, 11.3089838 ], [ -16.4778252, 11.3102531 ], [ -16.4744415, 11.3094511 ], [ -16.4715042, 11.3087549 ], [ -16.4657879, 11.3148375 ], [ -16.4618263, 11.3149071 ], [ -16.4583092, 11.3138189 ], [ -16.4555798, 11.3046637 ], [ -16.4456558, 11.297246 ], [ -16.4251823, 11.2994442 ], [ -16.4257832, 11.2939129 ] ], [ [ -15.868391, 11.3746471 ], [ -15.8545237, 11.3822231 ], [ -15.8502808, 11.3792982 ], [ -15.8481274, 11.3758802 ], [ -15.8505592, 11.3675613 ], [ -15.865696, 11.3519115 ], [ -15.8702316, 11.3439703 ], [ -15.8743114, 11.3368254 ], [ -15.8944387, 11.3273096 ], [ -15.8986645, 11.3290844 ], [ -15.9010353, 11.3315783 ], [ -15.9015532, 11.3347912 ], [ -15.8976765, 11.3436232 ], [ -15.8972807, 11.3445206 ], [ -15.8915558, 11.3527718 ], [ -15.8895349, 11.3556843 ], [ -15.880312, 11.3620396 ], [ -15.8762169, 11.3683147 ], [ -15.868391, 11.3746471 ] ], [ [ -16.4484177, 20.618866 ], [ -16.4469891, 20.6151772 ], [ -16.4497681, 20.6053219 ], [ -16.4465122, 20.5887547 ], [ -16.4486694, 20.5676365 ], [ -16.4540348, 20.5679111 ], [ -16.4588528, 20.5703297 ], [ -16.4596176, 20.570715 ], [ -16.4673576, 20.5779018 ], [ -16.4731312, 20.5864506 ], [ -16.4764671, 20.5949783 ], [ -16.4731579, 20.6091938 ], [ -16.4699211, 20.6160584 ], [ -16.4594212, 20.6166611 ], [ -16.454998, 20.6198387 ], [ -16.4505997, 20.6202621 ], [ -16.4484177, 20.618866 ] ], [ [ -16.4804897, 19.7334309 ], [ -16.478611, 19.7267513 ], [ -16.4765739, 19.7111092 ], [ -16.4778709, 19.7021599 ], [ -16.4803276, 19.699194 ], [ -16.485878, 19.6764927 ], [ -16.4878464, 19.673521 ], [ -16.4927235, 19.670805 ], [ -16.5009518, 19.6729412 ], [ -16.5033398, 19.6770954 ], [ -16.5029049, 19.6853886 ], [ -16.5027504, 19.6883488 ], [ -16.4972286, 19.708065 ], [ -16.4975739, 19.7230015 ], [ -16.492918, 19.7280178 ], [ -16.4831524, 19.7341423 ], [ -16.4804897, 19.7334309 ] ], [ [ 8.3351269, 4.6382861 ], [ 8.33883, 4.6323242 ], [ 8.34163, 4.6235971 ], [ 8.3380127, 4.6136861 ], [ 8.3398724, 4.6090951 ], [ 8.3403711, 4.6017361 ], [ 8.3367443, 4.5936651 ], [ 8.3328648, 4.5899649 ], [ 8.3200283, 4.588058 ], [ 8.3154316, 4.589644 ], [ 8.3102779, 4.6094022 ], [ 8.3111849, 4.6112471 ], [ 8.3196554, 4.614511 ], [ 8.3240061, 4.6309237 ], [ 8.3246012, 4.6331701 ], [ 8.3292027, 4.6382871 ], [ 8.332365, 4.6398821 ], [ 8.3351269, 4.6382861 ] ], [ [ -14.8724518, 10.9426851 ], [ -14.864954, 10.9386339 ], [ -14.8616447, 10.9345322 ], [ -14.8546581, 10.9152918 ], [ -14.8533478, 10.9033461 ], [ -14.8549175, 10.8984966 ], [ -14.8588057, 10.9002705 ], [ -14.8598318, 10.9007387 ], [ -14.8626022, 10.8988657 ], [ -14.8700476, 10.898777 ], [ -14.8768616, 10.903986 ], [ -14.8787575, 10.906724 ], [ -14.8765326, 10.9150314 ], [ -14.8854895, 10.9241266 ], [ -14.8877296, 10.9358311 ], [ -14.8859186, 10.9399939 ], [ -14.8773451, 10.9430866 ], [ -14.8724518, 10.9426851 ] ], [ [ -15.4239817, 11.857173 ], [ -15.4285488, 11.8499765 ], [ -15.4368687, 11.8438797 ], [ -15.4462252, 11.8449001 ], [ -15.4490538, 11.8467007 ], [ -15.4595385, 11.8610487 ], [ -15.4551916, 11.867321 ], [ -15.4387522, 11.8772125 ], [ -15.428297, 11.8810396 ], [ -15.4226856, 11.8806572 ], [ -15.4217224, 11.8785992 ], [ -15.4239817, 11.857173 ] ], [ [ -15.6521282, 11.0440989 ], [ -15.6496344, 11.0485067 ], [ -15.6450233, 11.0515642 ], [ -15.6283054, 11.0548 ], [ -15.6126518, 11.0513487 ], [ -15.6114502, 11.0488348 ], [ -15.6141567, 11.0430441 ], [ -15.6219501, 11.0348787 ], [ -15.6300325, 11.0303898 ], [ -15.6318045, 11.0243835 ], [ -15.6350145, 11.0211153 ], [ -15.6387243, 11.0201406 ], [ -15.6441565, 11.0251217 ], [ -15.6488256, 11.0259733 ], [ -15.6514215, 11.0282354 ], [ -15.6533918, 11.0353384 ], [ -15.6521282, 11.0440989 ] ], [ [ 12.6318998, -6.0509081 ], [ 12.6302137, -6.0504189 ], [ 12.621253, -6.0455842 ], [ 12.611372, -6.0432768 ], [ 12.605629, -6.0379839 ], [ 12.6102266, -6.0345378 ], [ 12.6178102, -6.0340829 ], [ 12.6286135, -6.0301819 ], [ 12.6355066, -6.0292668 ], [ 12.643549, -6.0315719 ], [ 12.6550407, -6.026062 ], [ 12.6610165, -6.0269852 ], [ 12.6640015, -6.0308971 ], [ 12.6621618, -6.033885 ], [ 12.6465292, -6.0529599 ], [ 12.6421623, -6.0538769 ], [ 12.6318998, -6.0509081 ] ], [ [ -13.8367624, 9.4540234 ], [ -13.8393145, 9.4546919 ], [ -13.8409538, 9.4569769 ], [ -13.8409929, 9.4615736 ], [ -13.8438158, 9.4668369 ], [ -13.8386192, 9.4818211 ], [ -13.8344736, 9.4843836 ], [ -13.8310423, 9.4892397 ], [ -13.8248148, 9.4920492 ], [ -13.8191385, 9.5051985 ], [ -13.8150225, 9.5112095 ], [ -13.8115549, 9.5119257 ], [ -13.8078766, 9.5151739 ], [ -13.8057795, 9.5133524 ], [ -13.7953482, 9.5120573 ], [ -13.7932425, 9.5093155 ], [ -13.794611, 9.5070066 ], [ -13.7992344, 9.5062799 ], [ -13.8054361, 9.5002527 ], [ -13.8154964, 9.4852295 ], [ -13.8247099, 9.4796371 ], [ -13.8313456, 9.4703884 ], [ -13.8336, 9.4632425 ], [ -13.8312149, 9.4549875 ], [ -13.8327932, 9.4501495 ], [ -13.8346376, 9.449214 ], [ -13.8367624, 9.4540234 ] ], [ [ 12.7428293, -6.0012798 ], [ 12.7383471, -6.0016246 ], [ 12.7338676, -6.001967 ], [ 12.7315693, -5.9985137 ], [ 12.7336397, -5.994607 ], [ 12.7396135, -5.9913917 ], [ 12.7568483, -5.9907117 ], [ 12.7761555, -5.9819827 ], [ 12.7846546, -5.9796872 ], [ 12.7892513, -5.9796896 ], [ 12.7947655, -5.984982 ], [ 12.7915487, -5.9898105 ], [ 12.7807465, -5.9946327 ], [ 12.7740822, -6.0015292 ], [ 12.7637424, -6.0024438 ], [ 12.7552385, -6.0065765 ], [ 12.7504129, -6.0063438 ], [ 12.7428293, -6.0012798 ] ], [ [ -13.2308598, 8.8847609 ], [ -13.2401819, 8.8978004 ], [ -13.2404423, 8.9023933 ], [ -13.2365437, 8.9070129 ], [ -13.2257175, 8.9121332 ], [ -13.2171745, 8.9128742 ], [ -13.2132359, 8.9110594 ], [ -13.2074041, 8.9019041 ], [ -13.2006874, 8.8991871 ], [ -13.1985931, 8.8966722 ], [ -13.2020349, 8.8929758 ], [ -13.2209225, 8.8839035 ], [ -13.2276144, 8.8829422 ], [ -13.2308598, 8.8847609 ] ], [ [ -6.09186, 4.99184 ], [ -6.08901, 4.99088 ], [ -6.07996, 4.98833 ], [ -6.07448, 4.98507 ], [ -6.07154, 4.97952 ], [ -6.07203, 4.977 ], [ -6.07669, 4.96807 ], [ -6.08311, 4.96789 ], [ -6.10006, 4.97125 ], [ -6.10352, 4.96875 ], [ -6.10757, 4.9789 ], [ -6.11369, 4.98792 ], [ -6.11391, 4.99021 ], [ -6.11243, 4.99121 ], [ -6.10555, 4.99108 ], [ -6.09903, 4.99406 ], [ -6.09186, 4.99184 ] ], [ [ -13.7723436, 9.8380032 ], [ -13.7614613, 9.8394699 ], [ -13.7478456, 9.8469353 ], [ -13.7336702, 9.8518944 ], [ -13.7310076, 9.8509197 ], [ -13.7330246, 9.8488913 ], [ -13.7519417, 9.8377056 ], [ -13.7537146, 9.8360033 ], [ -13.7618313, 9.8282003 ], [ -13.7650423, 9.8240366 ], [ -13.7706738, 9.8042192 ], [ -13.7787905, 9.8046141 ], [ -13.7849035, 9.8151407 ], [ -13.7845011, 9.8225012 ], [ -13.7785759, 9.834734 ], [ -13.7723436, 9.8380032 ] ], [ [ 12.454443, -5.9966941 ], [ 12.4464016, -5.9943871 ], [ 12.4434166, -5.9918551 ], [ 12.4434175, -5.9897852 ], [ 12.4546785, -5.9874959 ], [ 12.4611149, -5.9826727 ], [ 12.4645615, -5.9817557 ], [ 12.4698467, -5.9819908 ], [ 12.4788036, -5.990737 ], [ 12.4827023, -6.004539 ], [ 12.470747, -6.016716 ], [ 12.4668388, -6.019012 ], [ 12.4636221, -6.0183191 ], [ 12.4620152, -6.0153279 ], [ 12.4624805, -6.0063601 ], [ 12.4601841, -6.0019889 ], [ 12.454443, -5.9966941 ] ], [ [ -13.0900373, 8.539629 ], [ -13.0870972, 8.5499811 ], [ -13.090147, 8.558692 ], [ -13.0894728, 8.5616817 ], [ -13.0795774, 8.56633 ], [ -13.0645647, 8.5636568 ], [ -13.0620127, 8.5611439 ], [ -13.0638065, 8.5519466 ], [ -13.0570879, 8.5471601 ], [ -13.0609817, 8.5420866 ], [ -13.0651216, 8.5397663 ], [ -13.0676785, 8.5431976 ], [ -13.0711365, 8.54249 ], [ -13.0853882, 8.5334539 ], [ -13.0872412, 8.5348225 ], [ -13.0900373, 8.539629 ] ], [ [ -13.7572947, 9.4739752 ], [ -13.7610369, 9.4785433 ], [ -13.7648201, 9.4881668 ], [ -13.7718325, 9.4961567 ], [ -13.7725582, 9.5000582 ], [ -13.7695885, 9.5049105 ], [ -13.7642679, 9.5054121 ], [ -13.7600775, 9.5026875 ], [ -13.7557602, 9.4843321 ], [ -13.7476063, 9.4781904 ], [ -13.7461634, 9.4715357 ], [ -13.7472754, 9.4660101 ], [ -13.7456055, 9.4600468 ], [ -13.7505932, 9.447135 ], [ -13.753335, 9.4427462 ], [ -13.7565622, 9.4411125 ], [ -13.7598286, 9.4443045 ], [ -13.7566357, 9.4500751 ], [ -13.755806, 9.4648037 ], [ -13.7556257, 9.4680128 ], [ -13.7572947, 9.4739752 ] ], [ [ -16.3622646, 19.688982 ], [ -16.363842, 19.6916561 ], [ -16.3641739, 19.6922169 ], [ -16.3636608, 19.6949692 ], [ -16.3570194, 19.70364 ], [ -16.3517952, 19.7162304 ], [ -16.3508568, 19.7369003 ], [ -16.3488693, 19.7412491 ], [ -16.3396072, 19.7450714 ], [ -16.3376789, 19.7439041 ], [ -16.3365078, 19.7397575 ], [ -16.3398685, 19.719799 ], [ -16.3544788, 19.6912098 ], [ -16.3588772, 19.6880322 ], [ -16.3622646, 19.688982 ] ], [ [ 8.2967215, 4.8237281 ], [ 8.3066654, 4.8095179 ], [ 8.3089943, 4.803319 ], [ 8.3074131, 4.7987099 ], [ 8.3051319, 4.7961679 ], [ 8.3003149, 4.7959132 ], [ 8.2954884, 4.7972679 ], [ 8.2839422, 4.81078 ], [ 8.279274, 4.8252468 ], [ 8.2801647, 4.8300819 ], [ 8.2831354, 4.8323979 ], [ 8.2884254, 4.8301258 ], [ 8.2967215, 4.8237281 ] ], [ [ 13.1944799, -8.8269777 ], [ 13.193078, -8.8235359 ], [ 13.1944408, -8.8180151 ], [ 13.2167721, -8.7976971 ], [ 13.224802, -8.7841043 ], [ 13.2432251, -8.7711697 ], [ 13.2579584, -8.7568426 ], [ 13.2614193, -8.7556782 ], [ 13.264205, -8.7584238 ], [ 13.2520237, -8.7731857 ], [ 13.2453518, -8.7798786 ], [ 13.2393475, -8.7808247 ], [ 13.2345152, -8.7856703 ], [ 13.2275991, -8.7893782 ], [ 13.2236977, -8.7958298 ], [ 13.2089748, -8.8115196 ], [ 13.1965618, -8.8274288 ], [ 13.1944799, -8.8269777 ] ], [ [ -14.880537, 10.8625374 ], [ -14.8848858, 10.8736038 ], [ -14.8873043, 10.8779488 ], [ -14.8965302, 10.8832388 ], [ -14.8925505, 10.8940229 ], [ -14.8886261, 10.895565 ], [ -14.8856354, 10.8983612 ], [ -14.8807459, 10.8981895 ], [ -14.870862, 10.8893356 ], [ -14.8733902, 10.886776 ], [ -14.8719549, 10.8835726 ], [ -14.8728571, 10.8812609 ], [ -14.8707094, 10.8769159 ], [ -14.8752346, 10.8665113 ], [ -14.8721018, 10.8578072 ], [ -14.8732481, 10.8564138 ], [ -14.8762703, 10.8561468 ], [ -14.880537, 10.8625374 ] ], [ [ -14.0554714, 10.120945 ], [ -14.0482464, 10.1175604 ], [ -14.0410023, 10.1121063 ], [ -14.0388823, 10.108676 ], [ -14.05828, 10.0986137 ], [ -14.0638523, 10.0990238 ], [ -14.0723038, 10.1095247 ], [ -14.0727968, 10.1125097 ], [ -14.0629444, 10.1259375 ], [ -14.0597, 10.1264257 ], [ -14.0554714, 10.120945 ] ], [ [ -16.015501, 11.8103867 ], [ -16.0135212, 11.8177795 ], [ -15.9973221, 11.8408155 ], [ -15.9919939, 11.8434315 ], [ -15.9865398, 11.8384562 ], [ -15.9850826, 11.8350286 ], [ -15.9868746, 11.8303986 ], [ -15.9905071, 11.8241291 ], [ -15.9971867, 11.8185015 ], [ -16.0028896, 11.810358 ], [ -16.0072689, 11.8068371 ], [ -16.011919, 11.8056145 ], [ -16.015501, 11.8103867 ] ], [ [ 13.1039429, -8.9427643 ], [ 13.102479, -8.9422617 ], [ 13.100152, -8.9385929 ], [ 13.1006012, -8.9353733 ], [ 13.1056652, -8.9293785 ], [ 13.1081772, -8.9217834 ], [ 13.1137142, -8.9185448 ], [ 13.1226768, -8.9049492 ], [ 13.126833, -8.9033241 ], [ 13.1284933, -8.91366 ], [ 13.1223145, -8.9293137 ], [ 13.1193218, -8.9327726 ], [ 13.1100769, -8.9339581 ], [ 13.1093922, -8.9362593 ], [ 13.1121721, -8.937397 ], [ 13.1216478, -8.9362116 ], [ 13.1221209, -8.9387379 ], [ 13.107111, -8.9438524 ], [ 13.1039429, -8.9427643 ] ], [ [ -12.5504627, 7.6499701 ], [ -12.5513811, 7.657773 ], [ -12.5479288, 7.6584611 ], [ -12.534812, 7.6458359 ], [ -12.5313597, 7.6453762 ], [ -12.5196228, 7.6366529 ], [ -12.5182447, 7.6260972 ], [ -12.5221586, 7.6242609 ], [ -12.537118, 7.6293139 ], [ -12.543561, 7.636888 ], [ -12.5504627, 7.6499701 ] ], [ [ 12.8848457, -5.921092 ], [ 12.8866844, -5.9164929 ], [ 12.8862257, -5.9100537 ], [ 12.8894424, -5.9059162 ], [ 12.8951864, -5.9063778 ], [ 12.8974838, -5.902699 ], [ 12.9105806, -5.9031639 ], [ 12.9144869, -5.9077649 ], [ 12.9206905, -5.9084568 ], [ 12.9222984, -5.9105282 ], [ 12.9181633, -5.915586 ], [ 12.912878, -5.917654 ], [ 12.8977146, -5.9213271 ], [ 12.8947258, -5.9197159 ], [ 12.89151, -5.9199448 ], [ 12.8866844, -5.9243131 ], [ 12.8848457, -5.921092 ] ], [ [ -16.3857498, 11.2971401 ], [ -16.3838367, 11.2944126 ], [ -16.3849487, 11.2914019 ], [ -16.3923092, 11.2859831 ], [ -16.3997879, 11.2741194 ], [ -16.4030533, 11.2742929 ], [ -16.4070721, 11.2774439 ], [ -16.4115524, 11.2932425 ], [ -16.4104996, 11.2994709 ], [ -16.4056969, 11.304616 ], [ -16.4017162, 11.3035355 ], [ -16.3957825, 11.2976561 ], [ -16.3895035, 11.2984552 ], [ -16.3857498, 11.2971401 ] ], [ [ -12.9606199, 7.578804 ], [ -12.9666014, 7.568244 ], [ -12.9976759, 7.5829229 ], [ -12.991003, 7.5898099 ], [ -12.9882402, 7.584074 ], [ -12.9831772, 7.5870581 ], [ -12.9817972, 7.5918779 ], [ -12.9636145, 7.5893598 ], [ -12.9606199, 7.578804 ] ], [ [ -15.6591825, 11.0028162 ], [ -15.6575079, 10.9998503 ], [ -15.6597376, 10.9933758 ], [ -15.6566238, 10.9876709 ], [ -15.6588497, 10.9809666 ], [ -15.6578655, 10.9775295 ], [ -15.6486979, 10.9716845 ], [ -15.6467943, 10.9689522 ], [ -15.6520777, 10.9642715 ], [ -15.6569433, 10.962821 ], [ -15.6593409, 10.9673862 ], [ -15.6661396, 10.9705067 ], [ -15.6690207, 10.9762154 ], [ -15.6674929, 10.9829092 ], [ -15.66926, 10.9918556 ], [ -15.6735163, 10.9961634 ], [ -15.6731005, 10.9993896 ], [ -15.6689558, 11.0024414 ], [ -15.6631546, 11.0036774 ], [ -15.6591825, 11.0028162 ] ], [ [ -13.2418194, 8.0974016 ], [ -13.2390919, 8.103158 ], [ -13.2348185, 8.1068544 ], [ -13.2342806, 8.1073198 ], [ -13.2241707, 8.1115131 ], [ -13.221447, 8.1179581 ], [ -13.2067699, 8.1286068 ], [ -13.2012882, 8.1362162 ], [ -13.1950855, 8.1392374 ], [ -13.1961842, 8.1302776 ], [ -13.1982365, 8.1270514 ], [ -13.2019157, 8.1258812 ], [ -13.2041941, 8.1217346 ], [ -13.2076445, 8.121026 ], [ -13.209197, 8.1113739 ], [ -13.2119493, 8.1092911 ], [ -13.2216234, 8.1092329 ], [ -13.2243338, 8.1007223 ], [ -13.2401972, 8.0958052 ], [ -13.2418194, 8.0974016 ] ], [ [ -13.0411968, 7.6455579 ], [ -13.0386648, 7.6457891 ], [ -13.0342932, 7.6519871 ], [ -13.0301495, 7.6533651 ], [ -13.0207167, 7.6614013 ], [ -13.0161123, 7.6597958 ], [ -13.014039, 7.656354 ], [ -13.028079, 7.6510711 ], [ -13.0368214, 7.640512 ], [ -13.0379705, 7.6340852 ], [ -13.0345135, 7.6212349 ], [ -13.0427074, 7.6251678 ], [ -13.0536213, 7.6304069 ], [ -13.0556936, 7.634078 ], [ -13.0566168, 7.640275 ], [ -13.0556955, 7.6425691 ], [ -13.0506325, 7.6398182 ], [ -13.0481005, 7.6402779 ], [ -13.0411968, 7.6455579 ] ], [ [ -12.4152145, 7.4227118 ], [ -12.4211988, 7.4231739 ], [ -12.4258003, 7.425241 ], [ -12.4221172, 7.4286833 ], [ -12.410841, 7.428679 ], [ -12.3908272, 7.4155869 ], [ -12.3841581, 7.4068618 ], [ -12.3678064, 7.4021559 ], [ -12.3636837, 7.3967528 ], [ -12.3659792, 7.3966341 ], [ -12.3680553, 7.3965249 ], [ -12.3846416, 7.4038973 ], [ -12.4044046, 7.414444 ], [ -12.4092665, 7.415833 ], [ -12.4140682, 7.417203 ], [ -12.4152145, 7.4227118 ] ], [ [ -13.0041704, 8.5740871 ], [ -12.9898787, 8.5766878 ], [ -12.9822845, 8.5804024 ], [ -12.9758234, 8.5804358 ], [ -12.9714241, 8.5774727 ], [ -12.9661102, 8.5763512 ], [ -12.9619284, 8.5708609 ], [ -12.961916, 8.5685625 ], [ -12.9736862, 8.5689631 ], [ -12.9810591, 8.5670872 ], [ -12.9856758, 8.567523 ], [ -12.9896135, 8.5702581 ], [ -12.9967651, 8.5699911 ], [ -13.0004416, 8.5672159 ], [ -13.0082731, 8.5648785 ], [ -13.0122023, 8.5660057 ], [ -13.0126734, 8.5678415 ], [ -13.0041704, 8.5740871 ] ], [ [ -15.9808874, 11.9064178 ], [ -15.9794521, 11.9043694 ], [ -15.980341, 11.9015942 ], [ -15.9842463, 11.8976212 ], [ -16.0055504, 11.8949928 ], [ -16.0349407, 11.8979635 ], [ -16.039196, 11.9008856 ], [ -16.0378399, 11.9036684 ], [ -16.0329475, 11.9044371 ], [ -16.0118713, 11.9013233 ], [ -15.9987965, 11.901762 ], [ -15.9848614, 11.9065847 ], [ -15.9808874, 11.9064178 ] ], [ [ 12.7630482, -6.02038 ], [ 12.7469616, -6.0215201 ], [ 12.7409859, -6.0249658 ], [ 12.729496, -6.0249591 ], [ 12.722373, -6.0231152 ], [ 12.7200756, -6.0198951 ], [ 12.7237539, -6.0148377 ], [ 12.7297287, -6.0141511 ], [ 12.7361622, -6.0176039 ], [ 12.7458143, -6.0125508 ], [ 12.7504101, -6.0137029 ], [ 12.7635088, -6.0121012 ], [ 12.7651167, -6.0157809 ], [ 12.7630482, -6.02038 ] ], [ [ -12.4779921, 7.5501208 ], [ -12.4559011, 7.5423112 ], [ -12.4545231, 7.5338187 ], [ -12.4605103, 7.5241799 ], [ -12.4641924, 7.5237217 ], [ -12.4690247, 7.5276251 ], [ -12.4784536, 7.54599 ], [ -12.4779921, 7.5501208 ] ], [ [ -16.1600075, 11.3446741 ], [ -16.1590176, 11.3412399 ], [ -16.1592236, 11.3401775 ], [ -16.1600876, 11.335701 ], [ -16.1628761, 11.3351946 ], [ -16.1668549, 11.3360491 ], [ -16.1725521, 11.3399954 ], [ -16.1790562, 11.3399057 ], [ -16.181591, 11.3390245 ], [ -16.1835041, 11.3398447 ], [ -16.1841755, 11.3401327 ], [ -16.185894, 11.3451662 ], [ -16.1846066, 11.3516293 ], [ -16.1811771, 11.3555965 ], [ -16.1692238, 11.3518848 ], [ -16.1656418, 11.3468819 ], [ -16.1600075, 11.3446741 ] ], [ [ -12.5108528, 7.7137561 ], [ -12.5131578, 7.7029719 ], [ -12.5159216, 7.698153 ], [ -12.5274324, 7.6931081 ], [ -12.5341091, 7.6917319 ], [ -12.5361795, 7.6954041 ], [ -12.5347967, 7.6997643 ], [ -12.523284, 7.7103171 ], [ -12.5117731, 7.7155919 ], [ -12.5108528, 7.7137561 ] ], [ [ -15.9578571, 11.5418882 ], [ -15.9509583, 11.5337152 ], [ -15.9436502, 11.5289984 ], [ -15.9417238, 11.5253477 ], [ -15.943078, 11.5225658 ], [ -15.9465389, 11.5202103 ], [ -15.9643497, 11.5252209 ], [ -15.9660349, 11.5284147 ], [ -15.9620857, 11.5436621 ], [ -15.9578571, 11.5418882 ] ], [ [ 12.4438581, -6.0205998 ], [ 12.4376535, -6.020134 ], [ 12.4362764, -6.0176039 ], [ 12.4374285, -6.0134649 ], [ 12.4360523, -6.0090952 ], [ 12.4367437, -6.0056462 ], [ 12.4388113, -6.0063381 ], [ 12.4417953, -6.0114002 ], [ 12.4475422, -6.007266 ], [ 12.4477758, -6.001977 ], [ 12.4505329, -6.0022101 ], [ 12.4574223, -6.010035 ], [ 12.4583387, -6.0141749 ], [ 12.4502916, -6.022676 ], [ 12.4473028, -6.0240531 ], [ 12.4438581, -6.0205998 ] ], [ [ 12.8347464, -6.0112181 ], [ 12.8469257, -6.0024853 ], [ 12.8680668, -5.9974351 ], [ 12.869216, -5.9990449 ], [ 12.8655386, -6.003643 ], [ 12.8570366, -6.0070882 ], [ 12.8411789, -6.017889 ], [ 12.8358936, -6.017427 ], [ 12.8338261, -6.0144372 ], [ 12.8347464, -6.0112181 ] ], [ [ -16.0048275, 11.3915977 ], [ -15.9964437, 11.3921919 ], [ -15.995492, 11.391057 ], [ -16.000721, 11.3829212 ], [ -16.0078316, 11.375906 ], [ -16.0145416, 11.3728085 ], [ -16.0206318, 11.3745508 ], [ -16.023262, 11.3784199 ], [ -16.0219231, 11.382122 ], [ -16.0048275, 11.3915977 ] ], [ [ 8.543211, 4.6818919 ], [ 8.5441761, 4.6726952 ], [ 8.542593, 4.6683168 ], [ 8.5315933, 4.6659622 ], [ 8.5281477, 4.666636 ], [ 8.5265141, 4.6721482 ], [ 8.5267143, 4.67767 ], [ 8.5296726, 4.6825161 ], [ 8.5376835, 4.6862359 ], [ 8.541357, 4.685564 ], [ 8.543211, 4.6818919 ] ], [ [ -16.6523666, 13.673377 ], [ -16.650362, 13.6915798 ], [ -16.6470451, 13.6902599 ], [ -16.6416874, 13.6682816 ], [ -16.6443157, 13.6581163 ], [ -16.6487026, 13.6538973 ], [ -16.652298, 13.6575108 ], [ -16.6523666, 13.673377 ] ], [ [ 9.5466881, 0.261685 ], [ 9.5464249, 0.2704081 ], [ 9.5427542, 0.2754449 ], [ 9.5468445, 0.279823 ], [ 9.5630741, 0.2729951 ], [ 9.5640039, 0.268636 ], [ 9.5619774, 0.261741 ], [ 9.5544434, 0.262632 ], [ 9.5528603, 0.258952 ], [ 9.5496655, 0.258941 ], [ 9.5466881, 0.261685 ] ], [ [ -16.6780338, 13.663023 ], [ -16.6676407, 13.6482649 ], [ -16.6595478, 13.6431227 ], [ -16.6556854, 13.6379042 ], [ -16.6575317, 13.6360312 ], [ -16.6612873, 13.6357327 ], [ -16.6703243, 13.6410875 ], [ -16.6808949, 13.652853 ], [ -16.6845608, 13.6601439 ], [ -16.6825027, 13.6631708 ], [ -16.6780338, 13.663023 ] ], [ [ -16.4913864, 20.6171551 ], [ -16.4943848, 20.609827 ], [ -16.4970341, 20.6135254 ], [ -16.4998131, 20.6296291 ], [ -16.5031548, 20.6376972 ], [ -16.5016632, 20.6404419 ], [ -16.4945774, 20.6413021 ], [ -16.4924011, 20.6389885 ], [ -16.4895725, 20.628397 ], [ -16.4913864, 20.6171551 ] ], [ [ -13.1190205, 8.5640421 ], [ -13.1243219, 8.563323 ], [ -13.125493, 8.5663023 ], [ -13.1229887, 8.5720587 ], [ -13.1113281, 8.59027 ], [ -13.1052828, 8.5824947 ], [ -13.1077862, 8.5765085 ], [ -13.1190205, 8.5640421 ] ], [ [ -15.7075596, 10.999568 ], [ -15.7122326, 11.0006475 ], [ -15.7184629, 11.0120573 ], [ -15.7187815, 11.0175743 ], [ -15.7165098, 11.0212889 ], [ -15.7097521, 11.0209303 ], [ -15.7056952, 11.0145493 ], [ -15.70397, 11.0083637 ], [ -15.7075596, 10.999568 ] ], [ [ -12.5007553, 7.6155357 ], [ -12.5016756, 7.6178308 ], [ -12.4982224, 7.6196661 ], [ -12.4887857, 7.6205812 ], [ -12.480731, 7.617136 ], [ -12.4765892, 7.6111679 ], [ -12.4786634, 7.6040549 ], [ -12.5007553, 7.6155357 ] ], [ [ -16.3092995, 11.4291353 ], [ -16.3066483, 11.4243488 ], [ -16.3089695, 11.4105043 ], [ -16.3122044, 11.4088392 ], [ -16.3155212, 11.4117737 ], [ -16.3207169, 11.42871 ], [ -16.3191185, 11.4305782 ], [ -16.3151684, 11.4313354 ], [ -16.3092995, 11.4291353 ] ], [ [ 12.57691, -6.022325 ], [ 12.5748425, -6.0209432 ], [ 12.5771437, -6.0154262 ], [ 12.5762253, -6.0115161 ], [ 12.5780659, -6.0071483 ], [ 12.5904779, -5.9995689 ], [ 12.5939255, -5.999341 ], [ 12.5948429, -6.0009522 ], [ 12.5916252, -6.004169 ], [ 12.5826559, -6.0211802 ], [ 12.57691, -6.022325 ] ], [ [ -15.2802792, 11.0286198 ], [ -15.2835503, 11.0294962 ], [ -15.2870998, 11.0335894 ], [ -15.2855005, 11.0359106 ], [ -15.2808685, 11.0375834 ], [ -15.2766685, 11.0369492 ], [ -15.2742577, 11.0310001 ], [ -15.265234, 11.0182381 ], [ -15.2668285, 11.015686 ], [ -15.2717199, 11.015851 ], [ -15.2747841, 11.0185709 ], [ -15.2802792, 11.0286198 ] ], [ [ -15.6263237, 11.6934776 ], [ -15.6269026, 11.7008314 ], [ -15.6236877, 11.7043285 ], [ -15.6195145, 11.7062311 ], [ -15.6129704, 11.705636 ], [ -15.610817, 11.7022161 ], [ -15.615819, 11.6934004 ], [ -15.6192741, 11.6903601 ], [ -15.6243906, 11.6891346 ], [ -15.6263237, 11.6934776 ] ], [ [ -16.3924332, 19.8507767 ], [ -16.3970203, 19.8535748 ], [ -16.3979683, 19.8558807 ], [ -16.3969536, 19.8602371 ], [ -16.3893661, 19.8661442 ], [ -16.3837719, 19.866785 ], [ -16.3816223, 19.8630886 ], [ -16.3848782, 19.8534679 ], [ -16.388792, 19.8505154 ], [ -16.3924332, 19.8507767 ] ], [ [ -16.0022278, 11.0368853 ], [ -16.0062695, 11.0418835 ], [ -16.0067921, 11.0453243 ], [ -16.0049572, 11.0469646 ], [ -15.9947777, 11.0510378 ], [ -15.990057, 11.0472021 ], [ -15.987875, 11.0419455 ], [ -15.9987288, 11.0364819 ], [ -16.0022278, 11.0368853 ] ], [ [ -15.7149305, 11.3410902 ], [ -15.7107105, 11.3395433 ], [ -15.7078619, 11.336134 ], [ -15.7087479, 11.3331308 ], [ -15.7072678, 11.3278608 ], [ -15.7084112, 11.3264637 ], [ -15.7116852, 11.3271065 ], [ -15.7165432, 11.3247318 ], [ -15.7207451, 11.3251305 ], [ -15.7226505, 11.3278618 ], [ -15.7170153, 11.3401394 ], [ -15.7149305, 11.3410902 ] ], [ [ -16.5021, 19.6538792 ], [ -16.5006886, 19.649271 ], [ -16.5014534, 19.6451435 ], [ -16.5063477, 19.6405869 ], [ -16.5133572, 19.6431713 ], [ -16.5152702, 19.6461735 ], [ -16.5154629, 19.6514606 ], [ -16.5113068, 19.6551037 ], [ -16.5049953, 19.6555119 ], [ -16.5021, 19.6538792 ] ], [ [ 9.8981943, 0.174293 ], [ 9.9031906, 0.180966 ], [ 9.9136515, 0.19156 ], [ 9.9204969, 0.191124 ], [ 9.9216461, 0.188832 ], [ 9.9059515, 0.1747769 ], [ 9.8995695, 0.17269 ], [ 9.8981943, 0.174293 ] ], [ [ -15.4182873, 11.8671446 ], [ -15.4176826, 11.8738241 ], [ -15.4154205, 11.8789167 ], [ -15.4047308, 11.8827457 ], [ -15.4028063, 11.8788605 ], [ -15.4046154, 11.8746948 ], [ -15.4165993, 11.8634863 ], [ -15.4182873, 11.8671446 ] ], [ [ -13.6866426, 9.9070492 ], [ -13.6884651, 9.9007406 ], [ -13.6953583, 9.8928699 ], [ -13.6974392, 9.8921642 ], [ -13.6984015, 9.8965254 ], [ -13.6951628, 9.9021683 ], [ -13.6963844, 9.9052782 ], [ -13.6888552, 9.9205112 ], [ -13.6866426, 9.9070492 ] ], [ [ -11.5335855, 6.9460468 ], [ -11.5345049, 6.9477038 ], [ -11.5240231, 6.944798 ], [ -11.50173, 6.9353499 ], [ -11.4966793, 6.9293709 ], [ -11.50105, 6.928689 ], [ -11.5335855, 6.9460468 ] ], [ [ -14.9090557, 10.9475365 ], [ -14.9123459, 10.9500275 ], [ -14.9126129, 10.9527845 ], [ -14.9066248, 10.9579172 ], [ -14.9005966, 10.9598303 ], [ -14.8979425, 10.9522715 ], [ -14.8976326, 10.946064 ], [ -14.8997097, 10.9446583 ], [ -14.9090557, 10.9475365 ] ], [ [ 9.5007114, 0.9776341 ], [ 9.5008917, 0.989812 ], [ 9.5024633, 0.9964809 ], [ 9.505209, 0.995342 ], [ 9.5095882, 0.985249 ], [ 9.5100689, 0.9792771 ], [ 9.505064, 0.974434 ], [ 9.5020962, 0.973963 ], [ 9.5007114, 0.9776341 ] ], [ [ 12.8614092, -5.9263721 ], [ 12.8570433, -5.9256802 ], [ 12.8586521, -5.9222312 ], [ 12.868763, -5.9139571 ], [ 12.8738174, -5.9123487 ], [ 12.8761148, -5.919939 ], [ 12.8747358, -5.9224682 ], [ 12.8614092, -5.9263721 ] ], [ [ -15.8683004, 11.7616243 ], [ -15.867094, 11.7591124 ], [ -15.8686762, 11.755867 ], [ -15.8730335, 11.750968 ], [ -15.8753633, 11.7507019 ], [ -15.8800688, 11.7529297 ], [ -15.8841038, 11.7570105 ], [ -15.8839216, 11.760232 ], [ -15.8797579, 11.7625971 ], [ -15.8683004, 11.7616243 ] ], [ [ 12.79844, -5.998322 ], [ 12.7956829, -5.9983211 ], [ 12.7931557, -5.9955602 ], [ 12.7936153, -5.9927998 ], [ 12.7970629, -5.989583 ], [ 12.7993612, -5.9829149 ], [ 12.8039579, -5.9810781 ], [ 12.8083229, -5.9861388 ], [ 12.8071737, -5.990047 ], [ 12.79844, -5.998322 ] ], [ [ -15.7360592, 11.3055744 ], [ -15.7300501, 11.3088856 ], [ -15.7279062, 11.3059263 ], [ -15.7321339, 11.2929802 ], [ -15.7348785, 11.2897186 ], [ -15.7410383, 11.2960672 ], [ -15.740633, 11.2999849 ], [ -15.7360592, 11.3055744 ] ], [ [ 5.7409201, 4.4901199 ], [ 5.7310948, 4.5000639 ], [ 5.726995, 4.5067592 ], [ 5.7281523, 4.5092859 ], [ 5.7418761, 4.4988642 ], [ 5.746892, 4.4914751 ], [ 5.745729, 4.488256 ], [ 5.7409201, 4.4901199 ] ], [ [ 12.4194984, -6.0219569 ], [ 12.4227219, -6.0118418 ], [ 12.4257107, -6.008625 ], [ 12.4296179, -6.0081692 ], [ 12.4312258, -6.0102401 ], [ 12.4319067, -6.0228891 ], [ 12.4254751, -6.0189729 ], [ 12.4238625, -6.0261002 ], [ 12.4217939, -6.0258679 ], [ 12.4194984, -6.0219569 ] ], [ [ -13.4356832, 9.2685699 ], [ -13.4341192, 9.2763948 ], [ -13.4304209, 9.2768803 ], [ -13.4213753, 9.2734938 ], [ -13.4201994, 9.2707434 ], [ -13.4217863, 9.2661362 ], [ -13.4280243, 9.264945 ], [ -13.4298859, 9.2665405 ], [ -13.4347439, 9.2665081 ], [ -13.4356832, 9.2685699 ] ], [ [ -13.8018312, 9.4568377 ], [ -13.8048458, 9.4575024 ], [ -13.8035097, 9.4637194 ], [ -13.7989101, 9.4674349 ], [ -13.7901316, 9.4695749 ], [ -13.7868605, 9.4659233 ], [ -13.7875261, 9.4624701 ], [ -13.7926216, 9.4628887 ], [ -13.7960434, 9.4568844 ], [ -13.7988319, 9.4580116 ], [ -13.8018312, 9.4568377 ] ], [ [ -15.7709351, 11.3595743 ], [ -15.770196, 11.3570547 ], [ -15.77353, 11.3466511 ], [ -15.7747869, 11.3452225 ], [ -15.7774229, 11.3422203 ], [ -15.7815971, 11.3407774 ], [ -15.7853947, 11.3450909 ], [ -15.7741728, 11.3579149 ], [ -15.7709351, 11.3595743 ] ], [ [ -13.0228548, 8.5730696 ], [ -13.0247221, 8.5769644 ], [ -13.021512, 8.5806561 ], [ -13.0155277, 8.5834436 ], [ -13.0115967, 8.5818567 ], [ -13.0090427, 8.5788851 ], [ -13.0101776, 8.5754337 ], [ -13.0152321, 8.5715017 ], [ -13.0200758, 8.5712471 ], [ -13.0228548, 8.5730696 ] ], [ [ -16.4845314, 20.5936661 ], [ -16.4869518, 20.5957527 ], [ -16.4881172, 20.6015072 ], [ -16.4865341, 20.6141281 ], [ -16.4828072, 20.6212196 ], [ -16.4793797, 20.6223392 ], [ -16.4845314, 20.5936661 ] ], [ [ -17.4783707, 14.6547861 ], [ -17.4799442, 14.6605444 ], [ -17.4704762, 14.6618023 ], [ -17.4690933, 14.6592598 ], [ -17.4656067, 14.6550837 ], [ -17.4685059, 14.650528 ], [ -17.4739513, 14.6496782 ], [ -17.4783707, 14.6547861 ] ], [ [ 12.8595715, -5.9475279 ], [ 12.8616371, -5.9500589 ], [ 12.8604879, -5.9514379 ], [ 12.8450928, -5.9548812 ], [ 12.8409567, -5.954649 ], [ 12.8375101, -5.9518881 ], [ 12.8386583, -5.9505091 ], [ 12.8457823, -5.9500523 ], [ 12.8524456, -5.9470649 ], [ 12.8595715, -5.9475279 ] ], [ [ 9.6309967, 3.616679 ], [ 9.6342344, 3.6282101 ], [ 9.6392355, 3.634866 ], [ 9.6407967, 3.6350501 ], [ 9.6418619, 3.6308701 ], [ 9.6382322, 3.6275351 ], [ 9.6348238, 3.6154809 ], [ 9.6346912, 3.60798 ], [ 9.6327896, 3.606225 ], [ 9.6309967, 3.616679 ] ], [ [ 8.8358097, -0.937436 ], [ 8.8308287, -0.9286761 ], [ 8.8181171, -0.9129819 ], [ 8.819953, -0.911153 ], [ 8.8315439, -0.9227059 ], [ 8.8380928, -0.937678 ], [ 8.8358097, -0.937436 ] ], [ [ -13.7904243, 9.8378582 ], [ -13.7885942, 9.8408613 ], [ -13.783062, 9.8445845 ], [ -13.7699423, 9.8484154 ], [ -13.7714701, 9.8444481 ], [ -13.7878551, 9.8355789 ], [ -13.7904243, 9.8378582 ] ], [ [ 12.8092365, -6.0199442 ], [ 12.8083172, -6.0238519 ], [ 12.7968273, -6.0266061 ], [ 12.7952185, -6.0252261 ], [ 12.7956791, -6.0224662 ], [ 12.8030329, -6.0167212 ], [ 12.8083191, -6.0164943 ], [ 12.8092365, -6.0199442 ] ], [ [ 12.9098892, -5.9868731 ], [ 12.9147148, -5.9813561 ], [ 12.9202299, -5.9808979 ], [ 12.9213791, -5.9836578 ], [ 12.9177027, -5.988256 ], [ 12.9071321, -5.9928513 ], [ 12.9052935, -5.9907813 ], [ 12.9062128, -5.988482 ], [ 12.9098892, -5.9868731 ] ], [ [ -15.2250433, 11.144146 ], [ -15.2278919, 11.1309958 ], [ -15.2318382, 11.130023 ], [ -15.233264, 11.1320753 ], [ -15.228817, 11.1475468 ], [ -15.2255659, 11.1482801 ], [ -15.2250433, 11.144146 ] ], [ [ -12.4828644, 7.43467 ], [ -12.4865456, 7.439033 ], [ -12.4881544, 7.4433942 ], [ -12.485878, 7.4470558 ], [ -12.4815044, 7.4433498 ], [ -12.4791813, 7.43926 ], [ -12.4771109, 7.43857 ], [ -12.4755011, 7.4353571 ], [ -12.4761925, 7.4335198 ], [ -12.4828644, 7.43467 ] ], [ [ -12.9900932, 7.6302018 ], [ -12.9946976, 7.631577 ], [ -12.9958487, 7.6329541 ], [ -12.995389, 7.636167 ], [ -12.9880257, 7.6419058 ], [ -12.9857225, 7.6407599 ], [ -12.9836512, 7.6370893 ], [ -12.9900932, 7.6302018 ] ], [ [ -14.709157, 11.0108347 ], [ -14.7056112, 11.0062733 ], [ -14.7072191, 11.0044165 ], [ -14.7146606, 11.0036411 ], [ -14.7167692, 11.0047674 ], [ -14.7177353, 11.0077467 ], [ -14.7143059, 11.0130768 ], [ -14.7096634, 11.0142794 ], [ -14.709157, 11.0108347 ] ], [ [ -13.1698656, 8.8830566 ], [ -13.1675596, 8.8837595 ], [ -13.1596584, 8.8759947 ], [ -13.1577873, 8.8720989 ], [ -13.1596212, 8.869791 ], [ -13.1682053, 8.8759441 ], [ -13.1712341, 8.8802919 ], [ -13.1698656, 8.8830566 ] ], [ [ -15.9414358, 11.2074013 ], [ -15.9435883, 11.2108183 ], [ -15.9434042, 11.2138128 ], [ -15.9385166, 11.2141199 ], [ -15.9326591, 11.212141 ], [ -15.9305115, 11.2089539 ], [ -15.9318705, 11.2066317 ], [ -15.936511, 11.2054091 ], [ -15.9414358, 11.2074013 ] ], [ [ -15.8796186, 11.5509348 ], [ -15.8778086, 11.5544138 ], [ -15.8715591, 11.5575018 ], [ -15.8687515, 11.557085 ], [ -15.8673124, 11.5545769 ], [ -15.8707266, 11.5492315 ], [ -15.8777008, 11.5477438 ], [ -15.8796186, 11.5509348 ] ], [ [ -15.9962301, 23.5080624 ], [ -16.0023098, 23.5186729 ], [ -16.0032463, 23.5232677 ], [ -15.998292, 23.5218391 ], [ -15.9932089, 23.5110092 ], [ -15.9935112, 23.5068874 ], [ -15.9962301, 23.5080624 ] ], [ [ -13.0662947, 7.6705618 ], [ -13.0610018, 7.6742358 ], [ -13.0547876, 7.6751561 ], [ -13.0513344, 7.6733222 ], [ -13.0513334, 7.6717162 ], [ -13.0653725, 7.6664319 ], [ -13.0662947, 7.6705618 ] ], [ [ -15.1893768, 10.918252 ], [ -15.1874533, 10.9136763 ], [ -15.189249, 10.9088221 ], [ -15.192234, 10.9057922 ], [ -15.1943378, 10.906455 ], [ -15.1946478, 10.9122019 ], [ -15.1942577, 10.9177275 ], [ -15.1924171, 10.9193621 ], [ -15.1893768, 10.918252 ] ], [ [ -13.0071154, 7.594624 ], [ -13.0068884, 7.6033449 ], [ -13.0043573, 7.6049528 ], [ -12.999754, 7.6042662 ], [ -12.9981413, 7.6019711 ], [ -12.9997511, 7.5980692 ], [ -13.0020523, 7.5955429 ], [ -13.0071154, 7.594624 ] ], [ [ -13.1273336, 8.5368958 ], [ -13.127346, 8.5416536 ], [ -13.1250801, 8.5452852 ], [ -13.1193962, 8.5482464 ], [ -13.1173439, 8.5471191 ], [ -13.1177921, 8.5441723 ], [ -13.1218758, 8.53895 ], [ -13.1250553, 8.5362225 ], [ -13.1273336, 8.5368958 ] ], [ [ 12.4275532, -6.0021882 ], [ 12.426177, -5.999197 ], [ 12.4346828, -5.9932261 ], [ 12.4429522, -5.9978328 ], [ 12.4408827, -5.999671 ], [ 12.4351387, -5.9989762 ], [ 12.4275532, -6.0021882 ] ], [ [ 12.7915459, -6.000618 ], [ 12.7901669, -6.0038371 ], [ 12.7818937, -6.0077419 ], [ 12.7802849, -6.005672 ], [ 12.782814, -6.000844 ], [ 12.7858019, -5.998085 ], [ 12.7903976, -5.9969378 ], [ 12.7915459, -6.000618 ] ], [ [ -12.4754477, 7.5852351 ], [ -12.4805088, 7.5941863 ], [ -12.4768238, 7.5990052 ], [ -12.4740639, 7.5957909 ], [ -12.4717646, 7.587759 ], [ -12.4733772, 7.5845461 ], [ -12.4754477, 7.5852351 ] ], [ [ -15.9199467, 11.3190889 ], [ -15.9169054, 11.3184471 ], [ -15.9152231, 11.3152523 ], [ -15.9165726, 11.3122406 ], [ -15.9235315, 11.3102903 ], [ -15.9263535, 11.3116264 ], [ -15.9266338, 11.3146133 ], [ -15.9199467, 11.3190889 ] ], [ [ -15.5658894, 11.8510284 ], [ -15.5677166, 11.8482418 ], [ -15.5707417, 11.8475075 ], [ -15.5754528, 11.8502007 ], [ -15.5771427, 11.853857 ], [ -15.5757828, 11.856638 ], [ -15.5722876, 11.8571482 ], [ -15.5658894, 11.8510284 ] ], [ [ -15.889986, 11.6006985 ], [ -15.8855648, 11.6014576 ], [ -15.8841028, 11.5975695 ], [ -15.8854389, 11.5936375 ], [ -15.8903046, 11.5914917 ], [ -15.8933554, 11.5925941 ], [ -15.8934135, 11.5962744 ], [ -15.889986, 11.6006985 ] ], [ [ -14.8028698, 10.9437361 ], [ -14.802825, 10.9400558 ], [ -14.8104439, 10.934906 ], [ -14.8144112, 10.9357796 ], [ -14.8153696, 10.9380684 ], [ -14.8126163, 10.9413214 ], [ -14.8028698, 10.9437361 ] ], [ [ 12.8823175, -5.9390292 ], [ 12.8804789, -5.942018 ], [ 12.8705988, -5.9466128 ], [ 12.867382, -5.9456921 ], [ 12.8678417, -5.9436231 ], [ 12.8813982, -5.9364991 ], [ 12.8823175, -5.9390292 ] ], [ [ -13.1162319, 8.5568647 ], [ -13.1166925, 8.5595827 ], [ -13.1123857, 8.565938 ], [ -13.1103382, 8.5663967 ], [ -13.1085129, 8.5648165 ], [ -13.1078176, 8.5602865 ], [ -13.1098595, 8.5573359 ], [ -13.1137257, 8.5559645 ], [ -13.1162319, 8.5568647 ] ], [ [ -13.3268871, 9.1530027 ], [ -13.3232269, 9.1590014 ], [ -13.3197689, 9.1606321 ], [ -13.3185949, 9.1578817 ], [ -13.3240995, 9.151412 ], [ -13.3206244, 9.1500559 ], [ -13.3201466, 9.1477604 ], [ -13.3256865, 9.1463461 ], [ -13.3268871, 9.1530027 ] ], [ [ -15.204092, 10.8706713 ], [ -15.2132549, 10.8599701 ], [ -15.2155876, 10.8603992 ], [ -15.2098904, 10.869216 ], [ -15.2072134, 10.8777618 ], [ -15.204092, 10.8706713 ] ], [ [ -12.4881239, 7.5335979 ], [ -12.4911165, 7.5331402 ], [ -12.4927263, 7.5368128 ], [ -12.492033, 7.5436978 ], [ -12.4890404, 7.54737 ], [ -12.4869699, 7.5446148 ], [ -12.4881239, 7.5335979 ] ], [ [ -12.4823704, 7.5333672 ], [ -12.4770813, 7.5234962 ], [ -12.4775419, 7.5207419 ], [ -12.4800739, 7.5214319 ], [ -12.4835243, 7.5260229 ], [ -12.4865141, 7.5317621 ], [ -12.4858227, 7.5340571 ], [ -12.4823704, 7.5333672 ] ], [ [ 12.8595657, -5.9914517 ], [ 12.8609438, -5.9932919 ], [ 12.8588753, -5.9960508 ], [ 12.8515224, -5.9971981 ], [ 12.8494539, -5.996047 ], [ 12.8496847, -5.992137 ], [ 12.8517523, -5.9905291 ], [ 12.8595657, -5.9914517 ] ], [ [ -12.4901419, 7.5196967 ], [ -12.48491, 7.5117941 ], [ -12.4869843, 7.5028419 ], [ -12.4894857, 7.5000649 ], [ -12.4901419, 7.5196967 ] ], [ [ -16.0129547, 23.5419388 ], [ -16.0116863, 23.5439892 ], [ -16.0070152, 23.5395832 ], [ -16.004612, 23.5331383 ], [ -16.0063934, 23.5299492 ], [ -16.0081367, 23.5297375 ], [ -16.0129547, 23.5419388 ] ], [ [ 12.9050655, -5.9284592 ], [ 12.9018488, -5.9325981 ], [ 12.897253, -5.934206 ], [ 12.8926573, -5.9335141 ], [ 12.894496, -5.930295 ], [ 12.8990917, -5.9270768 ], [ 12.902998, -5.9266191 ], [ 12.9050655, -5.9284592 ] ], [ [ 12.6699839, -6.007215 ], [ 12.6665354, -6.0115819 ], [ 12.6594114, -6.0122671 ], [ 12.657114, -6.0101962 ], [ 12.6596432, -6.0067477 ], [ 12.6637793, -6.0072107 ], [ 12.6688356, -6.005374 ], [ 12.6699839, -6.007215 ] ], [ [ -13.1210051, 8.5539064 ], [ -13.1228189, 8.5511827 ], [ -13.1257772, 8.5507212 ], [ -13.1287422, 8.5527515 ], [ -13.1269388, 8.5593271 ], [ -13.1226139, 8.5593395 ], [ -13.1205578, 8.5568533 ], [ -13.1210051, 8.5539064 ] ], [ [ -16.7559586, 13.921423 ], [ -16.7581768, 13.914485 ], [ -16.761013, 13.9151211 ], [ -16.7622528, 13.9183178 ], [ -16.7616673, 13.9245358 ], [ -16.7581787, 13.9266701 ], [ -16.7559586, 13.921423 ] ], [ [ -16.013031, 23.5554657 ], [ -16.0082531, 23.5595398 ], [ -16.0071945, 23.5645714 ], [ -16.0049419, 23.5656929 ], [ -16.0035, 23.5617809 ], [ -16.0050507, 23.5572128 ], [ -16.0078297, 23.5538044 ], [ -16.0108204, 23.5533772 ], [ -16.013031, 23.5554657 ] ], [ [ -11.5754747, 6.9887342 ], [ -11.5704145, 6.988956 ], [ -11.5736427, 6.9834499 ], [ -11.5768652, 6.9813871 ], [ -11.5816927, 6.9830022 ], [ -11.5812292, 6.985527 ], [ -11.5754747, 6.9887342 ] ], [ [ 13.132515, -8.935709 ], [ 13.1306524, -8.9327278 ], [ 13.1320276, -8.9297342 ], [ 13.1343374, -8.929266 ], [ 13.1364346, -8.9329348 ], [ 13.1428499, -8.9314651 ], [ 13.1425695, -8.9334593 ], [ 13.1366835, -8.936841 ], [ 13.132515, -8.935709 ] ], [ [ -13.7192287, 9.8627949 ], [ -13.7249861, 9.8581514 ], [ -13.7320251, 9.8551979 ], [ -13.7326345, 9.8580914 ], [ -13.7229481, 9.8641453 ], [ -13.7192287, 9.8627949 ] ], [ [ -13.1300545, 8.5330372 ], [ -13.1316385, 8.5296345 ], [ -13.1343737, 8.5305328 ], [ -13.135745, 8.532794 ], [ -13.1357613, 8.5386848 ], [ -13.1323538, 8.5411863 ], [ -13.1300545, 8.5330372 ] ], [ [ 12.9404507, -5.9625072 ], [ 12.9507914, -5.956532 ], [ 12.9523993, -5.9590621 ], [ 12.951251, -5.961132 ], [ 12.9482641, -5.9632001 ], [ 12.942749, -5.964118 ], [ 12.9404507, -5.9625072 ] ], [ [ 12.5943785, -6.01544 ], [ 12.5936909, -6.0096898 ], [ 12.5957603, -6.0055518 ], [ 12.5992079, -6.004405 ], [ 12.6001253, -6.0101552 ], [ 12.5943785, -6.01544 ] ], [ [ 13.0514317, -8.9826202 ], [ 13.0505896, -8.9794607 ], [ 13.0568466, -8.9729023 ], [ 13.0580788, -8.9728851 ], [ 13.0563784, -8.9812784 ], [ 13.0545149, -8.9827318 ], [ 13.0514317, -8.9826202 ] ], [ [ -15.9497662, 11.8746986 ], [ -15.9497967, 11.8765392 ], [ -15.9386263, 11.8842869 ], [ -15.9372606, 11.8833075 ], [ -15.9407349, 11.8794422 ], [ -15.9478865, 11.8740387 ], [ -15.9497662, 11.8746986 ] ], [ [ 9.3861122, 0.797314 ], [ 9.3840513, 0.7986839 ], [ 9.3856411, 0.8007569 ], [ 9.395462, 0.800336 ], [ 9.3961515, 0.79942 ], [ 9.3943367, 0.796427 ], [ 9.3861122, 0.797314 ] ], [ [ -12.997447, 7.5888901 ], [ -13.004158, 7.588233 ], [ -13.0070028, 7.589293 ], [ -12.996068, 7.5946279 ], [ -12.9956055, 7.5909562 ], [ -12.997447, 7.5888901 ] ], [ [ -14.5751219, 10.7687216 ], [ -14.5780535, 10.7604084 ], [ -14.5808582, 10.7617588 ], [ -14.5763311, 10.7728481 ], [ -14.5751219, 10.7687216 ] ] ], [ [ [ 8.9268102, 3.7734017 ], [ 8.9305913, 3.7794222 ], [ 8.9326759, 3.7842714 ], [ 8.9300202, 3.7963033 ], [ 8.9297901, 3.7966277 ], [ 8.9237637, 3.8007251 ], [ 8.9192379, 3.8032118 ], [ 8.91537, 3.8034024 ], [ 8.9113786, 3.8006879 ], [ 8.9043478, 3.7955628 ], [ 8.8992417, 3.7876382 ], [ 8.8974461, 3.784803 ], [ 8.8883827, 3.7789214 ], [ 8.8831072, 3.7782317 ], [ 8.8745, 3.7754032 ], [ 8.8666365, 3.772491 ], [ 8.8606354, 3.7738246 ], [ 8.8575164, 3.7748271 ], [ 8.8499692, 3.776146 ], [ 8.8426238, 3.7746085 ], [ 8.8380831, 3.7725987 ], [ 8.8316269, 3.7705694 ], [ 8.8264532, 3.7674956 ], [ 8.8175885, 3.765255 ], [ 8.8144361, 3.765255 ], [ 8.8073521, 3.7674568 ], [ 8.8037165, 3.7706871 ], [ 8.8003426, 3.7725833 ], [ 8.792243, 3.7749214 ], [ 8.7834046, 3.7773429 ], [ 8.7749515, 3.7769537 ], [ 8.766754, 3.7764599 ], [ 8.7602547, 3.7776415 ], [ 8.7560486, 3.7783426 ], [ 8.7503276, 3.7793123 ], [ 8.7475645, 3.7810622 ], [ 8.7446592, 3.7839675 ], [ 8.7396487, 3.7897581 ], [ 8.7337684, 3.793024 ], [ 8.7289635, 3.7961973 ], [ 8.7214334, 3.796255 ], [ 8.7167328, 3.7976397 ], [ 8.7123837, 3.7966524 ], [ 8.7043404, 3.796435 ], [ 8.699645, 3.7947795 ], [ 8.6926035, 3.7908109 ], [ 8.6879235, 3.7839596 ], [ 8.6851446, 3.7815668 ], [ 8.6826931, 3.7784387 ], [ 8.6757476, 3.77415 ], [ 8.6721836, 3.7670312 ], [ 8.6702351, 3.7624796 ], [ 8.6694122, 3.7538268 ], [ 8.6680862, 3.74947 ], [ 8.6660616, 3.7468011 ], [ 8.6586984, 3.74132 ], [ 8.6513896, 3.7332032 ], [ 8.6492699, 3.7298823 ], [ 8.6436348, 3.7229621 ], [ 8.6379362, 3.7173617 ], [ 8.6347433, 3.7152463 ], [ 8.6325435, 3.7107573 ], [ 8.6278025, 3.705421 ], [ 8.6243661, 3.7006143 ], [ 8.6193456, 3.6972525 ], [ 8.6160542, 3.6915379 ], [ 8.6110807, 3.6889797 ], [ 8.6081994, 3.683944 ], [ 8.6033138, 3.6799182 ], [ 8.5994299, 3.671755 ], [ 8.5955347, 3.671696 ], [ 8.5951395, 3.6714587 ], [ 8.5949437, 3.6710812 ], [ 8.5948998, 3.6666901 ], [ 8.5945087, 3.6621923 ], [ 8.5931112, 3.6560831 ], [ 8.5927104, 3.6501383 ], [ 8.5900824, 3.6428384 ], [ 8.5878056, 3.6389739 ], [ 8.5849472, 3.632532 ], [ 8.5824222, 3.6210509 ], [ 8.581414, 3.6167036 ], [ 8.5799019, 3.6024741 ], [ 8.5801052, 3.5987588 ], [ 8.5823713, 3.5834764 ], [ 8.5774034, 3.5721768 ], [ 8.5743369, 3.5672896 ], [ 8.569559, 3.5639725 ], [ 8.5660152, 3.5610213 ], [ 8.5623569, 3.553857 ], [ 8.5615277, 3.5501752 ], [ 8.5598365, 3.5443058 ], [ 8.5587347, 3.5405991 ], [ 8.5568141, 3.533485 ], [ 8.5568081, 3.5165502 ], [ 8.5584185, 3.507869 ], [ 8.5601733, 3.499971 ], [ 8.5580479, 3.4920488 ], [ 8.5545983, 3.4839998 ], [ 8.5507307, 3.4819311 ], [ 8.5471254, 3.4815361 ], [ 8.5383752, 3.479055 ], [ 8.5332914, 3.4790549 ], [ 8.5281185, 3.4789555 ], [ 8.5215118, 3.4793544 ], [ 8.516926, 3.4792599 ], [ 8.5139061, 3.4809568 ], [ 8.5072672, 3.4839935 ], [ 8.5060229, 3.488902 ], [ 8.4998726, 3.4987253 ], [ 8.4955591, 3.5007797 ], [ 8.4870158, 3.5042973 ], [ 8.4833752, 3.5055386 ], [ 8.4829572, 3.5054822 ], [ 8.4826215, 3.5052242 ], [ 8.4806368, 3.5011435 ], [ 8.4737629, 3.4928947 ], [ 8.4660365, 3.4864512 ], [ 8.4647657, 3.4843784 ], [ 8.4570826, 3.4751954 ], [ 8.4512537, 3.466556 ], [ 8.4492695, 3.4635797 ], [ 8.4435916, 3.4562085 ], [ 8.4391541, 3.4505876 ], [ 8.4355766, 3.4475565 ], [ 8.4325063, 3.4382229 ], [ 8.4296089, 3.435128 ], [ 8.4233362, 3.4264267 ], [ 8.4211275, 3.4223164 ], [ 8.4174359, 3.4167276 ], [ 8.4159609, 3.4141727 ], [ 8.4097114, 3.4066663 ], [ 8.407818, 3.3999465 ], [ 8.4097335, 3.3937048 ], [ 8.4112311, 3.3876161 ], [ 8.4125129, 3.383178 ], [ 8.4127916, 3.3803906 ], [ 8.4111069, 3.3714239 ], [ 8.4113028, 3.3665861 ], [ 8.4116991, 3.3626161 ], [ 8.411501, 3.3542368 ], [ 8.4118095, 3.3498274 ], [ 8.4124055, 3.3465394 ], [ 8.4131101, 3.3358249 ], [ 8.413816, 3.3322817 ], [ 8.4158221, 3.3210557 ], [ 8.4169465, 3.3167668 ], [ 8.4179166, 3.3142394 ], [ 8.4190629, 3.3029515 ], [ 8.4212468, 3.299342 ], [ 8.421555, 3.2991198 ], [ 8.4298818, 3.2967696 ], [ 8.4296229, 3.2859976 ], [ 8.4309153, 3.2824469 ], [ 8.4325051, 3.2661775 ], [ 8.4329112, 3.2657469 ], [ 8.4459416, 3.2623609 ], [ 8.44941, 3.2571883 ], [ 8.44979, 3.256974 ], [ 8.4566385, 3.2558608 ], [ 8.4605293, 3.2550628 ], [ 8.4665185, 3.2539647 ], [ 8.4703624, 3.2530776 ], [ 8.4829444, 3.2490641 ], [ 8.4999788, 3.2483467 ], [ 8.5166533, 3.2482472 ], [ 8.5282835, 3.2444033 ], [ 8.5329623, 3.2424126 ], [ 8.5399431, 3.2396976 ], [ 8.5454957, 3.2326257 ], [ 8.5500146, 3.2311591 ], [ 8.5645767, 3.2324666 ], [ 8.566781, 3.2331304 ], [ 8.5725186, 3.2324504 ], [ 8.5834106, 3.2317502 ], [ 8.5966292, 3.2299434 ], [ 8.5991405, 3.2162096 ], [ 8.5996328, 3.2158054 ], [ 8.6166639, 3.2155467 ], [ 8.6325923, 3.2144516 ], [ 8.6349471, 3.2140505 ], [ 8.6491128, 3.2143402 ], [ 8.6565438, 3.2088393 ], [ 8.6583406, 3.2073262 ], [ 8.6643929, 3.199228 ], [ 8.6666597, 3.1984621 ], [ 8.6699773, 3.1991427 ], [ 8.6776732, 3.205372 ], [ 8.6836013, 3.2079959 ], [ 8.689756, 3.209684 ], [ 8.6962618, 3.2117854 ], [ 8.701437, 3.2132782 ], [ 8.7112158, 3.2158634 ], [ 8.7146458, 3.2189713 ], [ 8.7175466, 3.227444 ], [ 8.7194471, 3.2324466 ], [ 8.7206849, 3.2363337 ], [ 8.7203052, 3.2471196 ], [ 8.7210423, 3.249331 ], [ 8.729303, 3.2540009 ], [ 8.7295687, 3.2544571 ], [ 8.7295998, 3.2618506 ], [ 8.7319688, 3.2669676 ], [ 8.7338945, 3.2693518 ], [ 8.7423196, 3.2743099 ], [ 8.7485181, 3.2835034 ], [ 8.7506152, 3.2859819 ], [ 8.7582954, 3.2915757 ], [ 8.7664939, 3.3003773 ], [ 8.7733787, 3.3102016 ], [ 8.7761449, 3.3163456 ], [ 8.777861, 3.3227859 ], [ 8.7799591, 3.3288833 ], [ 8.781485, 3.3345037 ], [ 8.7820985, 3.3478008 ], [ 8.7822989, 3.3509214 ], [ 8.7822956, 3.3658188 ], [ 8.7817949, 3.3691519 ], [ 8.7809877, 3.3801878 ], [ 8.7802313, 3.3833297 ], [ 8.7809817, 3.3859143 ], [ 8.7837496, 3.3880572 ], [ 8.7918394, 3.3913464 ], [ 8.7978808, 3.3993557 ], [ 8.7998113, 3.4012862 ], [ 8.8042382, 3.40317 ], [ 8.8119711, 3.4042485 ], [ 8.8174267, 3.4091347 ], [ 8.8200635, 3.4153112 ], [ 8.8207962, 3.4199057 ], [ 8.8204023, 3.4304055 ], [ 8.8207791, 3.4331377 ], [ 8.8224548, 3.4379682 ], [ 8.8240488, 3.443148 ], [ 8.8265474, 3.4493945 ], [ 8.8306818, 3.4527755 ], [ 8.834061, 3.4588649 ], [ 8.8371815, 3.4632091 ], [ 8.8384125, 3.4662571 ], [ 8.8432257, 3.4747984 ], [ 8.8458187, 3.4829539 ], [ 8.8478091, 3.485966 ], [ 8.8508261, 3.4953779 ], [ 8.8527834, 3.498706 ], [ 8.8559793, 3.5047968 ], [ 8.8583934, 3.5086276 ], [ 8.8615873, 3.5161995 ], [ 8.8640947, 3.5196387 ], [ 8.8675166, 3.5295562 ], [ 8.8691388, 3.5321327 ], [ 8.8762397, 3.5414367 ], [ 8.881795, 3.5504303 ], [ 8.8840591, 3.5558315 ], [ 8.8891143, 3.5607894 ], [ 8.8948765, 3.5659555 ], [ 8.8981617, 3.56855 ], [ 8.900725, 3.5729048 ], [ 8.9054352, 3.5779094 ], [ 8.9104964, 3.5826728 ], [ 8.9143231, 3.5859427 ], [ 8.9175221, 3.594874 ], [ 8.919658, 3.5986603 ], [ 8.9264772, 3.6080994 ], [ 8.9300209, 3.6160549 ], [ 8.9323947, 3.6177987 ], [ 8.9339626, 3.6211333 ], [ 8.9421381, 3.6242479 ], [ 8.9424272, 3.6246048 ], [ 8.9447589, 3.6330783 ], [ 8.9463836, 3.637773 ], [ 8.9453124, 3.6443545 ], [ 8.946195, 3.6498687 ], [ 8.9462999, 3.654529 ], [ 8.9464996, 3.6622183 ], [ 8.9466992, 3.6666571 ], [ 8.9463975, 3.6712191 ], [ 8.9457979, 3.6783156 ], [ 8.9454992, 3.6833936 ], [ 8.9453018, 3.6889216 ], [ 8.9458983, 3.6949304 ], [ 8.9456012, 3.6999604 ], [ 8.9457998, 3.7051262 ], [ 8.9459, 3.7116346 ], [ 8.945991, 3.7167395 ], [ 8.944312, 3.7233198 ], [ 8.9446848, 3.7272421 ], [ 8.9445653, 3.7276215 ], [ 8.9399587, 3.7337106 ], [ 8.9392483, 3.7386272 ], [ 8.9341362, 3.7476041 ], [ 8.9333974, 3.7501544 ], [ 8.9305416, 3.7540642 ], [ 8.9268031, 3.759911 ], [ 8.9201673, 3.7666507 ], [ 8.9268102, 3.7734017 ] ], [ [ 8.8815947, 3.7671709 ], [ 8.8845701, 3.767874 ], [ 8.8985682, 3.7640262 ], [ 8.9034204, 3.7555361 ], [ 8.9098425, 3.7544141 ], [ 8.9155998, 3.7484581 ], [ 8.916338, 3.737648 ], [ 8.921402, 3.7328401 ], [ 8.9223595, 3.7243321 ], [ 8.9315605, 3.717011 ], [ 8.9338799, 3.710809 ], [ 8.9343138, 3.7075541 ], [ 8.9367294, 3.6894269 ], [ 8.9360971, 3.677691 ], [ 8.9379816, 3.666656 ], [ 8.9375534, 3.660213 ], [ 8.9310093, 3.6385582 ], [ 8.9182711, 3.618716 ], [ 8.9061899, 3.605319 ], [ 8.9014263, 3.595175 ], [ 8.8984547, 3.593781 ], [ 8.8911896, 3.5794852 ], [ 8.855896, 3.5333149 ], [ 8.8477516, 3.5118821 ], [ 8.8261814, 3.4712939 ], [ 8.8168545, 3.457448 ], [ 8.810914, 3.4542 ], [ 8.8091497, 3.4401591 ], [ 8.8103132, 3.436254 ], [ 8.8085041, 3.4314141 ], [ 8.8117409, 3.4252179 ], [ 8.8076391, 3.4208281 ], [ 8.7998743, 3.415961 ], [ 8.7928247, 3.4051161 ], [ 8.7880116, 3.406013 ], [ 8.7786608, 3.397228 ], [ 8.7706585, 3.3944311 ], [ 8.7672348, 3.391654 ], [ 8.7656603, 3.3856649 ], [ 8.7712584, 3.3649869 ], [ 8.769803, 3.3606958 ], [ 8.7692261, 3.3589962 ], [ 8.7715921, 3.3435941 ], [ 8.764616, 3.3180261 ], [ 8.7607546, 3.311337 ], [ 8.7429876, 3.29124 ], [ 8.7147293, 3.262351 ], [ 8.7113276, 3.2556629 ], [ 8.7017851, 3.239975 ], [ 8.6988583, 3.22984 ], [ 8.6936111, 3.2256739 ], [ 8.6847439, 3.212749 ], [ 8.677887, 3.2099559 ], [ 8.6696262, 3.2131372 ], [ 8.6473484, 3.225683 ], [ 8.6326647, 3.2309041 ], [ 8.628541, 3.2311141 ], [ 8.6244354, 3.227874 ], [ 8.6205435, 3.2276249 ], [ 8.5945892, 3.2422221 ], [ 8.5698605, 3.2411811 ], [ 8.5625534, 3.2367749 ], [ 8.5577478, 3.2360611 ], [ 8.5497198, 3.238322 ], [ 8.5178003, 3.2547281 ], [ 8.4953537, 3.2550771 ], [ 8.4836578, 3.258009 ], [ 8.4774561, 3.2614291 ], [ 8.4652815, 3.26827 ], [ 8.4595594, 3.26755 ], [ 8.4476013, 3.2766919 ], [ 8.4424963, 3.289319 ], [ 8.44384, 3.2950771 ], [ 8.4405985, 3.29864 ], [ 8.4394627, 3.299886 ], [ 8.4396582, 3.3063281 ], [ 8.4299612, 3.3210032 ], [ 8.4308357, 3.3288291 ], [ 8.4273758, 3.3334119 ], [ 8.4245825, 3.34214 ], [ 8.4250078, 3.3481231 ], [ 8.4231138, 3.359617 ], [ 8.42558, 3.369751 ], [ 8.4245911, 3.383549 ], [ 8.4300375, 3.3934691 ], [ 8.4360952, 3.4174249 ], [ 8.4405994, 3.431942 ], [ 8.4494705, 3.4441791 ], [ 8.4551353, 3.45594 ], [ 8.4594612, 3.4610229 ], [ 8.4667721, 3.464741 ], [ 8.4701824, 3.4698191 ], [ 8.4779491, 3.473999 ], [ 8.4827566, 3.4749429 ], [ 8.4864492, 3.46944 ], [ 8.5118847, 3.4681859 ], [ 8.519453, 3.4666131 ], [ 8.5416746, 3.466723 ], [ 8.5556688, 3.4628811 ], [ 8.5616245, 3.46314 ], [ 8.5737352, 3.468951 ], [ 8.5769215, 3.4733369 ], [ 8.5814428, 3.4848619 ], [ 8.5834026, 3.5048869 ], [ 8.5820141, 3.5076401 ], [ 8.5735064, 3.5138099 ], [ 8.5732584, 3.5174899 ], [ 8.5827885, 3.535481 ], [ 8.5871286, 3.538033 ], [ 8.5912418, 3.540123 ], [ 8.6046953, 3.5528419 ], [ 8.6083317, 3.5586109 ], [ 8.6096363, 3.5724199 ], [ 8.6079979, 3.579314 ], [ 8.6072903, 3.5832222 ], [ 8.6111336, 3.5935929 ], [ 8.6087942, 3.603014 ], [ 8.6123028, 3.634089 ], [ 8.6113596, 3.6393759 ], [ 8.612401, 3.6600859 ], [ 8.6162653, 3.666086 ], [ 8.6224318, 3.670258 ], [ 8.6258202, 3.6799359 ], [ 8.6308298, 3.686172 ], [ 8.6490631, 3.7058139 ], [ 8.6784115, 3.7485161 ], [ 8.6824923, 3.757277 ], [ 8.6843128, 3.7646179 ], [ 8.6858635, 3.7708671 ], [ 8.6899633, 3.775718 ], [ 8.6956863, 3.7771249 ], [ 8.7007027, 3.7822099 ], [ 8.7194767, 3.78598 ], [ 8.7291393, 3.7784331 ], [ 8.7307596, 3.7752199 ], [ 8.7266684, 3.7682991 ], [ 8.7289858, 3.7630181 ], [ 8.7331238, 3.7605071 ], [ 8.7459602, 3.759877 ], [ 8.7567244, 3.761308 ], [ 8.7624826, 3.755352 ], [ 8.7672968, 3.754915 ], [ 8.7769117, 3.75703 ], [ 8.7794304, 3.7575018 ], [ 8.783762, 3.7621231 ], [ 8.787199, 3.7623689 ], [ 8.7906513, 3.7591641 ], [ 8.800271, 3.760359 ], [ 8.806035, 3.753253 ], [ 8.8092442, 3.7530382 ], [ 8.816329, 3.7569819 ], [ 8.8433809, 3.7550349 ], [ 8.8561907, 3.7599239 ], [ 8.8676481, 3.760206 ], [ 8.8726711, 3.7641401 ], [ 8.8779516, 3.7623231 ], [ 8.8815947, 3.7671709 ] ] ] ] } }
]
}
